[0.104s] DEBUG:colcon:Command line arguments: ['/usr/bin/colcon', 'build']
[0.104s] DEBUG:colcon:Parsed command line arguments: Namespace(log_base=None, log_level=None, verb_name='build', build_base='build', install_base='install', merge_install=False, symlink_install=False, test_result_base=None, continue_on_error=False, executor='parallel', parallel_workers=12, event_handlers=None, ignore_user_meta=False, metas=['./colcon.meta'], base_paths=['.'], packages_ignore=None, packages_ignore_regex=None, paths=None, packages_up_to=None, packages_up_to_regex=None, packages_above=None, packages_above_and_dependencies=None, packages_above_depth=None, packages_select_by_dep=None, packages_skip_by_dep=None, packages_skip_up_to=None, packages_select_build_failed=False, packages_skip_build_finished=False, packages_select_test_failures=False, packages_skip_test_passed=False, packages_select=None, packages_skip=None, packages_select_regex=None, packages_skip_regex=None, packages_start=None, packages_end=None, allow_overriding=[], cmake_args=None, cmake_target=None, cmake_target_skip_unavailable=False, cmake_clean_cache=False, cmake_clean_first=False, cmake_force_configure=False, ament_cmake_args=None, catkin_cmake_args=None, catkin_skip_building_tests=False, mixin_files=None, mixin=None, verb_parser=<colcon_mixin.mixin.mixin_argument.MixinArgumentDecorator object at 0x7fdf1a3d70b0>, verb_extension=<colcon_core.verb.build.BuildVerb object at 0x7fdf1a4ff5c0>, main=<bound method BuildVerb.main of <colcon_core.verb.build.BuildVerb object at 0x7fdf1a4ff5c0>>, mixin_verb=('build',))
[0.135s] Level 1:colcon.colcon_core.package_discovery:discover_packages(colcon_meta) check parameters
[0.135s] Level 1:colcon.colcon_core.package_discovery:discover_packages(recursive) check parameters
[0.135s] Level 1:colcon.colcon_core.package_discovery:discover_packages(ignore) check parameters
[0.135s] Level 1:colcon.colcon_core.package_discovery:discover_packages(path) check parameters
[0.135s] Level 1:colcon.colcon_core.package_discovery:discover_packages(colcon_meta) discover
[0.135s] Level 1:colcon.colcon_core.package_discovery:discover_packages(recursive) discover
[0.135s] INFO:colcon.colcon_core.package_discovery:Crawling recursively for packages in '/home/mario/master_ws'
[0.135s] Level 1:colcon.colcon_core.package_identification:_identify(.) by extensions ['ignore', 'ignore_ament_install']
[0.135s] Level 1:colcon.colcon_core.package_identification:_identify(.) by extension 'ignore'
[0.135s] Level 1:colcon.colcon_core.package_identification:_identify(.) by extension 'ignore_ament_install'
[0.135s] Level 1:colcon.colcon_core.package_identification:_identify(.) by extensions ['colcon_pkg']
[0.135s] Level 1:colcon.colcon_core.package_identification:_identify(.) by extension 'colcon_pkg'
[0.135s] Level 1:colcon.colcon_core.package_identification:_identify(.) by extensions ['colcon_meta']
[0.135s] Level 1:colcon.colcon_core.package_identification:_identify(.) by extension 'colcon_meta'
[0.135s] Level 1:colcon.colcon_core.package_identification:_identify(.) by extensions ['ros']
[0.135s] Level 1:colcon.colcon_core.package_identification:_identify(.) by extension 'ros'
[0.155s] Level 1:colcon.colcon_core.package_identification:_identify(.) by extensions ['cmake', 'python']
[0.155s] Level 1:colcon.colcon_core.package_identification:_identify(.) by extension 'cmake'
[0.155s] Level 1:colcon.colcon_core.package_identification:_identify(.) by extension 'python'
[0.155s] Level 1:colcon.colcon_core.package_identification:_identify(.) by extensions ['python_setup_py']
[0.155s] Level 1:colcon.colcon_core.package_identification:_identify(.) by extension 'python_setup_py'
[0.155s] Level 1:colcon.colcon_core.package_identification:_identify(build) by extensions ['ignore', 'ignore_ament_install']
[0.155s] Level 1:colcon.colcon_core.package_identification:_identify(build) by extension 'ignore'
[0.155s] Level 1:colcon.colcon_core.package_identification:_identify(build) ignored
[0.155s] Level 1:colcon.colcon_core.package_identification:_identify(install) by extensions ['ignore', 'ignore_ament_install']
[0.156s] Level 1:colcon.colcon_core.package_identification:_identify(install) by extension 'ignore'
[0.156s] Level 1:colcon.colcon_core.package_identification:_identify(install) ignored
[0.156s] Level 1:colcon.colcon_core.package_identification:_identify(log) by extensions ['ignore', 'ignore_ament_install']
[0.156s] Level 1:colcon.colcon_core.package_identification:_identify(log) by extension 'ignore'
[0.156s] Level 1:colcon.colcon_core.package_identification:_identify(log) ignored
[0.156s] Level 1:colcon.colcon_core.package_identification:_identify(src) by extensions ['ignore', 'ignore_ament_install']
[0.156s] Level 1:colcon.colcon_core.package_identification:_identify(src) by extension 'ignore'
[0.156s] Level 1:colcon.colcon_core.package_identification:_identify(src) by extension 'ignore_ament_install'
[0.156s] Level 1:colcon.colcon_core.package_identification:_identify(src) by extensions ['colcon_pkg']
[0.156s] Level 1:colcon.colcon_core.package_identification:_identify(src) by extension 'colcon_pkg'
[0.156s] Level 1:colcon.colcon_core.package_identification:_identify(src) by extensions ['colcon_meta']
[0.156s] Level 1:colcon.colcon_core.package_identification:_identify(src) by extension 'colcon_meta'
[0.156s] Level 1:colcon.colcon_core.package_identification:_identify(src) by extensions ['ros']
[0.156s] Level 1:colcon.colcon_core.package_identification:_identify(src) by extension 'ros'
[0.156s] Level 1:colcon.colcon_core.package_identification:_identify(src) by extensions ['cmake', 'python']
[0.156s] Level 1:colcon.colcon_core.package_identification:_identify(src) by extension 'cmake'
[0.156s] Level 1:colcon.colcon_core.package_identification:_identify(src) by extension 'python'
[0.156s] Level 1:colcon.colcon_core.package_identification:_identify(src) by extensions ['python_setup_py']
[0.156s] Level 1:colcon.colcon_core.package_identification:_identify(src) by extension 'python_setup_py'
[0.156s] Level 1:colcon.colcon_core.package_identification:_identify(src/estun_control) by extensions ['ignore', 'ignore_ament_install']
[0.156s] Level 1:colcon.colcon_core.package_identification:_identify(src/estun_control) by extension 'ignore'
[0.156s] Level 1:colcon.colcon_core.package_identification:_identify(src/estun_control) by extension 'ignore_ament_install'
[0.157s] Level 1:colcon.colcon_core.package_identification:_identify(src/estun_control) by extensions ['colcon_pkg']
[0.157s] Level 1:colcon.colcon_core.package_identification:_identify(src/estun_control) by extension 'colcon_pkg'
[0.157s] Level 1:colcon.colcon_core.package_identification:_identify(src/estun_control) by extensions ['colcon_meta']
[0.157s] Level 1:colcon.colcon_core.package_identification:_identify(src/estun_control) by extension 'colcon_meta'
[0.157s] Level 1:colcon.colcon_core.package_identification:_identify(src/estun_control) by extensions ['ros']
[0.157s] Level 1:colcon.colcon_core.package_identification:_identify(src/estun_control) by extension 'ros'
[0.159s] DEBUG:colcon.colcon_core.package_identification:Package 'src/estun_control' with type 'ros.ament_cmake' and name 'estun_control'
[0.159s] Level 1:colcon.colcon_core.package_identification:_identify(src/estun_description) by extensions ['ignore', 'ignore_ament_install']
[0.159s] Level 1:colcon.colcon_core.package_identification:_identify(src/estun_description) by extension 'ignore'
[0.159s] Level 1:colcon.colcon_core.package_identification:_identify(src/estun_description) by extension 'ignore_ament_install'
[0.159s] Level 1:colcon.colcon_core.package_identification:_identify(src/estun_description) by extensions ['colcon_pkg']
[0.159s] Level 1:colcon.colcon_core.package_identification:_identify(src/estun_description) by extension 'colcon_pkg'
[0.159s] Level 1:colcon.colcon_core.package_identification:_identify(src/estun_description) by extensions ['colcon_meta']
[0.159s] Level 1:colcon.colcon_core.package_identification:_identify(src/estun_description) by extension 'colcon_meta'
[0.159s] Level 1:colcon.colcon_core.package_identification:_identify(src/estun_description) by extensions ['ros']
[0.159s] Level 1:colcon.colcon_core.package_identification:_identify(src/estun_description) by extension 'ros'
[0.160s] DEBUG:colcon.colcon_core.package_identification:Package 'src/estun_description' with type 'ros.ament_python' and name 'estun_description'
[0.160s] Level 1:colcon.colcon_core.package_identification:_identify(src/estun_moveit) by extensions ['ignore', 'ignore_ament_install']
[0.160s] Level 1:colcon.colcon_core.package_identification:_identify(src/estun_moveit) by extension 'ignore'
[0.160s] Level 1:colcon.colcon_core.package_identification:_identify(src/estun_moveit) by extension 'ignore_ament_install'
[0.160s] Level 1:colcon.colcon_core.package_identification:_identify(src/estun_moveit) by extensions ['colcon_pkg']
[0.160s] Level 1:colcon.colcon_core.package_identification:_identify(src/estun_moveit) by extension 'colcon_pkg'
[0.160s] Level 1:colcon.colcon_core.package_identification:_identify(src/estun_moveit) by extensions ['colcon_meta']
[0.160s] Level 1:colcon.colcon_core.package_identification:_identify(src/estun_moveit) by extension 'colcon_meta'
[0.160s] Level 1:colcon.colcon_core.package_identification:_identify(src/estun_moveit) by extensions ['ros']
[0.160s] Level 1:colcon.colcon_core.package_identification:_identify(src/estun_moveit) by extension 'ros'
[0.161s] DEBUG:colcon.colcon_core.package_identification:Package 'src/estun_moveit' with type 'ros.ament_cmake' and name 'estun_moveit'
[0.161s] Level 1:colcon.colcon_core.package_identification:_identify(src/moveit_task_constructor) by extensions ['ignore', 'ignore_ament_install']
[0.161s] Level 1:colcon.colcon_core.package_identification:_identify(src/moveit_task_constructor) by extension 'ignore'
[0.161s] Level 1:colcon.colcon_core.package_identification:_identify(src/moveit_task_constructor) by extension 'ignore_ament_install'
[0.161s] Level 1:colcon.colcon_core.package_identification:_identify(src/moveit_task_constructor) by extensions ['colcon_pkg']
[0.161s] Level 1:colcon.colcon_core.package_identification:_identify(src/moveit_task_constructor) by extension 'colcon_pkg'
[0.161s] Level 1:colcon.colcon_core.package_identification:_identify(src/moveit_task_constructor) by extensions ['colcon_meta']
[0.161s] Level 1:colcon.colcon_core.package_identification:_identify(src/moveit_task_constructor) by extension 'colcon_meta'
[0.161s] Level 1:colcon.colcon_core.package_identification:_identify(src/moveit_task_constructor) by extensions ['ros']
[0.161s] Level 1:colcon.colcon_core.package_identification:_identify(src/moveit_task_constructor) by extension 'ros'
[0.161s] Level 1:colcon.colcon_core.package_identification:_identify(src/moveit_task_constructor) by extensions ['cmake', 'python']
[0.161s] Level 1:colcon.colcon_core.package_identification:_identify(src/moveit_task_constructor) by extension 'cmake'
[0.161s] Level 1:colcon.colcon_core.package_identification:_identify(src/moveit_task_constructor) by extension 'python'
[0.161s] Level 1:colcon.colcon_core.package_identification:_identify(src/moveit_task_constructor) by extensions ['python_setup_py']
[0.161s] Level 1:colcon.colcon_core.package_identification:_identify(src/moveit_task_constructor) by extension 'python_setup_py'
[0.161s] Level 1:colcon.colcon_core.package_identification:_identify(src/moveit_task_constructor/capabilities) by extensions ['ignore', 'ignore_ament_install']
[0.161s] Level 1:colcon.colcon_core.package_identification:_identify(src/moveit_task_constructor/capabilities) by extension 'ignore'
[0.161s] Level 1:colcon.colcon_core.package_identification:_identify(src/moveit_task_constructor/capabilities) by extension 'ignore_ament_install'
[0.161s] Level 1:colcon.colcon_core.package_identification:_identify(src/moveit_task_constructor/capabilities) by extensions ['colcon_pkg']
[0.161s] Level 1:colcon.colcon_core.package_identification:_identify(src/moveit_task_constructor/capabilities) by extension 'colcon_pkg'
[0.161s] Level 1:colcon.colcon_core.package_identification:_identify(src/moveit_task_constructor/capabilities) by extensions ['colcon_meta']
[0.161s] Level 1:colcon.colcon_core.package_identification:_identify(src/moveit_task_constructor/capabilities) by extension 'colcon_meta'
[0.161s] Level 1:colcon.colcon_core.package_identification:_identify(src/moveit_task_constructor/capabilities) by extensions ['ros']
[0.161s] Level 1:colcon.colcon_core.package_identification:_identify(src/moveit_task_constructor/capabilities) by extension 'ros'
[0.162s] DEBUG:colcon.colcon_core.package_identification:Package 'src/moveit_task_constructor/capabilities' with type 'ros.ament_cmake' and name 'moveit_task_constructor_capabilities'
[0.162s] Level 1:colcon.colcon_core.package_identification:_identify(src/moveit_task_constructor/core) by extensions ['ignore', 'ignore_ament_install']
[0.162s] Level 1:colcon.colcon_core.package_identification:_identify(src/moveit_task_constructor/core) by extension 'ignore'
[0.162s] Level 1:colcon.colcon_core.package_identification:_identify(src/moveit_task_constructor/core) by extension 'ignore_ament_install'
[0.162s] Level 1:colcon.colcon_core.package_identification:_identify(src/moveit_task_constructor/core) by extensions ['colcon_pkg']
[0.162s] Level 1:colcon.colcon_core.package_identification:_identify(src/moveit_task_constructor/core) by extension 'colcon_pkg'
[0.162s] Level 1:colcon.colcon_core.package_identification:_identify(src/moveit_task_constructor/core) by extensions ['colcon_meta']
[0.162s] Level 1:colcon.colcon_core.package_identification:_identify(src/moveit_task_constructor/core) by extension 'colcon_meta'
[0.163s] Level 1:colcon.colcon_core.package_identification:_identify(src/moveit_task_constructor/core) by extensions ['ros']
[0.163s] Level 1:colcon.colcon_core.package_identification:_identify(src/moveit_task_constructor/core) by extension 'ros'
[0.163s] DEBUG:colcon.colcon_core.package_identification:Package 'src/moveit_task_constructor/core' with type 'ros.ament_cmake' and name 'moveit_task_constructor_core'
[0.163s] Level 1:colcon.colcon_core.package_identification:_identify(src/moveit_task_constructor/demo) by extensions ['ignore', 'ignore_ament_install']
[0.164s] Level 1:colcon.colcon_core.package_identification:_identify(src/moveit_task_constructor/demo) by extension 'ignore'
[0.164s] Level 1:colcon.colcon_core.package_identification:_identify(src/moveit_task_constructor/demo) by extension 'ignore_ament_install'
[0.164s] Level 1:colcon.colcon_core.package_identification:_identify(src/moveit_task_constructor/demo) by extensions ['colcon_pkg']
[0.164s] Level 1:colcon.colcon_core.package_identification:_identify(src/moveit_task_constructor/demo) by extension 'colcon_pkg'
[0.164s] Level 1:colcon.colcon_core.package_identification:_identify(src/moveit_task_constructor/demo) by extensions ['colcon_meta']
[0.164s] Level 1:colcon.colcon_core.package_identification:_identify(src/moveit_task_constructor/demo) by extension 'colcon_meta'
[0.164s] Level 1:colcon.colcon_core.package_identification:_identify(src/moveit_task_constructor/demo) by extensions ['ros']
[0.164s] Level 1:colcon.colcon_core.package_identification:_identify(src/moveit_task_constructor/demo) by extension 'ros'
[0.164s] DEBUG:colcon.colcon_core.package_identification:Package 'src/moveit_task_constructor/demo' with type 'ros.ament_cmake' and name 'moveit_task_constructor_demo'
[0.164s] Level 1:colcon.colcon_core.package_identification:_identify(src/moveit_task_constructor/msgs) by extensions ['ignore', 'ignore_ament_install']
[0.164s] Level 1:colcon.colcon_core.package_identification:_identify(src/moveit_task_constructor/msgs) by extension 'ignore'
[0.164s] Level 1:colcon.colcon_core.package_identification:_identify(src/moveit_task_constructor/msgs) by extension 'ignore_ament_install'
[0.165s] Level 1:colcon.colcon_core.package_identification:_identify(src/moveit_task_constructor/msgs) by extensions ['colcon_pkg']
[0.165s] Level 1:colcon.colcon_core.package_identification:_identify(src/moveit_task_constructor/msgs) by extension 'colcon_pkg'
[0.165s] Level 1:colcon.colcon_core.package_identification:_identify(src/moveit_task_constructor/msgs) by extensions ['colcon_meta']
[0.165s] Level 1:colcon.colcon_core.package_identification:_identify(src/moveit_task_constructor/msgs) by extension 'colcon_meta'
[0.165s] Level 1:colcon.colcon_core.package_identification:_identify(src/moveit_task_constructor/msgs) by extensions ['ros']
[0.165s] Level 1:colcon.colcon_core.package_identification:_identify(src/moveit_task_constructor/msgs) by extension 'ros'
[0.165s] DEBUG:colcon.colcon_core.package_identification:Package 'src/moveit_task_constructor/msgs' with type 'ros.ament_cmake' and name 'moveit_task_constructor_msgs'
[0.165s] Level 1:colcon.colcon_core.package_identification:_identify(src/moveit_task_constructor/rviz_marker_tools) by extensions ['ignore', 'ignore_ament_install']
[0.165s] Level 1:colcon.colcon_core.package_identification:_identify(src/moveit_task_constructor/rviz_marker_tools) by extension 'ignore'
[0.165s] Level 1:colcon.colcon_core.package_identification:_identify(src/moveit_task_constructor/rviz_marker_tools) by extension 'ignore_ament_install'
[0.165s] Level 1:colcon.colcon_core.package_identification:_identify(src/moveit_task_constructor/rviz_marker_tools) by extensions ['colcon_pkg']
[0.165s] Level 1:colcon.colcon_core.package_identification:_identify(src/moveit_task_constructor/rviz_marker_tools) by extension 'colcon_pkg'
[0.165s] Level 1:colcon.colcon_core.package_identification:_identify(src/moveit_task_constructor/rviz_marker_tools) by extensions ['colcon_meta']
[0.165s] Level 1:colcon.colcon_core.package_identification:_identify(src/moveit_task_constructor/rviz_marker_tools) by extension 'colcon_meta'
[0.165s] Level 1:colcon.colcon_core.package_identification:_identify(src/moveit_task_constructor/rviz_marker_tools) by extensions ['ros']
[0.165s] Level 1:colcon.colcon_core.package_identification:_identify(src/moveit_task_constructor/rviz_marker_tools) by extension 'ros'
[0.166s] DEBUG:colcon.colcon_core.package_identification:Package 'src/moveit_task_constructor/rviz_marker_tools' with type 'ros.ament_cmake' and name 'rviz_marker_tools'
[0.166s] Level 1:colcon.colcon_core.package_identification:_identify(src/moveit_task_constructor/visualization) by extensions ['ignore', 'ignore_ament_install']
[0.166s] Level 1:colcon.colcon_core.package_identification:_identify(src/moveit_task_constructor/visualization) by extension 'ignore'
[0.166s] Level 1:colcon.colcon_core.package_identification:_identify(src/moveit_task_constructor/visualization) by extension 'ignore_ament_install'
[0.166s] Level 1:colcon.colcon_core.package_identification:_identify(src/moveit_task_constructor/visualization) by extensions ['colcon_pkg']
[0.166s] Level 1:colcon.colcon_core.package_identification:_identify(src/moveit_task_constructor/visualization) by extension 'colcon_pkg'
[0.166s] Level 1:colcon.colcon_core.package_identification:_identify(src/moveit_task_constructor/visualization) by extensions ['colcon_meta']
[0.166s] Level 1:colcon.colcon_core.package_identification:_identify(src/moveit_task_constructor/visualization) by extension 'colcon_meta'
[0.166s] Level 1:colcon.colcon_core.package_identification:_identify(src/moveit_task_constructor/visualization) by extensions ['ros']
[0.166s] Level 1:colcon.colcon_core.package_identification:_identify(src/moveit_task_constructor/visualization) by extension 'ros'
[0.167s] DEBUG:colcon.colcon_core.package_identification:Package 'src/moveit_task_constructor/visualization' with type 'ros.ament_cmake' and name 'moveit_task_constructor_visualization'
[0.167s] Level 1:colcon.colcon_core.package_identification:_identify(src/vision_control) by extensions ['ignore', 'ignore_ament_install']
[0.167s] Level 1:colcon.colcon_core.package_identification:_identify(src/vision_control) by extension 'ignore'
[0.167s] Level 1:colcon.colcon_core.package_identification:_identify(src/vision_control) by extension 'ignore_ament_install'
[0.167s] Level 1:colcon.colcon_core.package_identification:_identify(src/vision_control) by extensions ['colcon_pkg']
[0.167s] Level 1:colcon.colcon_core.package_identification:_identify(src/vision_control) by extension 'colcon_pkg'
[0.167s] Level 1:colcon.colcon_core.package_identification:_identify(src/vision_control) by extensions ['colcon_meta']
[0.167s] Level 1:colcon.colcon_core.package_identification:_identify(src/vision_control) by extension 'colcon_meta'
[0.167s] Level 1:colcon.colcon_core.package_identification:_identify(src/vision_control) by extensions ['ros']
[0.167s] Level 1:colcon.colcon_core.package_identification:_identify(src/vision_control) by extension 'ros'
[0.168s] DEBUG:colcon.colcon_core.package_identification:Package 'src/vision_control' with type 'ros.ament_cmake' and name 'vision_control'
[0.168s] Level 1:colcon.colcon_core.package_discovery:discover_packages(recursive) using defaults
[0.168s] Level 1:colcon.colcon_core.package_discovery:discover_packages(ignore) discover
[0.168s] Level 1:colcon.colcon_core.package_discovery:discover_packages(ignore) using defaults
[0.168s] Level 1:colcon.colcon_core.package_discovery:discover_packages(path) discover
[0.168s] Level 1:colcon.colcon_core.package_discovery:discover_packages(path) using defaults
[0.185s] Level 1:colcon.colcon_core.package_discovery:discover_packages(prefix_path) check parameters
[0.185s] Level 1:colcon.colcon_core.package_discovery:discover_packages(prefix_path) discover
[0.187s] DEBUG:colcon.colcon_installed_package_information.package_discovery:Found 10 installed packages in /home/mario/master_ws/install
[0.189s] DEBUG:colcon.colcon_installed_package_information.package_discovery:Found 542 installed packages in /opt/ros/jazzy
[0.191s] Level 1:colcon.colcon_core.package_discovery:discover_packages(prefix_path) using defaults
[0.260s] Level 5:colcon.colcon_core.verb:set package 'estun_description' build argument 'cmake_args' from command line to 'None'
[0.260s] Level 5:colcon.colcon_core.verb:set package 'estun_description' build argument 'cmake_target' from command line to 'None'
[0.260s] Level 5:colcon.colcon_core.verb:set package 'estun_description' build argument 'cmake_target_skip_unavailable' from command line to 'False'
[0.260s] Level 5:colcon.colcon_core.verb:set package 'estun_description' build argument 'cmake_clean_cache' from command line to 'False'
[0.260s] Level 5:colcon.colcon_core.verb:set package 'estun_description' build argument 'cmake_clean_first' from command line to 'False'
[0.260s] Level 5:colcon.colcon_core.verb:set package 'estun_description' build argument 'cmake_force_configure' from command line to 'False'
[0.260s] Level 5:colcon.colcon_core.verb:set package 'estun_description' build argument 'ament_cmake_args' from command line to 'None'
[0.260s] Level 5:colcon.colcon_core.verb:set package 'estun_description' build argument 'catkin_cmake_args' from command line to 'None'
[0.260s] Level 5:colcon.colcon_core.verb:set package 'estun_description' build argument 'catkin_skip_building_tests' from command line to 'False'
[0.260s] DEBUG:colcon.colcon_core.verb:Building package 'estun_description' with the following arguments: {'ament_cmake_args': None, 'build_base': '/home/mario/master_ws/build/estun_description', 'catkin_cmake_args': None, 'catkin_skip_building_tests': False, 'cmake_args': None, 'cmake_clean_cache': False, 'cmake_clean_first': False, 'cmake_force_configure': False, 'cmake_target': None, 'cmake_target_skip_unavailable': False, 'install_base': '/home/mario/master_ws/install/estun_description', 'merge_install': False, 'path': '/home/mario/master_ws/src/estun_description', 'symlink_install': False, 'test_result_base': None}
[0.261s] Level 5:colcon.colcon_core.verb:set package 'moveit_task_constructor_msgs' build argument 'cmake_args' from command line to 'None'
[0.261s] Level 5:colcon.colcon_core.verb:set package 'moveit_task_constructor_msgs' build argument 'cmake_target' from command line to 'None'
[0.261s] Level 5:colcon.colcon_core.verb:set package 'moveit_task_constructor_msgs' build argument 'cmake_target_skip_unavailable' from command line to 'False'
[0.261s] Level 5:colcon.colcon_core.verb:set package 'moveit_task_constructor_msgs' build argument 'cmake_clean_cache' from command line to 'False'
[0.261s] Level 5:colcon.colcon_core.verb:set package 'moveit_task_constructor_msgs' build argument 'cmake_clean_first' from command line to 'False'
[0.261s] Level 5:colcon.colcon_core.verb:set package 'moveit_task_constructor_msgs' build argument 'cmake_force_configure' from command line to 'False'
[0.261s] Level 5:colcon.colcon_core.verb:set package 'moveit_task_constructor_msgs' build argument 'ament_cmake_args' from command line to 'None'
[0.261s] Level 5:colcon.colcon_core.verb:set package 'moveit_task_constructor_msgs' build argument 'catkin_cmake_args' from command line to 'None'
[0.261s] Level 5:colcon.colcon_core.verb:set package 'moveit_task_constructor_msgs' build argument 'catkin_skip_building_tests' from command line to 'False'
[0.261s] DEBUG:colcon.colcon_core.verb:Building package 'moveit_task_constructor_msgs' with the following arguments: {'ament_cmake_args': None, 'build_base': '/home/mario/master_ws/build/moveit_task_constructor_msgs', 'catkin_cmake_args': None, 'catkin_skip_building_tests': False, 'cmake_args': None, 'cmake_clean_cache': False, 'cmake_clean_first': False, 'cmake_force_configure': False, 'cmake_target': None, 'cmake_target_skip_unavailable': False, 'install_base': '/home/mario/master_ws/install/moveit_task_constructor_msgs', 'merge_install': False, 'path': '/home/mario/master_ws/src/moveit_task_constructor/msgs', 'symlink_install': False, 'test_result_base': None}
[0.261s] Level 5:colcon.colcon_core.verb:set package 'rviz_marker_tools' build argument 'cmake_args' from command line to 'None'
[0.261s] Level 5:colcon.colcon_core.verb:set package 'rviz_marker_tools' build argument 'cmake_target' from command line to 'None'
[0.261s] Level 5:colcon.colcon_core.verb:set package 'rviz_marker_tools' build argument 'cmake_target_skip_unavailable' from command line to 'False'
[0.261s] Level 5:colcon.colcon_core.verb:set package 'rviz_marker_tools' build argument 'cmake_clean_cache' from command line to 'False'
[0.261s] Level 5:colcon.colcon_core.verb:set package 'rviz_marker_tools' build argument 'cmake_clean_first' from command line to 'False'
[0.261s] Level 5:colcon.colcon_core.verb:set package 'rviz_marker_tools' build argument 'cmake_force_configure' from command line to 'False'
[0.261s] Level 5:colcon.colcon_core.verb:set package 'rviz_marker_tools' build argument 'ament_cmake_args' from command line to 'None'
[0.261s] Level 5:colcon.colcon_core.verb:set package 'rviz_marker_tools' build argument 'catkin_cmake_args' from command line to 'None'
[0.261s] Level 5:colcon.colcon_core.verb:set package 'rviz_marker_tools' build argument 'catkin_skip_building_tests' from command line to 'False'
[0.261s] DEBUG:colcon.colcon_core.verb:Building package 'rviz_marker_tools' with the following arguments: {'ament_cmake_args': None, 'build_base': '/home/mario/master_ws/build/rviz_marker_tools', 'catkin_cmake_args': None, 'catkin_skip_building_tests': False, 'cmake_args': None, 'cmake_clean_cache': False, 'cmake_clean_first': False, 'cmake_force_configure': False, 'cmake_target': None, 'cmake_target_skip_unavailable': False, 'install_base': '/home/mario/master_ws/install/rviz_marker_tools', 'merge_install': False, 'path': '/home/mario/master_ws/src/moveit_task_constructor/rviz_marker_tools', 'symlink_install': False, 'test_result_base': None}
[0.261s] Level 5:colcon.colcon_core.verb:set package 'vision_control' build argument 'cmake_args' from command line to 'None'
[0.261s] Level 5:colcon.colcon_core.verb:set package 'vision_control' build argument 'cmake_target' from command line to 'None'
[0.261s] Level 5:colcon.colcon_core.verb:set package 'vision_control' build argument 'cmake_target_skip_unavailable' from command line to 'False'
[0.261s] Level 5:colcon.colcon_core.verb:set package 'vision_control' build argument 'cmake_clean_cache' from command line to 'False'
[0.261s] Level 5:colcon.colcon_core.verb:set package 'vision_control' build argument 'cmake_clean_first' from command line to 'False'
[0.261s] Level 5:colcon.colcon_core.verb:set package 'vision_control' build argument 'cmake_force_configure' from command line to 'False'
[0.261s] Level 5:colcon.colcon_core.verb:set package 'vision_control' build argument 'ament_cmake_args' from command line to 'None'
[0.261s] Level 5:colcon.colcon_core.verb:set package 'vision_control' build argument 'catkin_cmake_args' from command line to 'None'
[0.261s] Level 5:colcon.colcon_core.verb:set package 'vision_control' build argument 'catkin_skip_building_tests' from command line to 'False'
[0.261s] DEBUG:colcon.colcon_core.verb:Building package 'vision_control' with the following arguments: {'ament_cmake_args': None, 'build_base': '/home/mario/master_ws/build/vision_control', 'catkin_cmake_args': None, 'catkin_skip_building_tests': False, 'cmake_args': None, 'cmake_clean_cache': False, 'cmake_clean_first': False, 'cmake_force_configure': False, 'cmake_target': None, 'cmake_target_skip_unavailable': False, 'install_base': '/home/mario/master_ws/install/vision_control', 'merge_install': False, 'path': '/home/mario/master_ws/src/vision_control', 'symlink_install': False, 'test_result_base': None}
[0.262s] Level 5:colcon.colcon_core.verb:set package 'estun_moveit' build argument 'cmake_args' from command line to 'None'
[0.262s] Level 5:colcon.colcon_core.verb:set package 'estun_moveit' build argument 'cmake_target' from command line to 'None'
[0.262s] Level 5:colcon.colcon_core.verb:set package 'estun_moveit' build argument 'cmake_target_skip_unavailable' from command line to 'False'
[0.262s] Level 5:colcon.colcon_core.verb:set package 'estun_moveit' build argument 'cmake_clean_cache' from command line to 'False'
[0.262s] Level 5:colcon.colcon_core.verb:set package 'estun_moveit' build argument 'cmake_clean_first' from command line to 'False'
[0.262s] Level 5:colcon.colcon_core.verb:set package 'estun_moveit' build argument 'cmake_force_configure' from command line to 'False'
[0.262s] Level 5:colcon.colcon_core.verb:set package 'estun_moveit' build argument 'ament_cmake_args' from command line to 'None'
[0.262s] Level 5:colcon.colcon_core.verb:set package 'estun_moveit' build argument 'catkin_cmake_args' from command line to 'None'
[0.262s] Level 5:colcon.colcon_core.verb:set package 'estun_moveit' build argument 'catkin_skip_building_tests' from command line to 'False'
[0.262s] DEBUG:colcon.colcon_core.verb:Building package 'estun_moveit' with the following arguments: {'ament_cmake_args': None, 'build_base': '/home/mario/master_ws/build/estun_moveit', 'catkin_cmake_args': None, 'catkin_skip_building_tests': False, 'cmake_args': None, 'cmake_clean_cache': False, 'cmake_clean_first': False, 'cmake_force_configure': False, 'cmake_target': None, 'cmake_target_skip_unavailable': False, 'install_base': '/home/mario/master_ws/install/estun_moveit', 'merge_install': False, 'path': '/home/mario/master_ws/src/estun_moveit', 'symlink_install': False, 'test_result_base': None}
[0.262s] Level 5:colcon.colcon_core.verb:set package 'moveit_task_constructor_core' build argument 'cmake_args' from command line to 'None'
[0.262s] Level 5:colcon.colcon_core.verb:set package 'moveit_task_constructor_core' build argument 'cmake_target' from command line to 'None'
[0.262s] Level 5:colcon.colcon_core.verb:set package 'moveit_task_constructor_core' build argument 'cmake_target_skip_unavailable' from command line to 'False'
[0.262s] Level 5:colcon.colcon_core.verb:set package 'moveit_task_constructor_core' build argument 'cmake_clean_cache' from command line to 'False'
[0.262s] Level 5:colcon.colcon_core.verb:set package 'moveit_task_constructor_core' build argument 'cmake_clean_first' from command line to 'False'
[0.262s] Level 5:colcon.colcon_core.verb:set package 'moveit_task_constructor_core' build argument 'cmake_force_configure' from command line to 'False'
[0.262s] Level 5:colcon.colcon_core.verb:set package 'moveit_task_constructor_core' build argument 'ament_cmake_args' from command line to 'None'
[0.262s] Level 5:colcon.colcon_core.verb:set package 'moveit_task_constructor_core' build argument 'catkin_cmake_args' from command line to 'None'
[0.262s] Level 5:colcon.colcon_core.verb:set package 'moveit_task_constructor_core' build argument 'catkin_skip_building_tests' from command line to 'False'
[0.262s] DEBUG:colcon.colcon_core.verb:Building package 'moveit_task_constructor_core' with the following arguments: {'ament_cmake_args': None, 'build_base': '/home/mario/master_ws/build/moveit_task_constructor_core', 'catkin_cmake_args': None, 'catkin_skip_building_tests': False, 'cmake_args': None, 'cmake_clean_cache': False, 'cmake_clean_first': False, 'cmake_force_configure': False, 'cmake_target': None, 'cmake_target_skip_unavailable': False, 'install_base': '/home/mario/master_ws/install/moveit_task_constructor_core', 'merge_install': False, 'path': '/home/mario/master_ws/src/moveit_task_constructor/core', 'symlink_install': False, 'test_result_base': None}
[0.262s] Level 5:colcon.colcon_core.verb:set package 'estun_control' build argument 'cmake_args' from command line to 'None'
[0.262s] Level 5:colcon.colcon_core.verb:set package 'estun_control' build argument 'cmake_target' from command line to 'None'
[0.262s] Level 5:colcon.colcon_core.verb:set package 'estun_control' build argument 'cmake_target_skip_unavailable' from command line to 'False'
[0.262s] Level 5:colcon.colcon_core.verb:set package 'estun_control' build argument 'cmake_clean_cache' from command line to 'False'
[0.262s] Level 5:colcon.colcon_core.verb:set package 'estun_control' build argument 'cmake_clean_first' from command line to 'False'
[0.262s] Level 5:colcon.colcon_core.verb:set package 'estun_control' build argument 'cmake_force_configure' from command line to 'False'
[0.262s] Level 5:colcon.colcon_core.verb:set package 'estun_control' build argument 'ament_cmake_args' from command line to 'None'
[0.262s] Level 5:colcon.colcon_core.verb:set package 'estun_control' build argument 'catkin_cmake_args' from command line to 'None'
[0.263s] Level 5:colcon.colcon_core.verb:set package 'estun_control' build argument 'catkin_skip_building_tests' from command line to 'False'
[0.263s] DEBUG:colcon.colcon_core.verb:Building package 'estun_control' with the following arguments: {'ament_cmake_args': None, 'build_base': '/home/mario/master_ws/build/estun_control', 'catkin_cmake_args': None, 'catkin_skip_building_tests': False, 'cmake_args': None, 'cmake_clean_cache': False, 'cmake_clean_first': False, 'cmake_force_configure': False, 'cmake_target': None, 'cmake_target_skip_unavailable': False, 'install_base': '/home/mario/master_ws/install/estun_control', 'merge_install': False, 'path': '/home/mario/master_ws/src/estun_control', 'symlink_install': False, 'test_result_base': None}
[0.263s] Level 5:colcon.colcon_core.verb:set package 'moveit_task_constructor_capabilities' build argument 'cmake_args' from command line to 'None'
[0.263s] Level 5:colcon.colcon_core.verb:set package 'moveit_task_constructor_capabilities' build argument 'cmake_target' from command line to 'None'
[0.263s] Level 5:colcon.colcon_core.verb:set package 'moveit_task_constructor_capabilities' build argument 'cmake_target_skip_unavailable' from command line to 'False'
[0.263s] Level 5:colcon.colcon_core.verb:set package 'moveit_task_constructor_capabilities' build argument 'cmake_clean_cache' from command line to 'False'
[0.263s] Level 5:colcon.colcon_core.verb:set package 'moveit_task_constructor_capabilities' build argument 'cmake_clean_first' from command line to 'False'
[0.263s] Level 5:colcon.colcon_core.verb:set package 'moveit_task_constructor_capabilities' build argument 'cmake_force_configure' from command line to 'False'
[0.263s] Level 5:colcon.colcon_core.verb:set package 'moveit_task_constructor_capabilities' build argument 'ament_cmake_args' from command line to 'None'
[0.263s] Level 5:colcon.colcon_core.verb:set package 'moveit_task_constructor_capabilities' build argument 'catkin_cmake_args' from command line to 'None'
[0.263s] Level 5:colcon.colcon_core.verb:set package 'moveit_task_constructor_capabilities' build argument 'catkin_skip_building_tests' from command line to 'False'
[0.263s] DEBUG:colcon.colcon_core.verb:Building package 'moveit_task_constructor_capabilities' with the following arguments: {'ament_cmake_args': None, 'build_base': '/home/mario/master_ws/build/moveit_task_constructor_capabilities', 'catkin_cmake_args': None, 'catkin_skip_building_tests': False, 'cmake_args': None, 'cmake_clean_cache': False, 'cmake_clean_first': False, 'cmake_force_configure': False, 'cmake_target': None, 'cmake_target_skip_unavailable': False, 'install_base': '/home/mario/master_ws/install/moveit_task_constructor_capabilities', 'merge_install': False, 'path': '/home/mario/master_ws/src/moveit_task_constructor/capabilities', 'symlink_install': False, 'test_result_base': None}
[0.263s] Level 5:colcon.colcon_core.verb:set package 'moveit_task_constructor_visualization' build argument 'cmake_args' from command line to 'None'
[0.263s] Level 5:colcon.colcon_core.verb:set package 'moveit_task_constructor_visualization' build argument 'cmake_target' from command line to 'None'
[0.263s] Level 5:colcon.colcon_core.verb:set package 'moveit_task_constructor_visualization' build argument 'cmake_target_skip_unavailable' from command line to 'False'
[0.263s] Level 5:colcon.colcon_core.verb:set package 'moveit_task_constructor_visualization' build argument 'cmake_clean_cache' from command line to 'False'
[0.263s] Level 5:colcon.colcon_core.verb:set package 'moveit_task_constructor_visualization' build argument 'cmake_clean_first' from command line to 'False'
[0.263s] Level 5:colcon.colcon_core.verb:set package 'moveit_task_constructor_visualization' build argument 'cmake_force_configure' from command line to 'False'
[0.263s] Level 5:colcon.colcon_core.verb:set package 'moveit_task_constructor_visualization' build argument 'ament_cmake_args' from command line to 'None'
[0.263s] Level 5:colcon.colcon_core.verb:set package 'moveit_task_constructor_visualization' build argument 'catkin_cmake_args' from command line to 'None'
[0.263s] Level 5:colcon.colcon_core.verb:set package 'moveit_task_constructor_visualization' build argument 'catkin_skip_building_tests' from command line to 'False'
[0.263s] DEBUG:colcon.colcon_core.verb:Building package 'moveit_task_constructor_visualization' with the following arguments: {'ament_cmake_args': None, 'build_base': '/home/mario/master_ws/build/moveit_task_constructor_visualization', 'catkin_cmake_args': None, 'catkin_skip_building_tests': False, 'cmake_args': None, 'cmake_clean_cache': False, 'cmake_clean_first': False, 'cmake_force_configure': False, 'cmake_target': None, 'cmake_target_skip_unavailable': False, 'install_base': '/home/mario/master_ws/install/moveit_task_constructor_visualization', 'merge_install': False, 'path': '/home/mario/master_ws/src/moveit_task_constructor/visualization', 'symlink_install': False, 'test_result_base': None}
[0.264s] Level 5:colcon.colcon_core.verb:set package 'moveit_task_constructor_demo' build argument 'cmake_args' from command line to 'None'
[0.264s] Level 5:colcon.colcon_core.verb:set package 'moveit_task_constructor_demo' build argument 'cmake_target' from command line to 'None'
[0.264s] Level 5:colcon.colcon_core.verb:set package 'moveit_task_constructor_demo' build argument 'cmake_target_skip_unavailable' from command line to 'False'
[0.264s] Level 5:colcon.colcon_core.verb:set package 'moveit_task_constructor_demo' build argument 'cmake_clean_cache' from command line to 'False'
[0.264s] Level 5:colcon.colcon_core.verb:set package 'moveit_task_constructor_demo' build argument 'cmake_clean_first' from command line to 'False'
[0.264s] Level 5:colcon.colcon_core.verb:set package 'moveit_task_constructor_demo' build argument 'cmake_force_configure' from command line to 'False'
[0.264s] Level 5:colcon.colcon_core.verb:set package 'moveit_task_constructor_demo' build argument 'ament_cmake_args' from command line to 'None'
[0.264s] Level 5:colcon.colcon_core.verb:set package 'moveit_task_constructor_demo' build argument 'catkin_cmake_args' from command line to 'None'
[0.264s] Level 5:colcon.colcon_core.verb:set package 'moveit_task_constructor_demo' build argument 'catkin_skip_building_tests' from command line to 'False'
[0.264s] DEBUG:colcon.colcon_core.verb:Building package 'moveit_task_constructor_demo' with the following arguments: {'ament_cmake_args': None, 'build_base': '/home/mario/master_ws/build/moveit_task_constructor_demo', 'catkin_cmake_args': None, 'catkin_skip_building_tests': False, 'cmake_args': None, 'cmake_clean_cache': False, 'cmake_clean_first': False, 'cmake_force_configure': False, 'cmake_target': None, 'cmake_target_skip_unavailable': False, 'install_base': '/home/mario/master_ws/install/moveit_task_constructor_demo', 'merge_install': False, 'path': '/home/mario/master_ws/src/moveit_task_constructor/demo', 'symlink_install': False, 'test_result_base': None}
[0.264s] INFO:colcon.colcon_core.executor:Executing jobs using 'parallel' executor
[0.265s] DEBUG:colcon.colcon_parallel_executor.executor.parallel:run_until_complete
[0.265s] INFO:colcon.colcon_ros.task.ament_cmake.build:Building ROS package in '/home/mario/master_ws/src/moveit_task_constructor/msgs' with build type 'ament_cmake'
[0.265s] INFO:colcon.colcon_cmake.task.cmake.build:Building CMake package in '/home/mario/master_ws/src/moveit_task_constructor/msgs'
[0.267s] INFO:colcon.colcon_core.plugin_system:Skipping extension 'colcon_core.shell.bat': Not used on non-Windows systems
[0.267s] INFO:colcon.colcon_core.shell:Skip shell extension 'powershell' for command environment: Not usable outside of PowerShell
[0.267s] DEBUG:colcon.colcon_core.shell:Skip shell extension 'dsv' for command environment
[0.271s] INFO:colcon.colcon_ros.task.ament_cmake.build:Building ROS package in '/home/mario/master_ws/src/moveit_task_constructor/rviz_marker_tools' with build type 'ament_cmake'
[0.271s] INFO:colcon.colcon_cmake.task.cmake.build:Building CMake package in '/home/mario/master_ws/src/moveit_task_constructor/rviz_marker_tools'
[0.272s] INFO:colcon.colcon_core.shell:Skip shell extension 'powershell' for command environment: Not usable outside of PowerShell
[0.272s] DEBUG:colcon.colcon_core.shell:Skip shell extension 'dsv' for command environment
[0.275s] INFO:colcon.colcon_ros.task.ament_python.build:Building ROS package in '/home/mario/master_ws/src/estun_description' with build type 'ament_python'
[0.276s] Level 1:colcon.colcon_core.shell:create_environment_hook('estun_description', 'ament_prefix_path')
[0.276s] INFO:colcon.colcon_core.shell:Creating environment hook '/home/mario/master_ws/install/estun_description/share/estun_description/hook/ament_prefix_path.ps1'
[0.276s] INFO:colcon.colcon_core.shell:Creating environment descriptor '/home/mario/master_ws/install/estun_description/share/estun_description/hook/ament_prefix_path.dsv'
[0.276s] INFO:colcon.colcon_core.shell:Creating environment hook '/home/mario/master_ws/install/estun_description/share/estun_description/hook/ament_prefix_path.sh'
[0.277s] INFO:colcon.colcon_core.shell:Skip shell extension 'powershell' for command environment: Not usable outside of PowerShell
[0.277s] DEBUG:colcon.colcon_core.shell:Skip shell extension 'dsv' for command environment
[0.280s] INFO:colcon.colcon_ros.task.ament_cmake.build:Building ROS package in '/home/mario/master_ws/src/vision_control' with build type 'ament_cmake'
[0.281s] INFO:colcon.colcon_cmake.task.cmake.build:Building CMake package in '/home/mario/master_ws/src/vision_control'
[0.281s] INFO:colcon.colcon_core.shell:Skip shell extension 'powershell' for command environment: Not usable outside of PowerShell
[0.281s] DEBUG:colcon.colcon_core.shell:Skip shell extension 'dsv' for command environment
[0.288s] DEBUG:colcon.colcon_core.event_handler.log_command:Invoking command in '/home/mario/master_ws/build/moveit_task_constructor_msgs': CMAKE_PREFIX_PATH=${CMAKE_PREFIX_PATH}:/home/mario/master_ws/install/estun_description:/opt/ros/jazzy DEBUGINFOD_URLS=https://debuginfod.ubuntu.com /usr/bin/cmake --build /home/mario/master_ws/build/moveit_task_constructor_msgs -- -j12 -l12
[0.291s] DEBUG:colcon.colcon_core.event_handler.log_command:Invoking command in '/home/mario/master_ws/build/rviz_marker_tools': CMAKE_PREFIX_PATH=${CMAKE_PREFIX_PATH}:/home/mario/master_ws/install/estun_description:/opt/ros/jazzy DEBUGINFOD_URLS=https://debuginfod.ubuntu.com /usr/bin/cmake --build /home/mario/master_ws/build/rviz_marker_tools -- -j12 -l12
[0.527s] INFO:colcon.colcon_core.task.python.build:Building Python package in '/home/mario/master_ws/src/estun_description'
[0.527s] INFO:colcon.colcon_core.shell:Skip shell extension 'powershell' for command environment: Not usable outside of PowerShell
[0.528s] DEBUG:colcon.colcon_core.shell:Skip shell extension 'dsv' for command environment
[0.539s] DEBUG:colcon.colcon_core.event_handler.log_command:Invoked command in '/home/mario/master_ws/build/rviz_marker_tools' returned '0': CMAKE_PREFIX_PATH=${CMAKE_PREFIX_PATH}:/home/mario/master_ws/install/estun_description:/opt/ros/jazzy DEBUGINFOD_URLS=https://debuginfod.ubuntu.com /usr/bin/cmake --build /home/mario/master_ws/build/rviz_marker_tools -- -j12 -l12
[0.548s] DEBUG:colcon.colcon_core.event_handler.log_command:Invoking command in '/home/mario/master_ws/build/rviz_marker_tools': CMAKE_PREFIX_PATH=${CMAKE_PREFIX_PATH}:/home/mario/master_ws/install/estun_description:/opt/ros/jazzy DEBUGINFOD_URLS=https://debuginfod.ubuntu.com /usr/bin/cmake --install /home/mario/master_ws/build/rviz_marker_tools
[0.551s] DEBUG:colcon.colcon_core.event_handler.log_command:Invoking command in '/home/mario/master_ws/build/vision_control': CMAKE_PREFIX_PATH=${CMAKE_PREFIX_PATH}:/home/mario/master_ws/install/estun_description:/opt/ros/jazzy DEBUGINFOD_URLS=https://debuginfod.ubuntu.com /usr/bin/cmake --build /home/mario/master_ws/build/vision_control -- -j12 -l12
[0.560s] Level 1:colcon.colcon_core.environment:create_environment_scripts_only(rviz_marker_tools)
[0.561s] DEBUG:colcon.colcon_core.event_handler.log_command:Invoked command in '/home/mario/master_ws/build/rviz_marker_tools' returned '0': CMAKE_PREFIX_PATH=${CMAKE_PREFIX_PATH}:/home/mario/master_ws/install/estun_description:/opt/ros/jazzy DEBUGINFOD_URLS=https://debuginfod.ubuntu.com /usr/bin/cmake --install /home/mario/master_ws/build/rviz_marker_tools
[0.562s] Level 1:colcon.colcon_core.environment:checking '/home/mario/master_ws/install/rviz_marker_tools' for CMake module files
[0.563s] Level 1:colcon.colcon_core.environment:checking '/home/mario/master_ws/install/rviz_marker_tools' for CMake config files
[0.563s] Level 1:colcon.colcon_core.shell:create_environment_hook('rviz_marker_tools', 'cmake_prefix_path')
[0.563s] INFO:colcon.colcon_core.shell:Creating environment hook '/home/mario/master_ws/install/rviz_marker_tools/share/rviz_marker_tools/hook/cmake_prefix_path.ps1'
[0.563s] INFO:colcon.colcon_core.shell:Creating environment descriptor '/home/mario/master_ws/install/rviz_marker_tools/share/rviz_marker_tools/hook/cmake_prefix_path.dsv'
[0.564s] INFO:colcon.colcon_core.shell:Creating environment hook '/home/mario/master_ws/install/rviz_marker_tools/share/rviz_marker_tools/hook/cmake_prefix_path.sh'
[0.564s] Level 1:colcon.colcon_core.environment:checking '/home/mario/master_ws/install/rviz_marker_tools/lib'
[0.564s] Level 1:colcon.colcon_core.shell:create_environment_hook('rviz_marker_tools', 'ld_library_path_lib')
[0.564s] INFO:colcon.colcon_core.shell:Creating environment hook '/home/mario/master_ws/install/rviz_marker_tools/share/rviz_marker_tools/hook/ld_library_path_lib.ps1'
[0.565s] INFO:colcon.colcon_core.shell:Creating environment descriptor '/home/mario/master_ws/install/rviz_marker_tools/share/rviz_marker_tools/hook/ld_library_path_lib.dsv'
[0.565s] INFO:colcon.colcon_core.shell:Creating environment hook '/home/mario/master_ws/install/rviz_marker_tools/share/rviz_marker_tools/hook/ld_library_path_lib.sh'
[0.565s] Level 1:colcon.colcon_core.environment:checking '/home/mario/master_ws/install/rviz_marker_tools/bin'
[0.565s] Level 1:colcon.colcon_core.environment:checking '/home/mario/master_ws/install/rviz_marker_tools/lib/pkgconfig/rviz_marker_tools.pc'
[0.566s] Level 1:colcon.colcon_core.environment:checking '/home/mario/master_ws/install/rviz_marker_tools/lib/python3.12/site-packages'
[0.566s] Level 1:colcon.colcon_core.environment:checking '/home/mario/master_ws/install/rviz_marker_tools/bin'
[0.566s] INFO:colcon.colcon_core.shell:Creating package script '/home/mario/master_ws/install/rviz_marker_tools/share/rviz_marker_tools/package.ps1'
[0.567s] INFO:colcon.colcon_core.shell:Creating package descriptor '/home/mario/master_ws/install/rviz_marker_tools/share/rviz_marker_tools/package.dsv'
[0.567s] INFO:colcon.colcon_core.shell:Creating package script '/home/mario/master_ws/install/rviz_marker_tools/share/rviz_marker_tools/package.sh'
[0.568s] INFO:colcon.colcon_core.shell:Creating package script '/home/mario/master_ws/install/rviz_marker_tools/share/rviz_marker_tools/package.bash'
[0.568s] INFO:colcon.colcon_core.shell:Creating package script '/home/mario/master_ws/install/rviz_marker_tools/share/rviz_marker_tools/package.zsh'
[0.569s] Level 1:colcon.colcon_core.environment:create_file_with_runtime_dependencies(/home/mario/master_ws/install/rviz_marker_tools/share/colcon-core/packages/rviz_marker_tools)
[0.569s] Level 1:colcon.colcon_core.environment:create_environment_scripts_only(rviz_marker_tools)
[0.569s] Level 1:colcon.colcon_core.environment:checking '/home/mario/master_ws/install/rviz_marker_tools' for CMake module files
[0.570s] Level 1:colcon.colcon_core.environment:checking '/home/mario/master_ws/install/rviz_marker_tools' for CMake config files
[0.570s] Level 1:colcon.colcon_core.shell:create_environment_hook('rviz_marker_tools', 'cmake_prefix_path')
[0.570s] INFO:colcon.colcon_core.shell:Creating environment hook '/home/mario/master_ws/install/rviz_marker_tools/share/rviz_marker_tools/hook/cmake_prefix_path.ps1'
[0.570s] INFO:colcon.colcon_core.shell:Creating environment descriptor '/home/mario/master_ws/install/rviz_marker_tools/share/rviz_marker_tools/hook/cmake_prefix_path.dsv'
[0.571s] INFO:colcon.colcon_core.shell:Creating environment hook '/home/mario/master_ws/install/rviz_marker_tools/share/rviz_marker_tools/hook/cmake_prefix_path.sh'
[0.571s] Level 1:colcon.colcon_core.environment:checking '/home/mario/master_ws/install/rviz_marker_tools/lib'
[0.571s] Level 1:colcon.colcon_core.shell:create_environment_hook('rviz_marker_tools', 'ld_library_path_lib')
[0.572s] INFO:colcon.colcon_core.shell:Creating environment hook '/home/mario/master_ws/install/rviz_marker_tools/share/rviz_marker_tools/hook/ld_library_path_lib.ps1'
[0.572s] INFO:colcon.colcon_core.shell:Creating environment descriptor '/home/mario/master_ws/install/rviz_marker_tools/share/rviz_marker_tools/hook/ld_library_path_lib.dsv'
[0.572s] INFO:colcon.colcon_core.shell:Creating environment hook '/home/mario/master_ws/install/rviz_marker_tools/share/rviz_marker_tools/hook/ld_library_path_lib.sh'
[0.572s] Level 1:colcon.colcon_core.environment:checking '/home/mario/master_ws/install/rviz_marker_tools/bin'
[0.572s] Level 1:colcon.colcon_core.environment:checking '/home/mario/master_ws/install/rviz_marker_tools/lib/pkgconfig/rviz_marker_tools.pc'
[0.573s] Level 1:colcon.colcon_core.environment:checking '/home/mario/master_ws/install/rviz_marker_tools/lib/python3.12/site-packages'
[0.573s] Level 1:colcon.colcon_core.environment:checking '/home/mario/master_ws/install/rviz_marker_tools/bin'
[0.573s] INFO:colcon.colcon_core.shell:Creating package script '/home/mario/master_ws/install/rviz_marker_tools/share/rviz_marker_tools/package.ps1'
[0.573s] INFO:colcon.colcon_core.shell:Creating package descriptor '/home/mario/master_ws/install/rviz_marker_tools/share/rviz_marker_tools/package.dsv'
[0.574s] INFO:colcon.colcon_core.shell:Creating package script '/home/mario/master_ws/install/rviz_marker_tools/share/rviz_marker_tools/package.sh'
[0.574s] INFO:colcon.colcon_core.shell:Creating package script '/home/mario/master_ws/install/rviz_marker_tools/share/rviz_marker_tools/package.bash'
[0.574s] INFO:colcon.colcon_core.shell:Creating package script '/home/mario/master_ws/install/rviz_marker_tools/share/rviz_marker_tools/package.zsh'
[0.575s] Level 1:colcon.colcon_core.environment:create_file_with_runtime_dependencies(/home/mario/master_ws/install/rviz_marker_tools/share/colcon-core/packages/rviz_marker_tools)
[0.785s] DEBUG:colcon.colcon_core.event_handler.log_command:Invoked command in '/home/mario/master_ws/build/moveit_task_constructor_msgs' returned '0': CMAKE_PREFIX_PATH=${CMAKE_PREFIX_PATH}:/home/mario/master_ws/install/estun_description:/opt/ros/jazzy DEBUGINFOD_URLS=https://debuginfod.ubuntu.com /usr/bin/cmake --build /home/mario/master_ws/build/moveit_task_constructor_msgs -- -j12 -l12
[0.786s] DEBUG:colcon.colcon_core.event_handler.log_command:Invoking command in '/home/mario/master_ws/build/moveit_task_constructor_msgs': CMAKE_PREFIX_PATH=${CMAKE_PREFIX_PATH}:/home/mario/master_ws/install/estun_description:/opt/ros/jazzy DEBUGINFOD_URLS=https://debuginfod.ubuntu.com /usr/bin/cmake --install /home/mario/master_ws/build/moveit_task_constructor_msgs
[0.860s] Level 1:colcon.colcon_core.environment:create_environment_scripts_only(moveit_task_constructor_msgs)
[0.860s] Level 1:colcon.colcon_core.environment:checking '/home/mario/master_ws/install/moveit_task_constructor_msgs' for CMake module files
[0.861s] DEBUG:colcon.colcon_core.event_handler.log_command:Invoked command in '/home/mario/master_ws/build/moveit_task_constructor_msgs' returned '0': CMAKE_PREFIX_PATH=${CMAKE_PREFIX_PATH}:/home/mario/master_ws/install/estun_description:/opt/ros/jazzy DEBUGINFOD_URLS=https://debuginfod.ubuntu.com /usr/bin/cmake --install /home/mario/master_ws/build/moveit_task_constructor_msgs
[0.861s] Level 1:colcon.colcon_core.environment:checking '/home/mario/master_ws/install/moveit_task_constructor_msgs' for CMake config files
[0.862s] Level 1:colcon.colcon_core.shell:create_environment_hook('moveit_task_constructor_msgs', 'cmake_prefix_path')
[0.862s] INFO:colcon.colcon_core.shell:Creating environment hook '/home/mario/master_ws/install/moveit_task_constructor_msgs/share/moveit_task_constructor_msgs/hook/cmake_prefix_path.ps1'
[0.862s] INFO:colcon.colcon_core.shell:Creating environment descriptor '/home/mario/master_ws/install/moveit_task_constructor_msgs/share/moveit_task_constructor_msgs/hook/cmake_prefix_path.dsv'
[0.862s] INFO:colcon.colcon_core.shell:Creating environment hook '/home/mario/master_ws/install/moveit_task_constructor_msgs/share/moveit_task_constructor_msgs/hook/cmake_prefix_path.sh'
[0.863s] Level 1:colcon.colcon_core.environment:checking '/home/mario/master_ws/install/moveit_task_constructor_msgs/lib'
[0.863s] Level 1:colcon.colcon_core.shell:create_environment_hook('moveit_task_constructor_msgs', 'ld_library_path_lib')
[0.863s] INFO:colcon.colcon_core.shell:Creating environment hook '/home/mario/master_ws/install/moveit_task_constructor_msgs/share/moveit_task_constructor_msgs/hook/ld_library_path_lib.ps1'
[0.863s] INFO:colcon.colcon_core.shell:Creating environment descriptor '/home/mario/master_ws/install/moveit_task_constructor_msgs/share/moveit_task_constructor_msgs/hook/ld_library_path_lib.dsv'
[0.863s] INFO:colcon.colcon_core.shell:Creating environment hook '/home/mario/master_ws/install/moveit_task_constructor_msgs/share/moveit_task_constructor_msgs/hook/ld_library_path_lib.sh'
[0.864s] Level 1:colcon.colcon_core.environment:checking '/home/mario/master_ws/install/moveit_task_constructor_msgs/bin'
[0.864s] Level 1:colcon.colcon_core.environment:checking '/home/mario/master_ws/install/moveit_task_constructor_msgs/lib/pkgconfig/moveit_task_constructor_msgs.pc'
[0.864s] Level 1:colcon.colcon_core.environment:checking '/home/mario/master_ws/install/moveit_task_constructor_msgs/lib/python3.12/site-packages'
[0.864s] Level 1:colcon.colcon_core.shell:create_environment_hook('moveit_task_constructor_msgs', 'pythonpath')
[0.864s] INFO:colcon.colcon_core.shell:Creating environment hook '/home/mario/master_ws/install/moveit_task_constructor_msgs/share/moveit_task_constructor_msgs/hook/pythonpath.ps1'
[0.864s] INFO:colcon.colcon_core.shell:Creating environment descriptor '/home/mario/master_ws/install/moveit_task_constructor_msgs/share/moveit_task_constructor_msgs/hook/pythonpath.dsv'
[0.865s] INFO:colcon.colcon_core.shell:Creating environment hook '/home/mario/master_ws/install/moveit_task_constructor_msgs/share/moveit_task_constructor_msgs/hook/pythonpath.sh'
[0.865s] Level 1:colcon.colcon_core.environment:checking '/home/mario/master_ws/install/moveit_task_constructor_msgs/bin'
[0.865s] INFO:colcon.colcon_core.shell:Creating package script '/home/mario/master_ws/install/moveit_task_constructor_msgs/share/moveit_task_constructor_msgs/package.ps1'
[0.866s] INFO:colcon.colcon_core.shell:Creating package descriptor '/home/mario/master_ws/install/moveit_task_constructor_msgs/share/moveit_task_constructor_msgs/package.dsv'
[0.866s] INFO:colcon.colcon_core.shell:Creating package script '/home/mario/master_ws/install/moveit_task_constructor_msgs/share/moveit_task_constructor_msgs/package.sh'
[0.867s] INFO:colcon.colcon_core.shell:Creating package script '/home/mario/master_ws/install/moveit_task_constructor_msgs/share/moveit_task_constructor_msgs/package.bash'
[0.867s] INFO:colcon.colcon_core.shell:Creating package script '/home/mario/master_ws/install/moveit_task_constructor_msgs/share/moveit_task_constructor_msgs/package.zsh'
[0.867s] Level 1:colcon.colcon_core.environment:create_file_with_runtime_dependencies(/home/mario/master_ws/install/moveit_task_constructor_msgs/share/colcon-core/packages/moveit_task_constructor_msgs)
[0.868s] Level 1:colcon.colcon_core.environment:create_environment_scripts_only(moveit_task_constructor_msgs)
[0.868s] Level 1:colcon.colcon_core.environment:checking '/home/mario/master_ws/install/moveit_task_constructor_msgs' for CMake module files
[0.869s] Level 1:colcon.colcon_core.environment:checking '/home/mario/master_ws/install/moveit_task_constructor_msgs' for CMake config files
[0.869s] Level 1:colcon.colcon_core.shell:create_environment_hook('moveit_task_constructor_msgs', 'cmake_prefix_path')
[0.869s] INFO:colcon.colcon_core.shell:Creating environment hook '/home/mario/master_ws/install/moveit_task_constructor_msgs/share/moveit_task_constructor_msgs/hook/cmake_prefix_path.ps1'
[0.869s] INFO:colcon.colcon_core.shell:Creating environment descriptor '/home/mario/master_ws/install/moveit_task_constructor_msgs/share/moveit_task_constructor_msgs/hook/cmake_prefix_path.dsv'
[0.870s] INFO:colcon.colcon_core.shell:Creating environment hook '/home/mario/master_ws/install/moveit_task_constructor_msgs/share/moveit_task_constructor_msgs/hook/cmake_prefix_path.sh'
[0.870s] Level 1:colcon.colcon_core.environment:checking '/home/mario/master_ws/install/moveit_task_constructor_msgs/lib'
[0.870s] Level 1:colcon.colcon_core.shell:create_environment_hook('moveit_task_constructor_msgs', 'ld_library_path_lib')
[0.870s] INFO:colcon.colcon_core.shell:Creating environment hook '/home/mario/master_ws/install/moveit_task_constructor_msgs/share/moveit_task_constructor_msgs/hook/ld_library_path_lib.ps1'
[0.871s] INFO:colcon.colcon_core.shell:Creating environment descriptor '/home/mario/master_ws/install/moveit_task_constructor_msgs/share/moveit_task_constructor_msgs/hook/ld_library_path_lib.dsv'
[0.871s] INFO:colcon.colcon_core.shell:Creating environment hook '/home/mario/master_ws/install/moveit_task_constructor_msgs/share/moveit_task_constructor_msgs/hook/ld_library_path_lib.sh'
[0.871s] Level 1:colcon.colcon_core.environment:checking '/home/mario/master_ws/install/moveit_task_constructor_msgs/bin'
[0.871s] Level 1:colcon.colcon_core.environment:checking '/home/mario/master_ws/install/moveit_task_constructor_msgs/lib/pkgconfig/moveit_task_constructor_msgs.pc'
[0.871s] Level 1:colcon.colcon_core.environment:checking '/home/mario/master_ws/install/moveit_task_constructor_msgs/lib/python3.12/site-packages'
[0.871s] Level 1:colcon.colcon_core.shell:create_environment_hook('moveit_task_constructor_msgs', 'pythonpath')
[0.872s] INFO:colcon.colcon_core.shell:Creating environment hook '/home/mario/master_ws/install/moveit_task_constructor_msgs/share/moveit_task_constructor_msgs/hook/pythonpath.ps1'
[0.872s] INFO:colcon.colcon_core.shell:Creating environment descriptor '/home/mario/master_ws/install/moveit_task_constructor_msgs/share/moveit_task_constructor_msgs/hook/pythonpath.dsv'
[0.872s] INFO:colcon.colcon_core.shell:Creating environment hook '/home/mario/master_ws/install/moveit_task_constructor_msgs/share/moveit_task_constructor_msgs/hook/pythonpath.sh'
[0.873s] Level 1:colcon.colcon_core.environment:checking '/home/mario/master_ws/install/moveit_task_constructor_msgs/bin'
[0.873s] INFO:colcon.colcon_core.shell:Creating package script '/home/mario/master_ws/install/moveit_task_constructor_msgs/share/moveit_task_constructor_msgs/package.ps1'
[0.873s] INFO:colcon.colcon_core.shell:Creating package descriptor '/home/mario/master_ws/install/moveit_task_constructor_msgs/share/moveit_task_constructor_msgs/package.dsv'
[0.874s] INFO:colcon.colcon_core.shell:Creating package script '/home/mario/master_ws/install/moveit_task_constructor_msgs/share/moveit_task_constructor_msgs/package.sh'
[0.874s] INFO:colcon.colcon_core.shell:Creating package script '/home/mario/master_ws/install/moveit_task_constructor_msgs/share/moveit_task_constructor_msgs/package.bash'
[0.874s] INFO:colcon.colcon_core.shell:Creating package script '/home/mario/master_ws/install/moveit_task_constructor_msgs/share/moveit_task_constructor_msgs/package.zsh'
[0.874s] Level 1:colcon.colcon_core.environment:create_file_with_runtime_dependencies(/home/mario/master_ws/install/moveit_task_constructor_msgs/share/colcon-core/packages/moveit_task_constructor_msgs)
[0.875s] INFO:colcon.colcon_ros.task.ament_cmake.build:Building ROS package in '/home/mario/master_ws/src/moveit_task_constructor/core' with build type 'ament_cmake'
[0.875s] INFO:colcon.colcon_cmake.task.cmake.build:Building CMake package in '/home/mario/master_ws/src/moveit_task_constructor/core'
[0.875s] INFO:colcon.colcon_core.shell:Skip shell extension 'powershell' for command environment: Not usable outside of PowerShell
[0.875s] DEBUG:colcon.colcon_core.shell:Skip shell extension 'dsv' for command environment
[0.891s] DEBUG:colcon.colcon_core.event_handler.log_command:Invoking command in '/home/mario/master_ws/build/moveit_task_constructor_core': CMAKE_PREFIX_PATH=/home/mario/master_ws/install/rviz_marker_tools:/home/mario/master_ws/install/moveit_task_constructor_msgs:/home/mario/master_ws/install/vision_control:/home/mario/master_ws/install/moveit_task_constructor_demo:/home/mario/master_ws/install/moveit_task_constructor_visualization:/home/mario/master_ws/install/moveit_task_constructor_capabilities:/home/mario/master_ws/install/estun_control:/home/mario/master_ws/install/moveit_task_constructor_core:/home/mario/master_ws/install/estun_moveit:/opt/ros/jazzy/opt/gz_sim_vendor:/opt/ros/jazzy/opt/gz_sensors_vendor:/opt/ros/jazzy/opt/gz_physics_vendor:/opt/ros/jazzy/opt/sdformat_vendor:/opt/ros/jazzy/opt/gz_gui_vendor:/opt/ros/jazzy/opt/gz_transport_vendor:/opt/ros/jazzy/opt/gz_rendering_vendor:/opt/ros/jazzy/opt/gz_plugin_vendor:/opt/ros/jazzy/opt/gz_fuel_tools_vendor:/opt/ros/jazzy/opt/gz_msgs_vendor:/opt/ros/jazzy/opt/gz_common_vendor:/opt/ros/jazzy/opt/gz_math_vendor:/opt/ros/jazzy/opt/gz_utils_vendor:/opt/ros/jazzy/opt/gz_tools_vendor:/opt/ros/jazzy/opt/gz_ogre_next_vendor:/opt/ros/jazzy/opt/gz_dartsim_vendor:/opt/ros/jazzy/opt/gz_cmake_vendor:/home/mario/master_ws/install/estun_description:/opt/ros/jazzy DEBUGINFOD_URLS=https://debuginfod.ubuntu.com LD_LIBRARY_PATH=/home/mario/master_ws/install/rviz_marker_tools/lib:/home/mario/master_ws/install/moveit_task_constructor_msgs/lib:/home/mario/master_ws/install/moveit_task_constructor_demo/lib:/home/mario/master_ws/install/moveit_task_constructor_visualization/lib:/home/mario/master_ws/install/moveit_task_constructor_capabilities/lib:/home/mario/master_ws/install/moveit_task_constructor_core/lib:/opt/ros/jazzy/opt/gz_sim_vendor/lib:/opt/ros/jazzy/opt/gz_sensors_vendor/lib:/opt/ros/jazzy/opt/gz_physics_vendor/lib:/opt/ros/jazzy/opt/sdformat_vendor/lib:/opt/ros/jazzy/opt/rviz_ogre_vendor/lib:/opt/ros/jazzy/lib/x86_64-linux-gnu:/opt/ros/jazzy/opt/gz_gui_vendor/lib:/opt/ros/jazzy/opt/gz_transport_vendor/lib:/opt/ros/jazzy/opt/gz_rendering_vendor/lib:/opt/ros/jazzy/opt/gz_plugin_vendor/lib:/opt/ros/jazzy/opt/gz_fuel_tools_vendor/lib:/opt/ros/jazzy/opt/gz_msgs_vendor/lib:/opt/ros/jazzy/opt/gz_common_vendor/lib:/opt/ros/jazzy/opt/gz_math_vendor/lib:/opt/ros/jazzy/opt/gz_utils_vendor/lib:/opt/ros/jazzy/opt/gz_tools_vendor/lib:/opt/ros/jazzy/opt/gz_ogre_next_vendor/lib:/opt/ros/jazzy/opt/gz_dartsim_vendor/lib:/opt/ros/jazzy/opt/gz_cmake_vendor/lib:/opt/ros/jazzy/lib PYTHONPATH=/home/mario/master_ws/install/moveit_task_constructor_msgs/lib/python3.12/site-packages:/home/mario/master_ws/install/moveit_task_constructor_core/lib/python3.12/site-packages:/home/mario/master_ws/install/estun_description/lib/python3.12/site-packages:/opt/ros/jazzy/opt/gz_sim_vendor/lib/python:/opt/ros/jazzy/opt/sdformat_vendor/lib/python:/opt/ros/jazzy/opt/gz_transport_vendor/lib/python:/opt/ros/jazzy/opt/gz_msgs_vendor/lib/python:/opt/ros/jazzy/opt/gz_math_vendor/lib/python:/opt/ros/jazzy/lib/python3.12/site-packages /usr/bin/cmake --build /home/mario/master_ws/build/moveit_task_constructor_core -- -j12 -l12
[1.323s] DEBUG:colcon.colcon_core.task.python.build:Available setuptools commands: build_ext, develop, install_lib, saveopts, test, install_scripts, build, easy_install, build_clib, install_data, egg_info, rotate, install_headers, build_scripts, setopt, sdist, bdist_rpm, init_catalog, bdist_dumb, dist_info, check, register, bdist, bdist_egg, alias, upload, upload_docs, editable_wheel, install_egg_info, compile_catalog, update_catalog, install, clean, build_py, extract_messages, symlink_data
[1.325s] DEBUG:colcon.colcon_core.event_handler.log_command:Invoking command in '/home/mario/master_ws/src/estun_description': DEBUGINFOD_URLS=https://debuginfod.ubuntu.com PYTHONPATH=/home/mario/master_ws/build/estun_description/prefix_override:/usr/lib/python3/dist-packages/colcon_core/task/python/colcon_distutils_commands:/home/mario/master_ws/install/estun_description/lib/python3.12/site-packages:${PYTHONPATH} /usr/bin/python3 -W ignore:setup.py install is deprecated -W ignore:easy_install command is deprecated setup.py egg_info --egg-base ../../build/estun_description build --build-base /home/mario/master_ws/build/estun_description/build install --record /home/mario/master_ws/build/estun_description/install.log --install-scripts $base/lib/fusion2urdf_ros2 --single-version-externally-managed install_data
[1.420s] DEBUG:colcon.colcon_core.event_handler.log_command:Invoked command in '/home/mario/master_ws/build/moveit_task_constructor_core' returned '0': CMAKE_PREFIX_PATH=/home/mario/master_ws/install/rviz_marker_tools:/home/mario/master_ws/install/moveit_task_constructor_msgs:/home/mario/master_ws/install/vision_control:/home/mario/master_ws/install/moveit_task_constructor_demo:/home/mario/master_ws/install/moveit_task_constructor_visualization:/home/mario/master_ws/install/moveit_task_constructor_capabilities:/home/mario/master_ws/install/estun_control:/home/mario/master_ws/install/moveit_task_constructor_core:/home/mario/master_ws/install/estun_moveit:/opt/ros/jazzy/opt/gz_sim_vendor:/opt/ros/jazzy/opt/gz_sensors_vendor:/opt/ros/jazzy/opt/gz_physics_vendor:/opt/ros/jazzy/opt/sdformat_vendor:/opt/ros/jazzy/opt/gz_gui_vendor:/opt/ros/jazzy/opt/gz_transport_vendor:/opt/ros/jazzy/opt/gz_rendering_vendor:/opt/ros/jazzy/opt/gz_plugin_vendor:/opt/ros/jazzy/opt/gz_fuel_tools_vendor:/opt/ros/jazzy/opt/gz_msgs_vendor:/opt/ros/jazzy/opt/gz_common_vendor:/opt/ros/jazzy/opt/gz_math_vendor:/opt/ros/jazzy/opt/gz_utils_vendor:/opt/ros/jazzy/opt/gz_tools_vendor:/opt/ros/jazzy/opt/gz_ogre_next_vendor:/opt/ros/jazzy/opt/gz_dartsim_vendor:/opt/ros/jazzy/opt/gz_cmake_vendor:/home/mario/master_ws/install/estun_description:/opt/ros/jazzy DEBUGINFOD_URLS=https://debuginfod.ubuntu.com LD_LIBRARY_PATH=/home/mario/master_ws/install/rviz_marker_tools/lib:/home/mario/master_ws/install/moveit_task_constructor_msgs/lib:/home/mario/master_ws/install/moveit_task_constructor_demo/lib:/home/mario/master_ws/install/moveit_task_constructor_visualization/lib:/home/mario/master_ws/install/moveit_task_constructor_capabilities/lib:/home/mario/master_ws/install/moveit_task_constructor_core/lib:/opt/ros/jazzy/opt/gz_sim_vendor/lib:/opt/ros/jazzy/opt/gz_sensors_vendor/lib:/opt/ros/jazzy/opt/gz_physics_vendor/lib:/opt/ros/jazzy/opt/sdformat_vendor/lib:/opt/ros/jazzy/opt/rviz_ogre_vendor/lib:/opt/ros/jazzy/lib/x86_64-linux-gnu:/opt/ros/jazzy/opt/gz_gui_vendor/lib:/opt/ros/jazzy/opt/gz_transport_vendor/lib:/opt/ros/jazzy/opt/gz_rendering_vendor/lib:/opt/ros/jazzy/opt/gz_plugin_vendor/lib:/opt/ros/jazzy/opt/gz_fuel_tools_vendor/lib:/opt/ros/jazzy/opt/gz_msgs_vendor/lib:/opt/ros/jazzy/opt/gz_common_vendor/lib:/opt/ros/jazzy/opt/gz_math_vendor/lib:/opt/ros/jazzy/opt/gz_utils_vendor/lib:/opt/ros/jazzy/opt/gz_tools_vendor/lib:/opt/ros/jazzy/opt/gz_ogre_next_vendor/lib:/opt/ros/jazzy/opt/gz_dartsim_vendor/lib:/opt/ros/jazzy/opt/gz_cmake_vendor/lib:/opt/ros/jazzy/lib PYTHONPATH=/home/mario/master_ws/install/moveit_task_constructor_msgs/lib/python3.12/site-packages:/home/mario/master_ws/install/moveit_task_constructor_core/lib/python3.12/site-packages:/home/mario/master_ws/install/estun_description/lib/python3.12/site-packages:/opt/ros/jazzy/opt/gz_sim_vendor/lib/python:/opt/ros/jazzy/opt/sdformat_vendor/lib/python:/opt/ros/jazzy/opt/gz_transport_vendor/lib/python:/opt/ros/jazzy/opt/gz_msgs_vendor/lib/python:/opt/ros/jazzy/opt/gz_math_vendor/lib/python:/opt/ros/jazzy/lib/python3.12/site-packages /usr/bin/cmake --build /home/mario/master_ws/build/moveit_task_constructor_core -- -j12 -l12
[1.421s] DEBUG:colcon.colcon_core.event_handler.log_command:Invoking command in '/home/mario/master_ws/build/moveit_task_constructor_core': CMAKE_PREFIX_PATH=/home/mario/master_ws/install/rviz_marker_tools:/home/mario/master_ws/install/moveit_task_constructor_msgs:/home/mario/master_ws/install/vision_control:/home/mario/master_ws/install/moveit_task_constructor_demo:/home/mario/master_ws/install/moveit_task_constructor_visualization:/home/mario/master_ws/install/moveit_task_constructor_capabilities:/home/mario/master_ws/install/estun_control:/home/mario/master_ws/install/moveit_task_constructor_core:/home/mario/master_ws/install/estun_moveit:/opt/ros/jazzy/opt/gz_sim_vendor:/opt/ros/jazzy/opt/gz_sensors_vendor:/opt/ros/jazzy/opt/gz_physics_vendor:/opt/ros/jazzy/opt/sdformat_vendor:/opt/ros/jazzy/opt/gz_gui_vendor:/opt/ros/jazzy/opt/gz_transport_vendor:/opt/ros/jazzy/opt/gz_rendering_vendor:/opt/ros/jazzy/opt/gz_plugin_vendor:/opt/ros/jazzy/opt/gz_fuel_tools_vendor:/opt/ros/jazzy/opt/gz_msgs_vendor:/opt/ros/jazzy/opt/gz_common_vendor:/opt/ros/jazzy/opt/gz_math_vendor:/opt/ros/jazzy/opt/gz_utils_vendor:/opt/ros/jazzy/opt/gz_tools_vendor:/opt/ros/jazzy/opt/gz_ogre_next_vendor:/opt/ros/jazzy/opt/gz_dartsim_vendor:/opt/ros/jazzy/opt/gz_cmake_vendor:/home/mario/master_ws/install/estun_description:/opt/ros/jazzy DEBUGINFOD_URLS=https://debuginfod.ubuntu.com LD_LIBRARY_PATH=/home/mario/master_ws/install/rviz_marker_tools/lib:/home/mario/master_ws/install/moveit_task_constructor_msgs/lib:/home/mario/master_ws/install/moveit_task_constructor_demo/lib:/home/mario/master_ws/install/moveit_task_constructor_visualization/lib:/home/mario/master_ws/install/moveit_task_constructor_capabilities/lib:/home/mario/master_ws/install/moveit_task_constructor_core/lib:/opt/ros/jazzy/opt/gz_sim_vendor/lib:/opt/ros/jazzy/opt/gz_sensors_vendor/lib:/opt/ros/jazzy/opt/gz_physics_vendor/lib:/opt/ros/jazzy/opt/sdformat_vendor/lib:/opt/ros/jazzy/opt/rviz_ogre_vendor/lib:/opt/ros/jazzy/lib/x86_64-linux-gnu:/opt/ros/jazzy/opt/gz_gui_vendor/lib:/opt/ros/jazzy/opt/gz_transport_vendor/lib:/opt/ros/jazzy/opt/gz_rendering_vendor/lib:/opt/ros/jazzy/opt/gz_plugin_vendor/lib:/opt/ros/jazzy/opt/gz_fuel_tools_vendor/lib:/opt/ros/jazzy/opt/gz_msgs_vendor/lib:/opt/ros/jazzy/opt/gz_common_vendor/lib:/opt/ros/jazzy/opt/gz_math_vendor/lib:/opt/ros/jazzy/opt/gz_utils_vendor/lib:/opt/ros/jazzy/opt/gz_tools_vendor/lib:/opt/ros/jazzy/opt/gz_ogre_next_vendor/lib:/opt/ros/jazzy/opt/gz_dartsim_vendor/lib:/opt/ros/jazzy/opt/gz_cmake_vendor/lib:/opt/ros/jazzy/lib PYTHONPATH=/home/mario/master_ws/install/moveit_task_constructor_msgs/lib/python3.12/site-packages:/home/mario/master_ws/install/moveit_task_constructor_core/lib/python3.12/site-packages:/home/mario/master_ws/install/estun_description/lib/python3.12/site-packages:/opt/ros/jazzy/opt/gz_sim_vendor/lib/python:/opt/ros/jazzy/opt/sdformat_vendor/lib/python:/opt/ros/jazzy/opt/gz_transport_vendor/lib/python:/opt/ros/jazzy/opt/gz_msgs_vendor/lib/python:/opt/ros/jazzy/opt/gz_math_vendor/lib/python:/opt/ros/jazzy/lib/python3.12/site-packages /usr/bin/cmake --install /home/mario/master_ws/build/moveit_task_constructor_core
[1.474s] Level 1:colcon.colcon_core.environment:create_environment_scripts_only(moveit_task_constructor_core)
[1.474s] Level 1:colcon.colcon_core.environment:checking '/home/mario/master_ws/install/moveit_task_constructor_core' for CMake module files
[1.476s] Level 1:colcon.colcon_core.environment:checking '/home/mario/master_ws/install/moveit_task_constructor_core' for CMake config files
[1.478s] Level 1:colcon.colcon_core.shell:create_environment_hook('moveit_task_constructor_core', 'cmake_prefix_path')
[1.478s] INFO:colcon.colcon_core.shell:Creating environment hook '/home/mario/master_ws/install/moveit_task_constructor_core/share/moveit_task_constructor_core/hook/cmake_prefix_path.ps1'
[1.479s] INFO:colcon.colcon_core.shell:Creating environment descriptor '/home/mario/master_ws/install/moveit_task_constructor_core/share/moveit_task_constructor_core/hook/cmake_prefix_path.dsv'
[1.479s] INFO:colcon.colcon_core.shell:Creating environment hook '/home/mario/master_ws/install/moveit_task_constructor_core/share/moveit_task_constructor_core/hook/cmake_prefix_path.sh'
[1.480s] Level 1:colcon.colcon_core.environment:checking '/home/mario/master_ws/install/moveit_task_constructor_core/lib'
[1.480s] Level 1:colcon.colcon_core.shell:create_environment_hook('moveit_task_constructor_core', 'ld_library_path_lib')
[1.481s] INFO:colcon.colcon_core.shell:Creating environment hook '/home/mario/master_ws/install/moveit_task_constructor_core/share/moveit_task_constructor_core/hook/ld_library_path_lib.ps1'
[1.481s] INFO:colcon.colcon_core.shell:Creating environment descriptor '/home/mario/master_ws/install/moveit_task_constructor_core/share/moveit_task_constructor_core/hook/ld_library_path_lib.dsv'
[1.482s] INFO:colcon.colcon_core.shell:Creating environment hook '/home/mario/master_ws/install/moveit_task_constructor_core/share/moveit_task_constructor_core/hook/ld_library_path_lib.sh'
[1.482s] Level 1:colcon.colcon_core.environment:checking '/home/mario/master_ws/install/moveit_task_constructor_core/bin'
[1.483s] Level 1:colcon.colcon_core.environment:checking '/home/mario/master_ws/install/moveit_task_constructor_core/lib/pkgconfig/moveit_task_constructor_core.pc'
[1.483s] Level 1:colcon.colcon_core.environment:checking '/home/mario/master_ws/install/moveit_task_constructor_core/lib/python3.12/site-packages'
[1.483s] Level 1:colcon.colcon_core.shell:create_environment_hook('moveit_task_constructor_core', 'pythonpath')
[1.483s] INFO:colcon.colcon_core.shell:Creating environment hook '/home/mario/master_ws/install/moveit_task_constructor_core/share/moveit_task_constructor_core/hook/pythonpath.ps1'
[1.484s] INFO:colcon.colcon_core.shell:Creating environment descriptor '/home/mario/master_ws/install/moveit_task_constructor_core/share/moveit_task_constructor_core/hook/pythonpath.dsv'
[1.484s] INFO:colcon.colcon_core.shell:Creating environment hook '/home/mario/master_ws/install/moveit_task_constructor_core/share/moveit_task_constructor_core/hook/pythonpath.sh'
[1.485s] DEBUG:colcon.colcon_core.event_handler.log_command:Invoked command in '/home/mario/master_ws/build/moveit_task_constructor_core' returned '0': CMAKE_PREFIX_PATH=/home/mario/master_ws/install/rviz_marker_tools:/home/mario/master_ws/install/moveit_task_constructor_msgs:/home/mario/master_ws/install/vision_control:/home/mario/master_ws/install/moveit_task_constructor_demo:/home/mario/master_ws/install/moveit_task_constructor_visualization:/home/mario/master_ws/install/moveit_task_constructor_capabilities:/home/mario/master_ws/install/estun_control:/home/mario/master_ws/install/moveit_task_constructor_core:/home/mario/master_ws/install/estun_moveit:/opt/ros/jazzy/opt/gz_sim_vendor:/opt/ros/jazzy/opt/gz_sensors_vendor:/opt/ros/jazzy/opt/gz_physics_vendor:/opt/ros/jazzy/opt/sdformat_vendor:/opt/ros/jazzy/opt/gz_gui_vendor:/opt/ros/jazzy/opt/gz_transport_vendor:/opt/ros/jazzy/opt/gz_rendering_vendor:/opt/ros/jazzy/opt/gz_plugin_vendor:/opt/ros/jazzy/opt/gz_fuel_tools_vendor:/opt/ros/jazzy/opt/gz_msgs_vendor:/opt/ros/jazzy/opt/gz_common_vendor:/opt/ros/jazzy/opt/gz_math_vendor:/opt/ros/jazzy/opt/gz_utils_vendor:/opt/ros/jazzy/opt/gz_tools_vendor:/opt/ros/jazzy/opt/gz_ogre_next_vendor:/opt/ros/jazzy/opt/gz_dartsim_vendor:/opt/ros/jazzy/opt/gz_cmake_vendor:/home/mario/master_ws/install/estun_description:/opt/ros/jazzy DEBUGINFOD_URLS=https://debuginfod.ubuntu.com LD_LIBRARY_PATH=/home/mario/master_ws/install/rviz_marker_tools/lib:/home/mario/master_ws/install/moveit_task_constructor_msgs/lib:/home/mario/master_ws/install/moveit_task_constructor_demo/lib:/home/mario/master_ws/install/moveit_task_constructor_visualization/lib:/home/mario/master_ws/install/moveit_task_constructor_capabilities/lib:/home/mario/master_ws/install/moveit_task_constructor_core/lib:/opt/ros/jazzy/opt/gz_sim_vendor/lib:/opt/ros/jazzy/opt/gz_sensors_vendor/lib:/opt/ros/jazzy/opt/gz_physics_vendor/lib:/opt/ros/jazzy/opt/sdformat_vendor/lib:/opt/ros/jazzy/opt/rviz_ogre_vendor/lib:/opt/ros/jazzy/lib/x86_64-linux-gnu:/opt/ros/jazzy/opt/gz_gui_vendor/lib:/opt/ros/jazzy/opt/gz_transport_vendor/lib:/opt/ros/jazzy/opt/gz_rendering_vendor/lib:/opt/ros/jazzy/opt/gz_plugin_vendor/lib:/opt/ros/jazzy/opt/gz_fuel_tools_vendor/lib:/opt/ros/jazzy/opt/gz_msgs_vendor/lib:/opt/ros/jazzy/opt/gz_common_vendor/lib:/opt/ros/jazzy/opt/gz_math_vendor/lib:/opt/ros/jazzy/opt/gz_utils_vendor/lib:/opt/ros/jazzy/opt/gz_tools_vendor/lib:/opt/ros/jazzy/opt/gz_ogre_next_vendor/lib:/opt/ros/jazzy/opt/gz_dartsim_vendor/lib:/opt/ros/jazzy/opt/gz_cmake_vendor/lib:/opt/ros/jazzy/lib PYTHONPATH=/home/mario/master_ws/install/moveit_task_constructor_msgs/lib/python3.12/site-packages:/home/mario/master_ws/install/moveit_task_constructor_core/lib/python3.12/site-packages:/home/mario/master_ws/install/estun_description/lib/python3.12/site-packages:/opt/ros/jazzy/opt/gz_sim_vendor/lib/python:/opt/ros/jazzy/opt/sdformat_vendor/lib/python:/opt/ros/jazzy/opt/gz_transport_vendor/lib/python:/opt/ros/jazzy/opt/gz_msgs_vendor/lib/python:/opt/ros/jazzy/opt/gz_math_vendor/lib/python:/opt/ros/jazzy/lib/python3.12/site-packages /usr/bin/cmake --install /home/mario/master_ws/build/moveit_task_constructor_core
[1.486s] Level 1:colcon.colcon_core.environment:checking '/home/mario/master_ws/install/moveit_task_constructor_core/bin'
[1.486s] INFO:colcon.colcon_core.shell:Creating package script '/home/mario/master_ws/install/moveit_task_constructor_core/share/moveit_task_constructor_core/package.ps1'
[1.487s] INFO:colcon.colcon_core.shell:Creating package descriptor '/home/mario/master_ws/install/moveit_task_constructor_core/share/moveit_task_constructor_core/package.dsv'
[1.487s] INFO:colcon.colcon_core.shell:Creating package script '/home/mario/master_ws/install/moveit_task_constructor_core/share/moveit_task_constructor_core/package.sh'
[1.487s] INFO:colcon.colcon_core.shell:Creating package script '/home/mario/master_ws/install/moveit_task_constructor_core/share/moveit_task_constructor_core/package.bash'
[1.488s] INFO:colcon.colcon_core.shell:Creating package script '/home/mario/master_ws/install/moveit_task_constructor_core/share/moveit_task_constructor_core/package.zsh'
[1.488s] Level 1:colcon.colcon_core.environment:create_file_with_runtime_dependencies(/home/mario/master_ws/install/moveit_task_constructor_core/share/colcon-core/packages/moveit_task_constructor_core)
[1.489s] Level 1:colcon.colcon_core.environment:create_environment_scripts_only(moveit_task_constructor_core)
[1.489s] Level 1:colcon.colcon_core.environment:checking '/home/mario/master_ws/install/moveit_task_constructor_core' for CMake module files
[1.489s] Level 1:colcon.colcon_core.environment:checking '/home/mario/master_ws/install/moveit_task_constructor_core' for CMake config files
[1.490s] Level 1:colcon.colcon_core.shell:create_environment_hook('moveit_task_constructor_core', 'cmake_prefix_path')
[1.490s] INFO:colcon.colcon_core.shell:Creating environment hook '/home/mario/master_ws/install/moveit_task_constructor_core/share/moveit_task_constructor_core/hook/cmake_prefix_path.ps1'
[1.490s] INFO:colcon.colcon_core.shell:Creating environment descriptor '/home/mario/master_ws/install/moveit_task_constructor_core/share/moveit_task_constructor_core/hook/cmake_prefix_path.dsv'
[1.491s] INFO:colcon.colcon_core.shell:Creating environment hook '/home/mario/master_ws/install/moveit_task_constructor_core/share/moveit_task_constructor_core/hook/cmake_prefix_path.sh'
[1.491s] Level 1:colcon.colcon_core.environment:checking '/home/mario/master_ws/install/moveit_task_constructor_core/lib'
[1.491s] Level 1:colcon.colcon_core.shell:create_environment_hook('moveit_task_constructor_core', 'ld_library_path_lib')
[1.491s] INFO:colcon.colcon_core.shell:Creating environment hook '/home/mario/master_ws/install/moveit_task_constructor_core/share/moveit_task_constructor_core/hook/ld_library_path_lib.ps1'
[1.492s] INFO:colcon.colcon_core.shell:Creating environment descriptor '/home/mario/master_ws/install/moveit_task_constructor_core/share/moveit_task_constructor_core/hook/ld_library_path_lib.dsv'
[1.492s] INFO:colcon.colcon_core.shell:Creating environment hook '/home/mario/master_ws/install/moveit_task_constructor_core/share/moveit_task_constructor_core/hook/ld_library_path_lib.sh'
[1.492s] Level 1:colcon.colcon_core.environment:checking '/home/mario/master_ws/install/moveit_task_constructor_core/bin'
[1.492s] Level 1:colcon.colcon_core.environment:checking '/home/mario/master_ws/install/moveit_task_constructor_core/lib/pkgconfig/moveit_task_constructor_core.pc'
[1.493s] Level 1:colcon.colcon_core.environment:checking '/home/mario/master_ws/install/moveit_task_constructor_core/lib/python3.12/site-packages'
[1.493s] Level 1:colcon.colcon_core.shell:create_environment_hook('moveit_task_constructor_core', 'pythonpath')
[1.493s] INFO:colcon.colcon_core.shell:Creating environment hook '/home/mario/master_ws/install/moveit_task_constructor_core/share/moveit_task_constructor_core/hook/pythonpath.ps1'
[1.493s] INFO:colcon.colcon_core.shell:Creating environment descriptor '/home/mario/master_ws/install/moveit_task_constructor_core/share/moveit_task_constructor_core/hook/pythonpath.dsv'
[1.494s] INFO:colcon.colcon_core.shell:Creating environment hook '/home/mario/master_ws/install/moveit_task_constructor_core/share/moveit_task_constructor_core/hook/pythonpath.sh'
[1.494s] Level 1:colcon.colcon_core.environment:checking '/home/mario/master_ws/install/moveit_task_constructor_core/bin'
[1.495s] INFO:colcon.colcon_core.shell:Creating package script '/home/mario/master_ws/install/moveit_task_constructor_core/share/moveit_task_constructor_core/package.ps1'
[1.495s] INFO:colcon.colcon_core.shell:Creating package descriptor '/home/mario/master_ws/install/moveit_task_constructor_core/share/moveit_task_constructor_core/package.dsv'
[1.496s] INFO:colcon.colcon_core.shell:Creating package script '/home/mario/master_ws/install/moveit_task_constructor_core/share/moveit_task_constructor_core/package.sh'
[1.496s] INFO:colcon.colcon_core.shell:Creating package script '/home/mario/master_ws/install/moveit_task_constructor_core/share/moveit_task_constructor_core/package.bash'
[1.497s] INFO:colcon.colcon_core.shell:Creating package script '/home/mario/master_ws/install/moveit_task_constructor_core/share/moveit_task_constructor_core/package.zsh'
[1.497s] Level 1:colcon.colcon_core.environment:create_file_with_runtime_dependencies(/home/mario/master_ws/install/moveit_task_constructor_core/share/colcon-core/packages/moveit_task_constructor_core)
[1.497s] INFO:colcon.colcon_ros.task.ament_cmake.build:Building ROS package in '/home/mario/master_ws/src/moveit_task_constructor/capabilities' with build type 'ament_cmake'
[1.497s] INFO:colcon.colcon_cmake.task.cmake.build:Building CMake package in '/home/mario/master_ws/src/moveit_task_constructor/capabilities'
[1.498s] INFO:colcon.colcon_core.shell:Skip shell extension 'powershell' for command environment: Not usable outside of PowerShell
[1.498s] DEBUG:colcon.colcon_core.shell:Skip shell extension 'dsv' for command environment
[1.505s] INFO:colcon.colcon_ros.task.ament_cmake.build:Building ROS package in '/home/mario/master_ws/src/moveit_task_constructor/visualization' with build type 'ament_cmake'
[1.505s] INFO:colcon.colcon_cmake.task.cmake.build:Building CMake package in '/home/mario/master_ws/src/moveit_task_constructor/visualization'
[1.505s] INFO:colcon.colcon_core.shell:Skip shell extension 'powershell' for command environment: Not usable outside of PowerShell
[1.505s] DEBUG:colcon.colcon_core.shell:Skip shell extension 'dsv' for command environment
[1.511s] INFO:colcon.colcon_ros.task.ament_cmake.build:Building ROS package in '/home/mario/master_ws/src/estun_control' with build type 'ament_cmake'
[1.511s] INFO:colcon.colcon_cmake.task.cmake.build:Building CMake package in '/home/mario/master_ws/src/estun_control'
[1.511s] INFO:colcon.colcon_core.shell:Skip shell extension 'powershell' for command environment: Not usable outside of PowerShell
[1.512s] DEBUG:colcon.colcon_core.shell:Skip shell extension 'dsv' for command environment
[1.520s] DEBUG:colcon.colcon_core.event_handler.log_command:Invoking command in '/home/mario/master_ws/build/moveit_task_constructor_capabilities': CMAKE_PREFIX_PATH=/home/mario/master_ws/install/moveit_task_constructor_core:/home/mario/master_ws/install/rviz_marker_tools:/home/mario/master_ws/install/moveit_task_constructor_msgs:/home/mario/master_ws/install/vision_control:/home/mario/master_ws/install/moveit_task_constructor_demo:/home/mario/master_ws/install/moveit_task_constructor_visualization:/home/mario/master_ws/install/moveit_task_constructor_capabilities:/home/mario/master_ws/install/estun_control:/home/mario/master_ws/install/estun_moveit:/opt/ros/jazzy/opt/gz_sim_vendor:/opt/ros/jazzy/opt/gz_sensors_vendor:/opt/ros/jazzy/opt/gz_physics_vendor:/opt/ros/jazzy/opt/sdformat_vendor:/opt/ros/jazzy/opt/gz_gui_vendor:/opt/ros/jazzy/opt/gz_transport_vendor:/opt/ros/jazzy/opt/gz_rendering_vendor:/opt/ros/jazzy/opt/gz_plugin_vendor:/opt/ros/jazzy/opt/gz_fuel_tools_vendor:/opt/ros/jazzy/opt/gz_msgs_vendor:/opt/ros/jazzy/opt/gz_common_vendor:/opt/ros/jazzy/opt/gz_math_vendor:/opt/ros/jazzy/opt/gz_utils_vendor:/opt/ros/jazzy/opt/gz_tools_vendor:/opt/ros/jazzy/opt/gz_ogre_next_vendor:/opt/ros/jazzy/opt/gz_dartsim_vendor:/opt/ros/jazzy/opt/gz_cmake_vendor:/home/mario/master_ws/install/estun_description:/opt/ros/jazzy DEBUGINFOD_URLS=https://debuginfod.ubuntu.com LD_LIBRARY_PATH=/home/mario/master_ws/install/moveit_task_constructor_core/lib:/home/mario/master_ws/install/rviz_marker_tools/lib:/home/mario/master_ws/install/moveit_task_constructor_msgs/lib:/home/mario/master_ws/install/moveit_task_constructor_demo/lib:/home/mario/master_ws/install/moveit_task_constructor_visualization/lib:/home/mario/master_ws/install/moveit_task_constructor_capabilities/lib:/opt/ros/jazzy/opt/gz_sim_vendor/lib:/opt/ros/jazzy/opt/gz_sensors_vendor/lib:/opt/ros/jazzy/opt/gz_physics_vendor/lib:/opt/ros/jazzy/opt/sdformat_vendor/lib:/opt/ros/jazzy/opt/rviz_ogre_vendor/lib:/opt/ros/jazzy/lib/x86_64-linux-gnu:/opt/ros/jazzy/opt/gz_gui_vendor/lib:/opt/ros/jazzy/opt/gz_transport_vendor/lib:/opt/ros/jazzy/opt/gz_rendering_vendor/lib:/opt/ros/jazzy/opt/gz_plugin_vendor/lib:/opt/ros/jazzy/opt/gz_fuel_tools_vendor/lib:/opt/ros/jazzy/opt/gz_msgs_vendor/lib:/opt/ros/jazzy/opt/gz_common_vendor/lib:/opt/ros/jazzy/opt/gz_math_vendor/lib:/opt/ros/jazzy/opt/gz_utils_vendor/lib:/opt/ros/jazzy/opt/gz_tools_vendor/lib:/opt/ros/jazzy/opt/gz_ogre_next_vendor/lib:/opt/ros/jazzy/opt/gz_dartsim_vendor/lib:/opt/ros/jazzy/opt/gz_cmake_vendor/lib:/opt/ros/jazzy/lib /usr/bin/cmake --build /home/mario/master_ws/build/moveit_task_constructor_capabilities -- -j12 -l12
[1.524s] DEBUG:colcon.colcon_core.event_handler.log_command:Invoking command in '/home/mario/master_ws/build/moveit_task_constructor_visualization': CMAKE_PREFIX_PATH=/home/mario/master_ws/install/moveit_task_constructor_core:/home/mario/master_ws/install/rviz_marker_tools:/home/mario/master_ws/install/moveit_task_constructor_msgs:/home/mario/master_ws/install/vision_control:/home/mario/master_ws/install/moveit_task_constructor_demo:/home/mario/master_ws/install/moveit_task_constructor_visualization:/home/mario/master_ws/install/moveit_task_constructor_capabilities:/home/mario/master_ws/install/estun_control:/home/mario/master_ws/install/estun_moveit:/opt/ros/jazzy/opt/gz_sim_vendor:/opt/ros/jazzy/opt/gz_sensors_vendor:/opt/ros/jazzy/opt/gz_physics_vendor:/opt/ros/jazzy/opt/sdformat_vendor:/opt/ros/jazzy/opt/gz_gui_vendor:/opt/ros/jazzy/opt/gz_transport_vendor:/opt/ros/jazzy/opt/gz_rendering_vendor:/opt/ros/jazzy/opt/gz_plugin_vendor:/opt/ros/jazzy/opt/gz_fuel_tools_vendor:/opt/ros/jazzy/opt/gz_msgs_vendor:/opt/ros/jazzy/opt/gz_common_vendor:/opt/ros/jazzy/opt/gz_math_vendor:/opt/ros/jazzy/opt/gz_utils_vendor:/opt/ros/jazzy/opt/gz_tools_vendor:/opt/ros/jazzy/opt/gz_ogre_next_vendor:/opt/ros/jazzy/opt/gz_dartsim_vendor:/opt/ros/jazzy/opt/gz_cmake_vendor:/home/mario/master_ws/install/estun_description:/opt/ros/jazzy DEBUGINFOD_URLS=https://debuginfod.ubuntu.com LD_LIBRARY_PATH=/home/mario/master_ws/install/moveit_task_constructor_core/lib:/home/mario/master_ws/install/rviz_marker_tools/lib:/home/mario/master_ws/install/moveit_task_constructor_msgs/lib:/home/mario/master_ws/install/moveit_task_constructor_demo/lib:/home/mario/master_ws/install/moveit_task_constructor_visualization/lib:/home/mario/master_ws/install/moveit_task_constructor_capabilities/lib:/opt/ros/jazzy/opt/gz_sim_vendor/lib:/opt/ros/jazzy/opt/gz_sensors_vendor/lib:/opt/ros/jazzy/opt/gz_physics_vendor/lib:/opt/ros/jazzy/opt/sdformat_vendor/lib:/opt/ros/jazzy/opt/rviz_ogre_vendor/lib:/opt/ros/jazzy/lib/x86_64-linux-gnu:/opt/ros/jazzy/opt/gz_gui_vendor/lib:/opt/ros/jazzy/opt/gz_transport_vendor/lib:/opt/ros/jazzy/opt/gz_rendering_vendor/lib:/opt/ros/jazzy/opt/gz_plugin_vendor/lib:/opt/ros/jazzy/opt/gz_fuel_tools_vendor/lib:/opt/ros/jazzy/opt/gz_msgs_vendor/lib:/opt/ros/jazzy/opt/gz_common_vendor/lib:/opt/ros/jazzy/opt/gz_math_vendor/lib:/opt/ros/jazzy/opt/gz_utils_vendor/lib:/opt/ros/jazzy/opt/gz_tools_vendor/lib:/opt/ros/jazzy/opt/gz_ogre_next_vendor/lib:/opt/ros/jazzy/opt/gz_dartsim_vendor/lib:/opt/ros/jazzy/opt/gz_cmake_vendor/lib:/opt/ros/jazzy/lib /usr/bin/cmake --build /home/mario/master_ws/build/moveit_task_constructor_visualization -- -j12 -l12
[1.531s] DEBUG:colcon.colcon_core.event_handler.log_command:Invoking command in '/home/mario/master_ws/build/estun_control': CMAKE_PREFIX_PATH=/home/mario/master_ws/install/moveit_task_constructor_core:/home/mario/master_ws/install/rviz_marker_tools:/home/mario/master_ws/install/moveit_task_constructor_msgs:/home/mario/master_ws/install/vision_control:/home/mario/master_ws/install/moveit_task_constructor_demo:/home/mario/master_ws/install/moveit_task_constructor_visualization:/home/mario/master_ws/install/moveit_task_constructor_capabilities:/home/mario/master_ws/install/estun_control:/home/mario/master_ws/install/estun_moveit:/opt/ros/jazzy/opt/gz_sim_vendor:/opt/ros/jazzy/opt/gz_sensors_vendor:/opt/ros/jazzy/opt/gz_physics_vendor:/opt/ros/jazzy/opt/sdformat_vendor:/opt/ros/jazzy/opt/gz_gui_vendor:/opt/ros/jazzy/opt/gz_transport_vendor:/opt/ros/jazzy/opt/gz_rendering_vendor:/opt/ros/jazzy/opt/gz_plugin_vendor:/opt/ros/jazzy/opt/gz_fuel_tools_vendor:/opt/ros/jazzy/opt/gz_msgs_vendor:/opt/ros/jazzy/opt/gz_common_vendor:/opt/ros/jazzy/opt/gz_math_vendor:/opt/ros/jazzy/opt/gz_utils_vendor:/opt/ros/jazzy/opt/gz_tools_vendor:/opt/ros/jazzy/opt/gz_ogre_next_vendor:/opt/ros/jazzy/opt/gz_dartsim_vendor:/opt/ros/jazzy/opt/gz_cmake_vendor:/home/mario/master_ws/install/estun_description:/opt/ros/jazzy DEBUGINFOD_URLS=https://debuginfod.ubuntu.com LD_LIBRARY_PATH=/home/mario/master_ws/install/moveit_task_constructor_core/lib:/home/mario/master_ws/install/rviz_marker_tools/lib:/home/mario/master_ws/install/moveit_task_constructor_msgs/lib:/home/mario/master_ws/install/moveit_task_constructor_demo/lib:/home/mario/master_ws/install/moveit_task_constructor_visualization/lib:/home/mario/master_ws/install/moveit_task_constructor_capabilities/lib:/opt/ros/jazzy/opt/gz_sim_vendor/lib:/opt/ros/jazzy/opt/gz_sensors_vendor/lib:/opt/ros/jazzy/opt/gz_physics_vendor/lib:/opt/ros/jazzy/opt/sdformat_vendor/lib:/opt/ros/jazzy/opt/rviz_ogre_vendor/lib:/opt/ros/jazzy/lib/x86_64-linux-gnu:/opt/ros/jazzy/opt/gz_gui_vendor/lib:/opt/ros/jazzy/opt/gz_transport_vendor/lib:/opt/ros/jazzy/opt/gz_rendering_vendor/lib:/opt/ros/jazzy/opt/gz_plugin_vendor/lib:/opt/ros/jazzy/opt/gz_fuel_tools_vendor/lib:/opt/ros/jazzy/opt/gz_msgs_vendor/lib:/opt/ros/jazzy/opt/gz_common_vendor/lib:/opt/ros/jazzy/opt/gz_math_vendor/lib:/opt/ros/jazzy/opt/gz_utils_vendor/lib:/opt/ros/jazzy/opt/gz_tools_vendor/lib:/opt/ros/jazzy/opt/gz_ogre_next_vendor/lib:/opt/ros/jazzy/opt/gz_dartsim_vendor/lib:/opt/ros/jazzy/opt/gz_cmake_vendor/lib:/opt/ros/jazzy/lib /usr/bin/cmake --build /home/mario/master_ws/build/estun_control -- -j12 -l12
[1.692s] DEBUG:colcon.colcon_core.event_handler.log_command:Invoked command in '/home/mario/master_ws/build/moveit_task_constructor_capabilities' returned '0': CMAKE_PREFIX_PATH=/home/mario/master_ws/install/moveit_task_constructor_core:/home/mario/master_ws/install/rviz_marker_tools:/home/mario/master_ws/install/moveit_task_constructor_msgs:/home/mario/master_ws/install/vision_control:/home/mario/master_ws/install/moveit_task_constructor_demo:/home/mario/master_ws/install/moveit_task_constructor_visualization:/home/mario/master_ws/install/moveit_task_constructor_capabilities:/home/mario/master_ws/install/estun_control:/home/mario/master_ws/install/estun_moveit:/opt/ros/jazzy/opt/gz_sim_vendor:/opt/ros/jazzy/opt/gz_sensors_vendor:/opt/ros/jazzy/opt/gz_physics_vendor:/opt/ros/jazzy/opt/sdformat_vendor:/opt/ros/jazzy/opt/gz_gui_vendor:/opt/ros/jazzy/opt/gz_transport_vendor:/opt/ros/jazzy/opt/gz_rendering_vendor:/opt/ros/jazzy/opt/gz_plugin_vendor:/opt/ros/jazzy/opt/gz_fuel_tools_vendor:/opt/ros/jazzy/opt/gz_msgs_vendor:/opt/ros/jazzy/opt/gz_common_vendor:/opt/ros/jazzy/opt/gz_math_vendor:/opt/ros/jazzy/opt/gz_utils_vendor:/opt/ros/jazzy/opt/gz_tools_vendor:/opt/ros/jazzy/opt/gz_ogre_next_vendor:/opt/ros/jazzy/opt/gz_dartsim_vendor:/opt/ros/jazzy/opt/gz_cmake_vendor:/home/mario/master_ws/install/estun_description:/opt/ros/jazzy DEBUGINFOD_URLS=https://debuginfod.ubuntu.com LD_LIBRARY_PATH=/home/mario/master_ws/install/moveit_task_constructor_core/lib:/home/mario/master_ws/install/rviz_marker_tools/lib:/home/mario/master_ws/install/moveit_task_constructor_msgs/lib:/home/mario/master_ws/install/moveit_task_constructor_demo/lib:/home/mario/master_ws/install/moveit_task_constructor_visualization/lib:/home/mario/master_ws/install/moveit_task_constructor_capabilities/lib:/opt/ros/jazzy/opt/gz_sim_vendor/lib:/opt/ros/jazzy/opt/gz_sensors_vendor/lib:/opt/ros/jazzy/opt/gz_physics_vendor/lib:/opt/ros/jazzy/opt/sdformat_vendor/lib:/opt/ros/jazzy/opt/rviz_ogre_vendor/lib:/opt/ros/jazzy/lib/x86_64-linux-gnu:/opt/ros/jazzy/opt/gz_gui_vendor/lib:/opt/ros/jazzy/opt/gz_transport_vendor/lib:/opt/ros/jazzy/opt/gz_rendering_vendor/lib:/opt/ros/jazzy/opt/gz_plugin_vendor/lib:/opt/ros/jazzy/opt/gz_fuel_tools_vendor/lib:/opt/ros/jazzy/opt/gz_msgs_vendor/lib:/opt/ros/jazzy/opt/gz_common_vendor/lib:/opt/ros/jazzy/opt/gz_math_vendor/lib:/opt/ros/jazzy/opt/gz_utils_vendor/lib:/opt/ros/jazzy/opt/gz_tools_vendor/lib:/opt/ros/jazzy/opt/gz_ogre_next_vendor/lib:/opt/ros/jazzy/opt/gz_dartsim_vendor/lib:/opt/ros/jazzy/opt/gz_cmake_vendor/lib:/opt/ros/jazzy/lib /usr/bin/cmake --build /home/mario/master_ws/build/moveit_task_constructor_capabilities -- -j12 -l12
[1.696s] DEBUG:colcon.colcon_core.event_handler.log_command:Invoking command in '/home/mario/master_ws/build/moveit_task_constructor_capabilities': CMAKE_PREFIX_PATH=/home/mario/master_ws/install/moveit_task_constructor_core:/home/mario/master_ws/install/rviz_marker_tools:/home/mario/master_ws/install/moveit_task_constructor_msgs:/home/mario/master_ws/install/vision_control:/home/mario/master_ws/install/moveit_task_constructor_demo:/home/mario/master_ws/install/moveit_task_constructor_visualization:/home/mario/master_ws/install/moveit_task_constructor_capabilities:/home/mario/master_ws/install/estun_control:/home/mario/master_ws/install/estun_moveit:/opt/ros/jazzy/opt/gz_sim_vendor:/opt/ros/jazzy/opt/gz_sensors_vendor:/opt/ros/jazzy/opt/gz_physics_vendor:/opt/ros/jazzy/opt/sdformat_vendor:/opt/ros/jazzy/opt/gz_gui_vendor:/opt/ros/jazzy/opt/gz_transport_vendor:/opt/ros/jazzy/opt/gz_rendering_vendor:/opt/ros/jazzy/opt/gz_plugin_vendor:/opt/ros/jazzy/opt/gz_fuel_tools_vendor:/opt/ros/jazzy/opt/gz_msgs_vendor:/opt/ros/jazzy/opt/gz_common_vendor:/opt/ros/jazzy/opt/gz_math_vendor:/opt/ros/jazzy/opt/gz_utils_vendor:/opt/ros/jazzy/opt/gz_tools_vendor:/opt/ros/jazzy/opt/gz_ogre_next_vendor:/opt/ros/jazzy/opt/gz_dartsim_vendor:/opt/ros/jazzy/opt/gz_cmake_vendor:/home/mario/master_ws/install/estun_description:/opt/ros/jazzy DEBUGINFOD_URLS=https://debuginfod.ubuntu.com LD_LIBRARY_PATH=/home/mario/master_ws/install/moveit_task_constructor_core/lib:/home/mario/master_ws/install/rviz_marker_tools/lib:/home/mario/master_ws/install/moveit_task_constructor_msgs/lib:/home/mario/master_ws/install/moveit_task_constructor_demo/lib:/home/mario/master_ws/install/moveit_task_constructor_visualization/lib:/home/mario/master_ws/install/moveit_task_constructor_capabilities/lib:/opt/ros/jazzy/opt/gz_sim_vendor/lib:/opt/ros/jazzy/opt/gz_sensors_vendor/lib:/opt/ros/jazzy/opt/gz_physics_vendor/lib:/opt/ros/jazzy/opt/sdformat_vendor/lib:/opt/ros/jazzy/opt/rviz_ogre_vendor/lib:/opt/ros/jazzy/lib/x86_64-linux-gnu:/opt/ros/jazzy/opt/gz_gui_vendor/lib:/opt/ros/jazzy/opt/gz_transport_vendor/lib:/opt/ros/jazzy/opt/gz_rendering_vendor/lib:/opt/ros/jazzy/opt/gz_plugin_vendor/lib:/opt/ros/jazzy/opt/gz_fuel_tools_vendor/lib:/opt/ros/jazzy/opt/gz_msgs_vendor/lib:/opt/ros/jazzy/opt/gz_common_vendor/lib:/opt/ros/jazzy/opt/gz_math_vendor/lib:/opt/ros/jazzy/opt/gz_utils_vendor/lib:/opt/ros/jazzy/opt/gz_tools_vendor/lib:/opt/ros/jazzy/opt/gz_ogre_next_vendor/lib:/opt/ros/jazzy/opt/gz_dartsim_vendor/lib:/opt/ros/jazzy/opt/gz_cmake_vendor/lib:/opt/ros/jazzy/lib /usr/bin/cmake --install /home/mario/master_ws/build/moveit_task_constructor_capabilities
[1.696s] DEBUG:colcon.colcon_core.event_handler.log_command:Invoked command in '/home/mario/master_ws/build/estun_control' returned '0': CMAKE_PREFIX_PATH=/home/mario/master_ws/install/moveit_task_constructor_core:/home/mario/master_ws/install/rviz_marker_tools:/home/mario/master_ws/install/moveit_task_constructor_msgs:/home/mario/master_ws/install/vision_control:/home/mario/master_ws/install/moveit_task_constructor_demo:/home/mario/master_ws/install/moveit_task_constructor_visualization:/home/mario/master_ws/install/moveit_task_constructor_capabilities:/home/mario/master_ws/install/estun_control:/home/mario/master_ws/install/estun_moveit:/opt/ros/jazzy/opt/gz_sim_vendor:/opt/ros/jazzy/opt/gz_sensors_vendor:/opt/ros/jazzy/opt/gz_physics_vendor:/opt/ros/jazzy/opt/sdformat_vendor:/opt/ros/jazzy/opt/gz_gui_vendor:/opt/ros/jazzy/opt/gz_transport_vendor:/opt/ros/jazzy/opt/gz_rendering_vendor:/opt/ros/jazzy/opt/gz_plugin_vendor:/opt/ros/jazzy/opt/gz_fuel_tools_vendor:/opt/ros/jazzy/opt/gz_msgs_vendor:/opt/ros/jazzy/opt/gz_common_vendor:/opt/ros/jazzy/opt/gz_math_vendor:/opt/ros/jazzy/opt/gz_utils_vendor:/opt/ros/jazzy/opt/gz_tools_vendor:/opt/ros/jazzy/opt/gz_ogre_next_vendor:/opt/ros/jazzy/opt/gz_dartsim_vendor:/opt/ros/jazzy/opt/gz_cmake_vendor:/home/mario/master_ws/install/estun_description:/opt/ros/jazzy DEBUGINFOD_URLS=https://debuginfod.ubuntu.com LD_LIBRARY_PATH=/home/mario/master_ws/install/moveit_task_constructor_core/lib:/home/mario/master_ws/install/rviz_marker_tools/lib:/home/mario/master_ws/install/moveit_task_constructor_msgs/lib:/home/mario/master_ws/install/moveit_task_constructor_demo/lib:/home/mario/master_ws/install/moveit_task_constructor_visualization/lib:/home/mario/master_ws/install/moveit_task_constructor_capabilities/lib:/opt/ros/jazzy/opt/gz_sim_vendor/lib:/opt/ros/jazzy/opt/gz_sensors_vendor/lib:/opt/ros/jazzy/opt/gz_physics_vendor/lib:/opt/ros/jazzy/opt/sdformat_vendor/lib:/opt/ros/jazzy/opt/rviz_ogre_vendor/lib:/opt/ros/jazzy/lib/x86_64-linux-gnu:/opt/ros/jazzy/opt/gz_gui_vendor/lib:/opt/ros/jazzy/opt/gz_transport_vendor/lib:/opt/ros/jazzy/opt/gz_rendering_vendor/lib:/opt/ros/jazzy/opt/gz_plugin_vendor/lib:/opt/ros/jazzy/opt/gz_fuel_tools_vendor/lib:/opt/ros/jazzy/opt/gz_msgs_vendor/lib:/opt/ros/jazzy/opt/gz_common_vendor/lib:/opt/ros/jazzy/opt/gz_math_vendor/lib:/opt/ros/jazzy/opt/gz_utils_vendor/lib:/opt/ros/jazzy/opt/gz_tools_vendor/lib:/opt/ros/jazzy/opt/gz_ogre_next_vendor/lib:/opt/ros/jazzy/opt/gz_dartsim_vendor/lib:/opt/ros/jazzy/opt/gz_cmake_vendor/lib:/opt/ros/jazzy/lib /usr/bin/cmake --build /home/mario/master_ws/build/estun_control -- -j12 -l12
[1.696s] DEBUG:colcon.colcon_core.event_handler.log_command:Invoking command in '/home/mario/master_ws/build/estun_control': CMAKE_PREFIX_PATH=/home/mario/master_ws/install/moveit_task_constructor_core:/home/mario/master_ws/install/rviz_marker_tools:/home/mario/master_ws/install/moveit_task_constructor_msgs:/home/mario/master_ws/install/vision_control:/home/mario/master_ws/install/moveit_task_constructor_demo:/home/mario/master_ws/install/moveit_task_constructor_visualization:/home/mario/master_ws/install/moveit_task_constructor_capabilities:/home/mario/master_ws/install/estun_control:/home/mario/master_ws/install/estun_moveit:/opt/ros/jazzy/opt/gz_sim_vendor:/opt/ros/jazzy/opt/gz_sensors_vendor:/opt/ros/jazzy/opt/gz_physics_vendor:/opt/ros/jazzy/opt/sdformat_vendor:/opt/ros/jazzy/opt/gz_gui_vendor:/opt/ros/jazzy/opt/gz_transport_vendor:/opt/ros/jazzy/opt/gz_rendering_vendor:/opt/ros/jazzy/opt/gz_plugin_vendor:/opt/ros/jazzy/opt/gz_fuel_tools_vendor:/opt/ros/jazzy/opt/gz_msgs_vendor:/opt/ros/jazzy/opt/gz_common_vendor:/opt/ros/jazzy/opt/gz_math_vendor:/opt/ros/jazzy/opt/gz_utils_vendor:/opt/ros/jazzy/opt/gz_tools_vendor:/opt/ros/jazzy/opt/gz_ogre_next_vendor:/opt/ros/jazzy/opt/gz_dartsim_vendor:/opt/ros/jazzy/opt/gz_cmake_vendor:/home/mario/master_ws/install/estun_description:/opt/ros/jazzy DEBUGINFOD_URLS=https://debuginfod.ubuntu.com LD_LIBRARY_PATH=/home/mario/master_ws/install/moveit_task_constructor_core/lib:/home/mario/master_ws/install/rviz_marker_tools/lib:/home/mario/master_ws/install/moveit_task_constructor_msgs/lib:/home/mario/master_ws/install/moveit_task_constructor_demo/lib:/home/mario/master_ws/install/moveit_task_constructor_visualization/lib:/home/mario/master_ws/install/moveit_task_constructor_capabilities/lib:/opt/ros/jazzy/opt/gz_sim_vendor/lib:/opt/ros/jazzy/opt/gz_sensors_vendor/lib:/opt/ros/jazzy/opt/gz_physics_vendor/lib:/opt/ros/jazzy/opt/sdformat_vendor/lib:/opt/ros/jazzy/opt/rviz_ogre_vendor/lib:/opt/ros/jazzy/lib/x86_64-linux-gnu:/opt/ros/jazzy/opt/gz_gui_vendor/lib:/opt/ros/jazzy/opt/gz_transport_vendor/lib:/opt/ros/jazzy/opt/gz_rendering_vendor/lib:/opt/ros/jazzy/opt/gz_plugin_vendor/lib:/opt/ros/jazzy/opt/gz_fuel_tools_vendor/lib:/opt/ros/jazzy/opt/gz_msgs_vendor/lib:/opt/ros/jazzy/opt/gz_common_vendor/lib:/opt/ros/jazzy/opt/gz_math_vendor/lib:/opt/ros/jazzy/opt/gz_utils_vendor/lib:/opt/ros/jazzy/opt/gz_tools_vendor/lib:/opt/ros/jazzy/opt/gz_ogre_next_vendor/lib:/opt/ros/jazzy/opt/gz_dartsim_vendor/lib:/opt/ros/jazzy/opt/gz_cmake_vendor/lib:/opt/ros/jazzy/lib /usr/bin/cmake --install /home/mario/master_ws/build/estun_control
[1.711s] Level 1:colcon.colcon_core.environment:create_environment_scripts_only(moveit_task_constructor_capabilities)
[1.711s] Level 1:colcon.colcon_core.environment:checking '/home/mario/master_ws/install/moveit_task_constructor_capabilities' for CMake module files
[1.711s] DEBUG:colcon.colcon_core.event_handler.log_command:Invoked command in '/home/mario/master_ws/build/moveit_task_constructor_capabilities' returned '0': CMAKE_PREFIX_PATH=/home/mario/master_ws/install/moveit_task_constructor_core:/home/mario/master_ws/install/rviz_marker_tools:/home/mario/master_ws/install/moveit_task_constructor_msgs:/home/mario/master_ws/install/vision_control:/home/mario/master_ws/install/moveit_task_constructor_demo:/home/mario/master_ws/install/moveit_task_constructor_visualization:/home/mario/master_ws/install/moveit_task_constructor_capabilities:/home/mario/master_ws/install/estun_control:/home/mario/master_ws/install/estun_moveit:/opt/ros/jazzy/opt/gz_sim_vendor:/opt/ros/jazzy/opt/gz_sensors_vendor:/opt/ros/jazzy/opt/gz_physics_vendor:/opt/ros/jazzy/opt/sdformat_vendor:/opt/ros/jazzy/opt/gz_gui_vendor:/opt/ros/jazzy/opt/gz_transport_vendor:/opt/ros/jazzy/opt/gz_rendering_vendor:/opt/ros/jazzy/opt/gz_plugin_vendor:/opt/ros/jazzy/opt/gz_fuel_tools_vendor:/opt/ros/jazzy/opt/gz_msgs_vendor:/opt/ros/jazzy/opt/gz_common_vendor:/opt/ros/jazzy/opt/gz_math_vendor:/opt/ros/jazzy/opt/gz_utils_vendor:/opt/ros/jazzy/opt/gz_tools_vendor:/opt/ros/jazzy/opt/gz_ogre_next_vendor:/opt/ros/jazzy/opt/gz_dartsim_vendor:/opt/ros/jazzy/opt/gz_cmake_vendor:/home/mario/master_ws/install/estun_description:/opt/ros/jazzy DEBUGINFOD_URLS=https://debuginfod.ubuntu.com LD_LIBRARY_PATH=/home/mario/master_ws/install/moveit_task_constructor_core/lib:/home/mario/master_ws/install/rviz_marker_tools/lib:/home/mario/master_ws/install/moveit_task_constructor_msgs/lib:/home/mario/master_ws/install/moveit_task_constructor_demo/lib:/home/mario/master_ws/install/moveit_task_constructor_visualization/lib:/home/mario/master_ws/install/moveit_task_constructor_capabilities/lib:/opt/ros/jazzy/opt/gz_sim_vendor/lib:/opt/ros/jazzy/opt/gz_sensors_vendor/lib:/opt/ros/jazzy/opt/gz_physics_vendor/lib:/opt/ros/jazzy/opt/sdformat_vendor/lib:/opt/ros/jazzy/opt/rviz_ogre_vendor/lib:/opt/ros/jazzy/lib/x86_64-linux-gnu:/opt/ros/jazzy/opt/gz_gui_vendor/lib:/opt/ros/jazzy/opt/gz_transport_vendor/lib:/opt/ros/jazzy/opt/gz_rendering_vendor/lib:/opt/ros/jazzy/opt/gz_plugin_vendor/lib:/opt/ros/jazzy/opt/gz_fuel_tools_vendor/lib:/opt/ros/jazzy/opt/gz_msgs_vendor/lib:/opt/ros/jazzy/opt/gz_common_vendor/lib:/opt/ros/jazzy/opt/gz_math_vendor/lib:/opt/ros/jazzy/opt/gz_utils_vendor/lib:/opt/ros/jazzy/opt/gz_tools_vendor/lib:/opt/ros/jazzy/opt/gz_ogre_next_vendor/lib:/opt/ros/jazzy/opt/gz_dartsim_vendor/lib:/opt/ros/jazzy/opt/gz_cmake_vendor/lib:/opt/ros/jazzy/lib /usr/bin/cmake --install /home/mario/master_ws/build/moveit_task_constructor_capabilities
[1.712s] Level 1:colcon.colcon_core.environment:checking '/home/mario/master_ws/install/moveit_task_constructor_capabilities' for CMake config files
[1.712s] Level 1:colcon.colcon_core.shell:create_environment_hook('moveit_task_constructor_capabilities', 'cmake_prefix_path')
[1.713s] INFO:colcon.colcon_core.shell:Creating environment hook '/home/mario/master_ws/install/moveit_task_constructor_capabilities/share/moveit_task_constructor_capabilities/hook/cmake_prefix_path.ps1'
[1.713s] INFO:colcon.colcon_core.shell:Creating environment descriptor '/home/mario/master_ws/install/moveit_task_constructor_capabilities/share/moveit_task_constructor_capabilities/hook/cmake_prefix_path.dsv'
[1.713s] INFO:colcon.colcon_core.shell:Creating environment hook '/home/mario/master_ws/install/moveit_task_constructor_capabilities/share/moveit_task_constructor_capabilities/hook/cmake_prefix_path.sh'
[1.714s] Level 1:colcon.colcon_core.environment:checking '/home/mario/master_ws/install/moveit_task_constructor_capabilities/lib'
[1.714s] Level 1:colcon.colcon_core.shell:create_environment_hook('moveit_task_constructor_capabilities', 'ld_library_path_lib')
[1.714s] INFO:colcon.colcon_core.shell:Creating environment hook '/home/mario/master_ws/install/moveit_task_constructor_capabilities/share/moveit_task_constructor_capabilities/hook/ld_library_path_lib.ps1'
[1.714s] INFO:colcon.colcon_core.shell:Creating environment descriptor '/home/mario/master_ws/install/moveit_task_constructor_capabilities/share/moveit_task_constructor_capabilities/hook/ld_library_path_lib.dsv'
[1.714s] INFO:colcon.colcon_core.shell:Creating environment hook '/home/mario/master_ws/install/moveit_task_constructor_capabilities/share/moveit_task_constructor_capabilities/hook/ld_library_path_lib.sh'
[1.715s] Level 1:colcon.colcon_core.environment:checking '/home/mario/master_ws/install/moveit_task_constructor_capabilities/bin'
[1.715s] Level 1:colcon.colcon_core.environment:checking '/home/mario/master_ws/install/moveit_task_constructor_capabilities/lib/pkgconfig/moveit_task_constructor_capabilities.pc'
[1.715s] Level 1:colcon.colcon_core.environment:checking '/home/mario/master_ws/install/moveit_task_constructor_capabilities/lib/python3.12/site-packages'
[1.715s] Level 1:colcon.colcon_core.environment:checking '/home/mario/master_ws/install/moveit_task_constructor_capabilities/bin'
[1.715s] INFO:colcon.colcon_core.shell:Creating package script '/home/mario/master_ws/install/moveit_task_constructor_capabilities/share/moveit_task_constructor_capabilities/package.ps1'
[1.716s] INFO:colcon.colcon_core.shell:Creating package descriptor '/home/mario/master_ws/install/moveit_task_constructor_capabilities/share/moveit_task_constructor_capabilities/package.dsv'
[1.716s] INFO:colcon.colcon_core.shell:Creating package script '/home/mario/master_ws/install/moveit_task_constructor_capabilities/share/moveit_task_constructor_capabilities/package.sh'
[1.717s] INFO:colcon.colcon_core.shell:Creating package script '/home/mario/master_ws/install/moveit_task_constructor_capabilities/share/moveit_task_constructor_capabilities/package.bash'
[1.717s] INFO:colcon.colcon_core.shell:Creating package script '/home/mario/master_ws/install/moveit_task_constructor_capabilities/share/moveit_task_constructor_capabilities/package.zsh'
[1.717s] Level 1:colcon.colcon_core.environment:create_file_with_runtime_dependencies(/home/mario/master_ws/install/moveit_task_constructor_capabilities/share/colcon-core/packages/moveit_task_constructor_capabilities)
[1.718s] Level 1:colcon.colcon_core.environment:create_environment_scripts_only(moveit_task_constructor_capabilities)
[1.718s] Level 1:colcon.colcon_core.environment:checking '/home/mario/master_ws/install/moveit_task_constructor_capabilities' for CMake module files
[1.719s] Level 1:colcon.colcon_core.environment:checking '/home/mario/master_ws/install/moveit_task_constructor_capabilities' for CMake config files
[1.719s] Level 1:colcon.colcon_core.shell:create_environment_hook('moveit_task_constructor_capabilities', 'cmake_prefix_path')
[1.719s] INFO:colcon.colcon_core.shell:Creating environment hook '/home/mario/master_ws/install/moveit_task_constructor_capabilities/share/moveit_task_constructor_capabilities/hook/cmake_prefix_path.ps1'
[1.719s] INFO:colcon.colcon_core.shell:Creating environment descriptor '/home/mario/master_ws/install/moveit_task_constructor_capabilities/share/moveit_task_constructor_capabilities/hook/cmake_prefix_path.dsv'
[1.720s] INFO:colcon.colcon_core.shell:Creating environment hook '/home/mario/master_ws/install/moveit_task_constructor_capabilities/share/moveit_task_constructor_capabilities/hook/cmake_prefix_path.sh'
[1.720s] Level 1:colcon.colcon_core.environment:checking '/home/mario/master_ws/install/moveit_task_constructor_capabilities/lib'
[1.720s] Level 1:colcon.colcon_core.shell:create_environment_hook('moveit_task_constructor_capabilities', 'ld_library_path_lib')
[1.720s] INFO:colcon.colcon_core.shell:Creating environment hook '/home/mario/master_ws/install/moveit_task_constructor_capabilities/share/moveit_task_constructor_capabilities/hook/ld_library_path_lib.ps1'
[1.721s] INFO:colcon.colcon_core.shell:Creating environment descriptor '/home/mario/master_ws/install/moveit_task_constructor_capabilities/share/moveit_task_constructor_capabilities/hook/ld_library_path_lib.dsv'
[1.721s] INFO:colcon.colcon_core.shell:Creating environment hook '/home/mario/master_ws/install/moveit_task_constructor_capabilities/share/moveit_task_constructor_capabilities/hook/ld_library_path_lib.sh'
[1.721s] Level 1:colcon.colcon_core.environment:checking '/home/mario/master_ws/install/moveit_task_constructor_capabilities/bin'
[1.721s] Level 1:colcon.colcon_core.environment:checking '/home/mario/master_ws/install/moveit_task_constructor_capabilities/lib/pkgconfig/moveit_task_constructor_capabilities.pc'
[1.722s] Level 1:colcon.colcon_core.environment:checking '/home/mario/master_ws/install/moveit_task_constructor_capabilities/lib/python3.12/site-packages'
[1.722s] Level 1:colcon.colcon_core.environment:checking '/home/mario/master_ws/install/moveit_task_constructor_capabilities/bin'
[1.722s] INFO:colcon.colcon_core.shell:Creating package script '/home/mario/master_ws/install/moveit_task_constructor_capabilities/share/moveit_task_constructor_capabilities/package.ps1'
[1.723s] INFO:colcon.colcon_core.shell:Creating package descriptor '/home/mario/master_ws/install/moveit_task_constructor_capabilities/share/moveit_task_constructor_capabilities/package.dsv'
[1.723s] INFO:colcon.colcon_core.shell:Creating package script '/home/mario/master_ws/install/moveit_task_constructor_capabilities/share/moveit_task_constructor_capabilities/package.sh'
[1.724s] INFO:colcon.colcon_core.shell:Creating package script '/home/mario/master_ws/install/moveit_task_constructor_capabilities/share/moveit_task_constructor_capabilities/package.bash'
[1.724s] INFO:colcon.colcon_core.shell:Creating package script '/home/mario/master_ws/install/moveit_task_constructor_capabilities/share/moveit_task_constructor_capabilities/package.zsh'
[1.724s] Level 1:colcon.colcon_core.environment:create_file_with_runtime_dependencies(/home/mario/master_ws/install/moveit_task_constructor_capabilities/share/colcon-core/packages/moveit_task_constructor_capabilities)
[1.725s] Level 1:colcon.colcon_core.environment:create_environment_scripts_only(estun_control)
[1.725s] Level 1:colcon.colcon_core.environment:checking '/home/mario/master_ws/install/estun_control' for CMake module files
[1.725s] Level 1:colcon.colcon_core.environment:checking '/home/mario/master_ws/install/estun_control' for CMake config files
[1.726s] DEBUG:colcon.colcon_core.event_handler.log_command:Invoked command in '/home/mario/master_ws/build/estun_control' returned '0': CMAKE_PREFIX_PATH=/home/mario/master_ws/install/moveit_task_constructor_core:/home/mario/master_ws/install/rviz_marker_tools:/home/mario/master_ws/install/moveit_task_constructor_msgs:/home/mario/master_ws/install/vision_control:/home/mario/master_ws/install/moveit_task_constructor_demo:/home/mario/master_ws/install/moveit_task_constructor_visualization:/home/mario/master_ws/install/moveit_task_constructor_capabilities:/home/mario/master_ws/install/estun_control:/home/mario/master_ws/install/estun_moveit:/opt/ros/jazzy/opt/gz_sim_vendor:/opt/ros/jazzy/opt/gz_sensors_vendor:/opt/ros/jazzy/opt/gz_physics_vendor:/opt/ros/jazzy/opt/sdformat_vendor:/opt/ros/jazzy/opt/gz_gui_vendor:/opt/ros/jazzy/opt/gz_transport_vendor:/opt/ros/jazzy/opt/gz_rendering_vendor:/opt/ros/jazzy/opt/gz_plugin_vendor:/opt/ros/jazzy/opt/gz_fuel_tools_vendor:/opt/ros/jazzy/opt/gz_msgs_vendor:/opt/ros/jazzy/opt/gz_common_vendor:/opt/ros/jazzy/opt/gz_math_vendor:/opt/ros/jazzy/opt/gz_utils_vendor:/opt/ros/jazzy/opt/gz_tools_vendor:/opt/ros/jazzy/opt/gz_ogre_next_vendor:/opt/ros/jazzy/opt/gz_dartsim_vendor:/opt/ros/jazzy/opt/gz_cmake_vendor:/home/mario/master_ws/install/estun_description:/opt/ros/jazzy DEBUGINFOD_URLS=https://debuginfod.ubuntu.com LD_LIBRARY_PATH=/home/mario/master_ws/install/moveit_task_constructor_core/lib:/home/mario/master_ws/install/rviz_marker_tools/lib:/home/mario/master_ws/install/moveit_task_constructor_msgs/lib:/home/mario/master_ws/install/moveit_task_constructor_demo/lib:/home/mario/master_ws/install/moveit_task_constructor_visualization/lib:/home/mario/master_ws/install/moveit_task_constructor_capabilities/lib:/opt/ros/jazzy/opt/gz_sim_vendor/lib:/opt/ros/jazzy/opt/gz_sensors_vendor/lib:/opt/ros/jazzy/opt/gz_physics_vendor/lib:/opt/ros/jazzy/opt/sdformat_vendor/lib:/opt/ros/jazzy/opt/rviz_ogre_vendor/lib:/opt/ros/jazzy/lib/x86_64-linux-gnu:/opt/ros/jazzy/opt/gz_gui_vendor/lib:/opt/ros/jazzy/opt/gz_transport_vendor/lib:/opt/ros/jazzy/opt/gz_rendering_vendor/lib:/opt/ros/jazzy/opt/gz_plugin_vendor/lib:/opt/ros/jazzy/opt/gz_fuel_tools_vendor/lib:/opt/ros/jazzy/opt/gz_msgs_vendor/lib:/opt/ros/jazzy/opt/gz_common_vendor/lib:/opt/ros/jazzy/opt/gz_math_vendor/lib:/opt/ros/jazzy/opt/gz_utils_vendor/lib:/opt/ros/jazzy/opt/gz_tools_vendor/lib:/opt/ros/jazzy/opt/gz_ogre_next_vendor/lib:/opt/ros/jazzy/opt/gz_dartsim_vendor/lib:/opt/ros/jazzy/opt/gz_cmake_vendor/lib:/opt/ros/jazzy/lib /usr/bin/cmake --install /home/mario/master_ws/build/estun_control
[1.726s] Level 1:colcon.colcon_core.shell:create_environment_hook('estun_control', 'cmake_prefix_path')
[1.726s] INFO:colcon.colcon_core.shell:Creating environment hook '/home/mario/master_ws/install/estun_control/share/estun_control/hook/cmake_prefix_path.ps1'
[1.727s] INFO:colcon.colcon_core.shell:Creating environment descriptor '/home/mario/master_ws/install/estun_control/share/estun_control/hook/cmake_prefix_path.dsv'
[1.727s] INFO:colcon.colcon_core.shell:Creating environment hook '/home/mario/master_ws/install/estun_control/share/estun_control/hook/cmake_prefix_path.sh'
[1.727s] Level 1:colcon.colcon_core.environment:checking '/home/mario/master_ws/install/estun_control/lib'
[1.727s] Level 1:colcon.colcon_core.environment:checking '/home/mario/master_ws/install/estun_control/bin'
[1.727s] Level 1:colcon.colcon_core.environment:checking '/home/mario/master_ws/install/estun_control/lib/pkgconfig/estun_control.pc'
[1.728s] Level 1:colcon.colcon_core.environment:checking '/home/mario/master_ws/install/estun_control/lib/python3.12/site-packages'
[1.728s] Level 1:colcon.colcon_core.environment:checking '/home/mario/master_ws/install/estun_control/bin'
[1.728s] INFO:colcon.colcon_core.shell:Creating package script '/home/mario/master_ws/install/estun_control/share/estun_control/package.ps1'
[1.729s] INFO:colcon.colcon_core.shell:Creating package descriptor '/home/mario/master_ws/install/estun_control/share/estun_control/package.dsv'
[1.729s] INFO:colcon.colcon_core.shell:Creating package script '/home/mario/master_ws/install/estun_control/share/estun_control/package.sh'
[1.729s] INFO:colcon.colcon_core.shell:Creating package script '/home/mario/master_ws/install/estun_control/share/estun_control/package.bash'
[1.729s] INFO:colcon.colcon_core.shell:Creating package script '/home/mario/master_ws/install/estun_control/share/estun_control/package.zsh'
[1.730s] Level 1:colcon.colcon_core.environment:create_file_with_runtime_dependencies(/home/mario/master_ws/install/estun_control/share/colcon-core/packages/estun_control)
[1.730s] Level 1:colcon.colcon_core.environment:create_environment_scripts_only(estun_control)
[1.730s] Level 1:colcon.colcon_core.environment:checking '/home/mario/master_ws/install/estun_control' for CMake module files
[1.731s] Level 1:colcon.colcon_core.environment:checking '/home/mario/master_ws/install/estun_control' for CMake config files
[1.731s] Level 1:colcon.colcon_core.shell:create_environment_hook('estun_control', 'cmake_prefix_path')
[1.732s] INFO:colcon.colcon_core.shell:Creating environment hook '/home/mario/master_ws/install/estun_control/share/estun_control/hook/cmake_prefix_path.ps1'
[1.732s] INFO:colcon.colcon_core.shell:Creating environment descriptor '/home/mario/master_ws/install/estun_control/share/estun_control/hook/cmake_prefix_path.dsv'
[1.732s] INFO:colcon.colcon_core.shell:Creating environment hook '/home/mario/master_ws/install/estun_control/share/estun_control/hook/cmake_prefix_path.sh'
[1.733s] Level 1:colcon.colcon_core.environment:checking '/home/mario/master_ws/install/estun_control/lib'
[1.733s] Level 1:colcon.colcon_core.environment:checking '/home/mario/master_ws/install/estun_control/bin'
[1.733s] Level 1:colcon.colcon_core.environment:checking '/home/mario/master_ws/install/estun_control/lib/pkgconfig/estun_control.pc'
[1.733s] Level 1:colcon.colcon_core.environment:checking '/home/mario/master_ws/install/estun_control/lib/python3.12/site-packages'
[1.733s] Level 1:colcon.colcon_core.environment:checking '/home/mario/master_ws/install/estun_control/bin'
[1.733s] INFO:colcon.colcon_core.shell:Creating package script '/home/mario/master_ws/install/estun_control/share/estun_control/package.ps1'
[1.734s] INFO:colcon.colcon_core.shell:Creating package descriptor '/home/mario/master_ws/install/estun_control/share/estun_control/package.dsv'
[1.734s] INFO:colcon.colcon_core.shell:Creating package script '/home/mario/master_ws/install/estun_control/share/estun_control/package.sh'
[1.734s] INFO:colcon.colcon_core.shell:Creating package script '/home/mario/master_ws/install/estun_control/share/estun_control/package.bash'
[1.735s] INFO:colcon.colcon_core.shell:Creating package script '/home/mario/master_ws/install/estun_control/share/estun_control/package.zsh'
[1.735s] Level 1:colcon.colcon_core.environment:create_file_with_runtime_dependencies(/home/mario/master_ws/install/estun_control/share/colcon-core/packages/estun_control)
[2.001s] DEBUG:colcon.colcon_core.event_handler.log_command:Invoked command in '/home/mario/master_ws/build/moveit_task_constructor_visualization' returned '0': CMAKE_PREFIX_PATH=/home/mario/master_ws/install/moveit_task_constructor_core:/home/mario/master_ws/install/rviz_marker_tools:/home/mario/master_ws/install/moveit_task_constructor_msgs:/home/mario/master_ws/install/vision_control:/home/mario/master_ws/install/moveit_task_constructor_demo:/home/mario/master_ws/install/moveit_task_constructor_visualization:/home/mario/master_ws/install/moveit_task_constructor_capabilities:/home/mario/master_ws/install/estun_control:/home/mario/master_ws/install/estun_moveit:/opt/ros/jazzy/opt/gz_sim_vendor:/opt/ros/jazzy/opt/gz_sensors_vendor:/opt/ros/jazzy/opt/gz_physics_vendor:/opt/ros/jazzy/opt/sdformat_vendor:/opt/ros/jazzy/opt/gz_gui_vendor:/opt/ros/jazzy/opt/gz_transport_vendor:/opt/ros/jazzy/opt/gz_rendering_vendor:/opt/ros/jazzy/opt/gz_plugin_vendor:/opt/ros/jazzy/opt/gz_fuel_tools_vendor:/opt/ros/jazzy/opt/gz_msgs_vendor:/opt/ros/jazzy/opt/gz_common_vendor:/opt/ros/jazzy/opt/gz_math_vendor:/opt/ros/jazzy/opt/gz_utils_vendor:/opt/ros/jazzy/opt/gz_tools_vendor:/opt/ros/jazzy/opt/gz_ogre_next_vendor:/opt/ros/jazzy/opt/gz_dartsim_vendor:/opt/ros/jazzy/opt/gz_cmake_vendor:/home/mario/master_ws/install/estun_description:/opt/ros/jazzy DEBUGINFOD_URLS=https://debuginfod.ubuntu.com LD_LIBRARY_PATH=/home/mario/master_ws/install/moveit_task_constructor_core/lib:/home/mario/master_ws/install/rviz_marker_tools/lib:/home/mario/master_ws/install/moveit_task_constructor_msgs/lib:/home/mario/master_ws/install/moveit_task_constructor_demo/lib:/home/mario/master_ws/install/moveit_task_constructor_visualization/lib:/home/mario/master_ws/install/moveit_task_constructor_capabilities/lib:/opt/ros/jazzy/opt/gz_sim_vendor/lib:/opt/ros/jazzy/opt/gz_sensors_vendor/lib:/opt/ros/jazzy/opt/gz_physics_vendor/lib:/opt/ros/jazzy/opt/sdformat_vendor/lib:/opt/ros/jazzy/opt/rviz_ogre_vendor/lib:/opt/ros/jazzy/lib/x86_64-linux-gnu:/opt/ros/jazzy/opt/gz_gui_vendor/lib:/opt/ros/jazzy/opt/gz_transport_vendor/lib:/opt/ros/jazzy/opt/gz_rendering_vendor/lib:/opt/ros/jazzy/opt/gz_plugin_vendor/lib:/opt/ros/jazzy/opt/gz_fuel_tools_vendor/lib:/opt/ros/jazzy/opt/gz_msgs_vendor/lib:/opt/ros/jazzy/opt/gz_common_vendor/lib:/opt/ros/jazzy/opt/gz_math_vendor/lib:/opt/ros/jazzy/opt/gz_utils_vendor/lib:/opt/ros/jazzy/opt/gz_tools_vendor/lib:/opt/ros/jazzy/opt/gz_ogre_next_vendor/lib:/opt/ros/jazzy/opt/gz_dartsim_vendor/lib:/opt/ros/jazzy/opt/gz_cmake_vendor/lib:/opt/ros/jazzy/lib /usr/bin/cmake --build /home/mario/master_ws/build/moveit_task_constructor_visualization -- -j12 -l12
[2.002s] DEBUG:colcon.colcon_core.event_handler.log_command:Invoking command in '/home/mario/master_ws/build/moveit_task_constructor_visualization': CMAKE_PREFIX_PATH=/home/mario/master_ws/install/moveit_task_constructor_core:/home/mario/master_ws/install/rviz_marker_tools:/home/mario/master_ws/install/moveit_task_constructor_msgs:/home/mario/master_ws/install/vision_control:/home/mario/master_ws/install/moveit_task_constructor_demo:/home/mario/master_ws/install/moveit_task_constructor_visualization:/home/mario/master_ws/install/moveit_task_constructor_capabilities:/home/mario/master_ws/install/estun_control:/home/mario/master_ws/install/estun_moveit:/opt/ros/jazzy/opt/gz_sim_vendor:/opt/ros/jazzy/opt/gz_sensors_vendor:/opt/ros/jazzy/opt/gz_physics_vendor:/opt/ros/jazzy/opt/sdformat_vendor:/opt/ros/jazzy/opt/gz_gui_vendor:/opt/ros/jazzy/opt/gz_transport_vendor:/opt/ros/jazzy/opt/gz_rendering_vendor:/opt/ros/jazzy/opt/gz_plugin_vendor:/opt/ros/jazzy/opt/gz_fuel_tools_vendor:/opt/ros/jazzy/opt/gz_msgs_vendor:/opt/ros/jazzy/opt/gz_common_vendor:/opt/ros/jazzy/opt/gz_math_vendor:/opt/ros/jazzy/opt/gz_utils_vendor:/opt/ros/jazzy/opt/gz_tools_vendor:/opt/ros/jazzy/opt/gz_ogre_next_vendor:/opt/ros/jazzy/opt/gz_dartsim_vendor:/opt/ros/jazzy/opt/gz_cmake_vendor:/home/mario/master_ws/install/estun_description:/opt/ros/jazzy DEBUGINFOD_URLS=https://debuginfod.ubuntu.com LD_LIBRARY_PATH=/home/mario/master_ws/install/moveit_task_constructor_core/lib:/home/mario/master_ws/install/rviz_marker_tools/lib:/home/mario/master_ws/install/moveit_task_constructor_msgs/lib:/home/mario/master_ws/install/moveit_task_constructor_demo/lib:/home/mario/master_ws/install/moveit_task_constructor_visualization/lib:/home/mario/master_ws/install/moveit_task_constructor_capabilities/lib:/opt/ros/jazzy/opt/gz_sim_vendor/lib:/opt/ros/jazzy/opt/gz_sensors_vendor/lib:/opt/ros/jazzy/opt/gz_physics_vendor/lib:/opt/ros/jazzy/opt/sdformat_vendor/lib:/opt/ros/jazzy/opt/rviz_ogre_vendor/lib:/opt/ros/jazzy/lib/x86_64-linux-gnu:/opt/ros/jazzy/opt/gz_gui_vendor/lib:/opt/ros/jazzy/opt/gz_transport_vendor/lib:/opt/ros/jazzy/opt/gz_rendering_vendor/lib:/opt/ros/jazzy/opt/gz_plugin_vendor/lib:/opt/ros/jazzy/opt/gz_fuel_tools_vendor/lib:/opt/ros/jazzy/opt/gz_msgs_vendor/lib:/opt/ros/jazzy/opt/gz_common_vendor/lib:/opt/ros/jazzy/opt/gz_math_vendor/lib:/opt/ros/jazzy/opt/gz_utils_vendor/lib:/opt/ros/jazzy/opt/gz_tools_vendor/lib:/opt/ros/jazzy/opt/gz_ogre_next_vendor/lib:/opt/ros/jazzy/opt/gz_dartsim_vendor/lib:/opt/ros/jazzy/opt/gz_cmake_vendor/lib:/opt/ros/jazzy/lib /usr/bin/cmake --install /home/mario/master_ws/build/moveit_task_constructor_visualization
[2.016s] Level 1:colcon.colcon_core.environment:create_environment_scripts_only(moveit_task_constructor_visualization)
[2.016s] Level 1:colcon.colcon_core.environment:checking '/home/mario/master_ws/install/moveit_task_constructor_visualization' for CMake module files
[2.017s] DEBUG:colcon.colcon_core.event_handler.log_command:Invoked command in '/home/mario/master_ws/build/moveit_task_constructor_visualization' returned '0': CMAKE_PREFIX_PATH=/home/mario/master_ws/install/moveit_task_constructor_core:/home/mario/master_ws/install/rviz_marker_tools:/home/mario/master_ws/install/moveit_task_constructor_msgs:/home/mario/master_ws/install/vision_control:/home/mario/master_ws/install/moveit_task_constructor_demo:/home/mario/master_ws/install/moveit_task_constructor_visualization:/home/mario/master_ws/install/moveit_task_constructor_capabilities:/home/mario/master_ws/install/estun_control:/home/mario/master_ws/install/estun_moveit:/opt/ros/jazzy/opt/gz_sim_vendor:/opt/ros/jazzy/opt/gz_sensors_vendor:/opt/ros/jazzy/opt/gz_physics_vendor:/opt/ros/jazzy/opt/sdformat_vendor:/opt/ros/jazzy/opt/gz_gui_vendor:/opt/ros/jazzy/opt/gz_transport_vendor:/opt/ros/jazzy/opt/gz_rendering_vendor:/opt/ros/jazzy/opt/gz_plugin_vendor:/opt/ros/jazzy/opt/gz_fuel_tools_vendor:/opt/ros/jazzy/opt/gz_msgs_vendor:/opt/ros/jazzy/opt/gz_common_vendor:/opt/ros/jazzy/opt/gz_math_vendor:/opt/ros/jazzy/opt/gz_utils_vendor:/opt/ros/jazzy/opt/gz_tools_vendor:/opt/ros/jazzy/opt/gz_ogre_next_vendor:/opt/ros/jazzy/opt/gz_dartsim_vendor:/opt/ros/jazzy/opt/gz_cmake_vendor:/home/mario/master_ws/install/estun_description:/opt/ros/jazzy DEBUGINFOD_URLS=https://debuginfod.ubuntu.com LD_LIBRARY_PATH=/home/mario/master_ws/install/moveit_task_constructor_core/lib:/home/mario/master_ws/install/rviz_marker_tools/lib:/home/mario/master_ws/install/moveit_task_constructor_msgs/lib:/home/mario/master_ws/install/moveit_task_constructor_demo/lib:/home/mario/master_ws/install/moveit_task_constructor_visualization/lib:/home/mario/master_ws/install/moveit_task_constructor_capabilities/lib:/opt/ros/jazzy/opt/gz_sim_vendor/lib:/opt/ros/jazzy/opt/gz_sensors_vendor/lib:/opt/ros/jazzy/opt/gz_physics_vendor/lib:/opt/ros/jazzy/opt/sdformat_vendor/lib:/opt/ros/jazzy/opt/rviz_ogre_vendor/lib:/opt/ros/jazzy/lib/x86_64-linux-gnu:/opt/ros/jazzy/opt/gz_gui_vendor/lib:/opt/ros/jazzy/opt/gz_transport_vendor/lib:/opt/ros/jazzy/opt/gz_rendering_vendor/lib:/opt/ros/jazzy/opt/gz_plugin_vendor/lib:/opt/ros/jazzy/opt/gz_fuel_tools_vendor/lib:/opt/ros/jazzy/opt/gz_msgs_vendor/lib:/opt/ros/jazzy/opt/gz_common_vendor/lib:/opt/ros/jazzy/opt/gz_math_vendor/lib:/opt/ros/jazzy/opt/gz_utils_vendor/lib:/opt/ros/jazzy/opt/gz_tools_vendor/lib:/opt/ros/jazzy/opt/gz_ogre_next_vendor/lib:/opt/ros/jazzy/opt/gz_dartsim_vendor/lib:/opt/ros/jazzy/opt/gz_cmake_vendor/lib:/opt/ros/jazzy/lib /usr/bin/cmake --install /home/mario/master_ws/build/moveit_task_constructor_visualization
[2.017s] Level 1:colcon.colcon_core.environment:checking '/home/mario/master_ws/install/moveit_task_constructor_visualization' for CMake config files
[2.017s] Level 1:colcon.colcon_core.shell:create_environment_hook('moveit_task_constructor_visualization', 'cmake_prefix_path')
[2.017s] INFO:colcon.colcon_core.shell:Creating environment hook '/home/mario/master_ws/install/moveit_task_constructor_visualization/share/moveit_task_constructor_visualization/hook/cmake_prefix_path.ps1'
[2.018s] INFO:colcon.colcon_core.shell:Creating environment descriptor '/home/mario/master_ws/install/moveit_task_constructor_visualization/share/moveit_task_constructor_visualization/hook/cmake_prefix_path.dsv'
[2.018s] INFO:colcon.colcon_core.shell:Creating environment hook '/home/mario/master_ws/install/moveit_task_constructor_visualization/share/moveit_task_constructor_visualization/hook/cmake_prefix_path.sh'
[2.019s] Level 1:colcon.colcon_core.environment:checking '/home/mario/master_ws/install/moveit_task_constructor_visualization/lib'
[2.019s] Level 1:colcon.colcon_core.shell:create_environment_hook('moveit_task_constructor_visualization', 'ld_library_path_lib')
[2.019s] INFO:colcon.colcon_core.shell:Creating environment hook '/home/mario/master_ws/install/moveit_task_constructor_visualization/share/moveit_task_constructor_visualization/hook/ld_library_path_lib.ps1'
[2.019s] INFO:colcon.colcon_core.shell:Creating environment descriptor '/home/mario/master_ws/install/moveit_task_constructor_visualization/share/moveit_task_constructor_visualization/hook/ld_library_path_lib.dsv'
[2.020s] INFO:colcon.colcon_core.shell:Creating environment hook '/home/mario/master_ws/install/moveit_task_constructor_visualization/share/moveit_task_constructor_visualization/hook/ld_library_path_lib.sh'
[2.020s] Level 1:colcon.colcon_core.environment:checking '/home/mario/master_ws/install/moveit_task_constructor_visualization/bin'
[2.020s] Level 1:colcon.colcon_core.environment:checking '/home/mario/master_ws/install/moveit_task_constructor_visualization/lib/pkgconfig/moveit_task_constructor_visualization.pc'
[2.020s] Level 1:colcon.colcon_core.environment:checking '/home/mario/master_ws/install/moveit_task_constructor_visualization/lib/python3.12/site-packages'
[2.021s] Level 1:colcon.colcon_core.environment:checking '/home/mario/master_ws/install/moveit_task_constructor_visualization/bin'
[2.021s] INFO:colcon.colcon_core.shell:Creating package script '/home/mario/master_ws/install/moveit_task_constructor_visualization/share/moveit_task_constructor_visualization/package.ps1'
[2.021s] INFO:colcon.colcon_core.shell:Creating package descriptor '/home/mario/master_ws/install/moveit_task_constructor_visualization/share/moveit_task_constructor_visualization/package.dsv'
[2.022s] INFO:colcon.colcon_core.shell:Creating package script '/home/mario/master_ws/install/moveit_task_constructor_visualization/share/moveit_task_constructor_visualization/package.sh'
[2.022s] INFO:colcon.colcon_core.shell:Creating package script '/home/mario/master_ws/install/moveit_task_constructor_visualization/share/moveit_task_constructor_visualization/package.bash'
[2.022s] INFO:colcon.colcon_core.shell:Creating package script '/home/mario/master_ws/install/moveit_task_constructor_visualization/share/moveit_task_constructor_visualization/package.zsh'
[2.023s] Level 1:colcon.colcon_core.environment:create_file_with_runtime_dependencies(/home/mario/master_ws/install/moveit_task_constructor_visualization/share/colcon-core/packages/moveit_task_constructor_visualization)
[2.023s] Level 1:colcon.colcon_core.environment:create_environment_scripts_only(moveit_task_constructor_visualization)
[2.023s] Level 1:colcon.colcon_core.environment:checking '/home/mario/master_ws/install/moveit_task_constructor_visualization' for CMake module files
[2.024s] Level 1:colcon.colcon_core.environment:checking '/home/mario/master_ws/install/moveit_task_constructor_visualization' for CMake config files
[2.024s] Level 1:colcon.colcon_core.shell:create_environment_hook('moveit_task_constructor_visualization', 'cmake_prefix_path')
[2.024s] INFO:colcon.colcon_core.shell:Creating environment hook '/home/mario/master_ws/install/moveit_task_constructor_visualization/share/moveit_task_constructor_visualization/hook/cmake_prefix_path.ps1'
[2.025s] INFO:colcon.colcon_core.shell:Creating environment descriptor '/home/mario/master_ws/install/moveit_task_constructor_visualization/share/moveit_task_constructor_visualization/hook/cmake_prefix_path.dsv'
[2.025s] INFO:colcon.colcon_core.shell:Creating environment hook '/home/mario/master_ws/install/moveit_task_constructor_visualization/share/moveit_task_constructor_visualization/hook/cmake_prefix_path.sh'
[2.025s] Level 1:colcon.colcon_core.environment:checking '/home/mario/master_ws/install/moveit_task_constructor_visualization/lib'
[2.025s] Level 1:colcon.colcon_core.shell:create_environment_hook('moveit_task_constructor_visualization', 'ld_library_path_lib')
[2.026s] INFO:colcon.colcon_core.shell:Creating environment hook '/home/mario/master_ws/install/moveit_task_constructor_visualization/share/moveit_task_constructor_visualization/hook/ld_library_path_lib.ps1'
[2.026s] INFO:colcon.colcon_core.shell:Creating environment descriptor '/home/mario/master_ws/install/moveit_task_constructor_visualization/share/moveit_task_constructor_visualization/hook/ld_library_path_lib.dsv'
[2.027s] INFO:colcon.colcon_core.shell:Creating environment hook '/home/mario/master_ws/install/moveit_task_constructor_visualization/share/moveit_task_constructor_visualization/hook/ld_library_path_lib.sh'
[2.027s] Level 1:colcon.colcon_core.environment:checking '/home/mario/master_ws/install/moveit_task_constructor_visualization/bin'
[2.027s] Level 1:colcon.colcon_core.environment:checking '/home/mario/master_ws/install/moveit_task_constructor_visualization/lib/pkgconfig/moveit_task_constructor_visualization.pc'
[2.027s] Level 1:colcon.colcon_core.environment:checking '/home/mario/master_ws/install/moveit_task_constructor_visualization/lib/python3.12/site-packages'
[2.028s] Level 1:colcon.colcon_core.environment:checking '/home/mario/master_ws/install/moveit_task_constructor_visualization/bin'
[2.028s] INFO:colcon.colcon_core.shell:Creating package script '/home/mario/master_ws/install/moveit_task_constructor_visualization/share/moveit_task_constructor_visualization/package.ps1'
[2.029s] INFO:colcon.colcon_core.shell:Creating package descriptor '/home/mario/master_ws/install/moveit_task_constructor_visualization/share/moveit_task_constructor_visualization/package.dsv'
[2.029s] INFO:colcon.colcon_core.shell:Creating package script '/home/mario/master_ws/install/moveit_task_constructor_visualization/share/moveit_task_constructor_visualization/package.sh'
[2.029s] INFO:colcon.colcon_core.shell:Creating package script '/home/mario/master_ws/install/moveit_task_constructor_visualization/share/moveit_task_constructor_visualization/package.bash'
[2.030s] INFO:colcon.colcon_core.shell:Creating package script '/home/mario/master_ws/install/moveit_task_constructor_visualization/share/moveit_task_constructor_visualization/package.zsh'
[2.030s] Level 1:colcon.colcon_core.environment:create_file_with_runtime_dependencies(/home/mario/master_ws/install/moveit_task_constructor_visualization/share/colcon-core/packages/moveit_task_constructor_visualization)
[2.030s] INFO:colcon.colcon_ros.task.ament_cmake.build:Building ROS package in '/home/mario/master_ws/src/moveit_task_constructor/demo' with build type 'ament_cmake'
[2.030s] INFO:colcon.colcon_cmake.task.cmake.build:Building CMake package in '/home/mario/master_ws/src/moveit_task_constructor/demo'
[2.031s] INFO:colcon.colcon_core.shell:Skip shell extension 'powershell' for command environment: Not usable outside of PowerShell
[2.031s] DEBUG:colcon.colcon_core.shell:Skip shell extension 'dsv' for command environment
[2.052s] DEBUG:colcon.colcon_core.event_handler.log_command:Invoking command in '/home/mario/master_ws/build/moveit_task_constructor_demo': CMAKE_PREFIX_PATH=/home/mario/master_ws/install/moveit_task_constructor_visualization:/home/mario/master_ws/install/moveit_task_constructor_capabilities:/home/mario/master_ws/install/moveit_task_constructor_core:/home/mario/master_ws/install/rviz_marker_tools:/home/mario/master_ws/install/moveit_task_constructor_msgs:/home/mario/master_ws/install/vision_control:/home/mario/master_ws/install/moveit_task_constructor_demo:/home/mario/master_ws/install/estun_control:/home/mario/master_ws/install/estun_moveit:/opt/ros/jazzy/opt/gz_sim_vendor:/opt/ros/jazzy/opt/gz_sensors_vendor:/opt/ros/jazzy/opt/gz_physics_vendor:/opt/ros/jazzy/opt/sdformat_vendor:/opt/ros/jazzy/opt/gz_gui_vendor:/opt/ros/jazzy/opt/gz_transport_vendor:/opt/ros/jazzy/opt/gz_rendering_vendor:/opt/ros/jazzy/opt/gz_plugin_vendor:/opt/ros/jazzy/opt/gz_fuel_tools_vendor:/opt/ros/jazzy/opt/gz_msgs_vendor:/opt/ros/jazzy/opt/gz_common_vendor:/opt/ros/jazzy/opt/gz_math_vendor:/opt/ros/jazzy/opt/gz_utils_vendor:/opt/ros/jazzy/opt/gz_tools_vendor:/opt/ros/jazzy/opt/gz_ogre_next_vendor:/opt/ros/jazzy/opt/gz_dartsim_vendor:/opt/ros/jazzy/opt/gz_cmake_vendor:/home/mario/master_ws/install/estun_description:/opt/ros/jazzy DEBUGINFOD_URLS=https://debuginfod.ubuntu.com LD_LIBRARY_PATH=/home/mario/master_ws/install/moveit_task_constructor_visualization/lib:/home/mario/master_ws/install/moveit_task_constructor_capabilities/lib:/home/mario/master_ws/install/moveit_task_constructor_core/lib:/home/mario/master_ws/install/rviz_marker_tools/lib:/home/mario/master_ws/install/moveit_task_constructor_msgs/lib:/home/mario/master_ws/install/moveit_task_constructor_demo/lib:/opt/ros/jazzy/opt/gz_sim_vendor/lib:/opt/ros/jazzy/opt/gz_sensors_vendor/lib:/opt/ros/jazzy/opt/gz_physics_vendor/lib:/opt/ros/jazzy/opt/sdformat_vendor/lib:/opt/ros/jazzy/opt/rviz_ogre_vendor/lib:/opt/ros/jazzy/lib/x86_64-linux-gnu:/opt/ros/jazzy/opt/gz_gui_vendor/lib:/opt/ros/jazzy/opt/gz_transport_vendor/lib:/opt/ros/jazzy/opt/gz_rendering_vendor/lib:/opt/ros/jazzy/opt/gz_plugin_vendor/lib:/opt/ros/jazzy/opt/gz_fuel_tools_vendor/lib:/opt/ros/jazzy/opt/gz_msgs_vendor/lib:/opt/ros/jazzy/opt/gz_common_vendor/lib:/opt/ros/jazzy/opt/gz_math_vendor/lib:/opt/ros/jazzy/opt/gz_utils_vendor/lib:/opt/ros/jazzy/opt/gz_tools_vendor/lib:/opt/ros/jazzy/opt/gz_ogre_next_vendor/lib:/opt/ros/jazzy/opt/gz_dartsim_vendor/lib:/opt/ros/jazzy/opt/gz_cmake_vendor/lib:/opt/ros/jazzy/lib /usr/bin/cmake --build /home/mario/master_ws/build/moveit_task_constructor_demo -- -j12 -l12
[2.079s] Level 1:colcon.colcon_core.environment:checking '/home/mario/master_ws/install/estun_description' for CMake module files
[2.080s] DEBUG:colcon.colcon_core.event_handler.log_command:Invoked command in '/home/mario/master_ws/src/estun_description' returned '0': DEBUGINFOD_URLS=https://debuginfod.ubuntu.com PYTHONPATH=/home/mario/master_ws/build/estun_description/prefix_override:/usr/lib/python3/dist-packages/colcon_core/task/python/colcon_distutils_commands:/home/mario/master_ws/install/estun_description/lib/python3.12/site-packages:${PYTHONPATH} /usr/bin/python3 -W ignore:setup.py install is deprecated -W ignore:easy_install command is deprecated setup.py egg_info --egg-base ../../build/estun_description build --build-base /home/mario/master_ws/build/estun_description/build install --record /home/mario/master_ws/build/estun_description/install.log --install-scripts $base/lib/fusion2urdf_ros2 --single-version-externally-managed install_data
[2.081s] Level 1:colcon.colcon_core.environment:checking '/home/mario/master_ws/install/estun_description' for CMake config files
[2.082s] Level 1:colcon.colcon_core.environment:checking '/home/mario/master_ws/install/estun_description/lib'
[2.082s] Level 1:colcon.colcon_core.environment:checking '/home/mario/master_ws/install/estun_description/bin'
[2.082s] Level 1:colcon.colcon_core.environment:checking '/home/mario/master_ws/install/estun_description/lib/pkgconfig/estun_description.pc'
[2.082s] Level 1:colcon.colcon_core.environment:checking '/home/mario/master_ws/install/estun_description/lib/python3.12/site-packages'
[2.083s] Level 1:colcon.colcon_core.shell:create_environment_hook('estun_description', 'pythonpath')
[2.083s] INFO:colcon.colcon_core.shell:Creating environment hook '/home/mario/master_ws/install/estun_description/share/estun_description/hook/pythonpath.ps1'
[2.084s] INFO:colcon.colcon_core.shell:Creating environment descriptor '/home/mario/master_ws/install/estun_description/share/estun_description/hook/pythonpath.dsv'
[2.084s] INFO:colcon.colcon_core.shell:Creating environment hook '/home/mario/master_ws/install/estun_description/share/estun_description/hook/pythonpath.sh'
[2.085s] Level 1:colcon.colcon_core.environment:checking '/home/mario/master_ws/install/estun_description/bin'
[2.085s] Level 1:colcon.colcon_core.environment:create_environment_scripts_only(estun_description)
[2.086s] INFO:colcon.colcon_core.shell:Creating package script '/home/mario/master_ws/install/estun_description/share/estun_description/package.ps1'
[2.087s] INFO:colcon.colcon_core.shell:Creating package descriptor '/home/mario/master_ws/install/estun_description/share/estun_description/package.dsv'
[2.087s] INFO:colcon.colcon_core.shell:Creating package script '/home/mario/master_ws/install/estun_description/share/estun_description/package.sh'
[2.088s] INFO:colcon.colcon_core.shell:Creating package script '/home/mario/master_ws/install/estun_description/share/estun_description/package.bash'
[2.088s] INFO:colcon.colcon_core.shell:Creating package script '/home/mario/master_ws/install/estun_description/share/estun_description/package.zsh'
[2.089s] Level 1:colcon.colcon_core.environment:create_file_with_runtime_dependencies(/home/mario/master_ws/install/estun_description/share/colcon-core/packages/estun_description)
[2.090s] INFO:colcon.colcon_ros.task.ament_cmake.build:Building ROS package in '/home/mario/master_ws/src/estun_moveit' with build type 'ament_cmake'
[2.090s] INFO:colcon.colcon_cmake.task.cmake.build:Building CMake package in '/home/mario/master_ws/src/estun_moveit'
[2.090s] INFO:colcon.colcon_core.shell:Skip shell extension 'powershell' for command environment: Not usable outside of PowerShell
[2.090s] DEBUG:colcon.colcon_core.shell:Skip shell extension 'dsv' for command environment
[2.106s] DEBUG:colcon.colcon_core.event_handler.log_command:Invoking command in '/home/mario/master_ws/build/estun_moveit': AMENT_PREFIX_PATH=/home/mario/master_ws/install/estun_description:/home/mario/master_ws/install/vision_control:/home/mario/master_ws/install/moveit_task_constructor_demo:/home/mario/master_ws/install/moveit_task_constructor_visualization:/home/mario/master_ws/install/moveit_task_constructor_capabilities:/home/mario/master_ws/install/estun_control:/home/mario/master_ws/install/moveit_task_constructor_core:/home/mario/master_ws/install/rviz_marker_tools:/home/mario/master_ws/install/moveit_task_constructor_msgs:/home/mario/master_ws/install/estun_moveit:/opt/ros/jazzy CMAKE_PREFIX_PATH=${CMAKE_PREFIX_PATH}:/home/mario/master_ws/install/estun_description:/opt/ros/jazzy DEBUGINFOD_URLS=https://debuginfod.ubuntu.com PYTHONPATH=/home/mario/master_ws/install/estun_description/lib/python3.12/site-packages:/home/mario/master_ws/install/moveit_task_constructor_core/lib/python3.12/site-packages:/home/mario/master_ws/install/moveit_task_constructor_msgs/lib/python3.12/site-packages:/opt/ros/jazzy/opt/gz_sim_vendor/lib/python:/opt/ros/jazzy/opt/sdformat_vendor/lib/python:/opt/ros/jazzy/opt/gz_transport_vendor/lib/python:/opt/ros/jazzy/opt/gz_msgs_vendor/lib/python:/opt/ros/jazzy/opt/gz_math_vendor/lib/python:/opt/ros/jazzy/lib/python3.12/site-packages /usr/bin/cmake --build /home/mario/master_ws/build/estun_moveit -- -j12 -l12
[2.157s] DEBUG:colcon.colcon_core.event_handler.log_command:Invoked command in '/home/mario/master_ws/build/estun_moveit' returned '0': AMENT_PREFIX_PATH=/home/mario/master_ws/install/estun_description:/home/mario/master_ws/install/vision_control:/home/mario/master_ws/install/moveit_task_constructor_demo:/home/mario/master_ws/install/moveit_task_constructor_visualization:/home/mario/master_ws/install/moveit_task_constructor_capabilities:/home/mario/master_ws/install/estun_control:/home/mario/master_ws/install/moveit_task_constructor_core:/home/mario/master_ws/install/rviz_marker_tools:/home/mario/master_ws/install/moveit_task_constructor_msgs:/home/mario/master_ws/install/estun_moveit:/opt/ros/jazzy CMAKE_PREFIX_PATH=${CMAKE_PREFIX_PATH}:/home/mario/master_ws/install/estun_description:/opt/ros/jazzy DEBUGINFOD_URLS=https://debuginfod.ubuntu.com PYTHONPATH=/home/mario/master_ws/install/estun_description/lib/python3.12/site-packages:/home/mario/master_ws/install/moveit_task_constructor_core/lib/python3.12/site-packages:/home/mario/master_ws/install/moveit_task_constructor_msgs/lib/python3.12/site-packages:/opt/ros/jazzy/opt/gz_sim_vendor/lib/python:/opt/ros/jazzy/opt/sdformat_vendor/lib/python:/opt/ros/jazzy/opt/gz_transport_vendor/lib/python:/opt/ros/jazzy/opt/gz_msgs_vendor/lib/python:/opt/ros/jazzy/opt/gz_math_vendor/lib/python:/opt/ros/jazzy/lib/python3.12/site-packages /usr/bin/cmake --build /home/mario/master_ws/build/estun_moveit -- -j12 -l12
[2.158s] DEBUG:colcon.colcon_core.event_handler.log_command:Invoking command in '/home/mario/master_ws/build/estun_moveit': AMENT_PREFIX_PATH=/home/mario/master_ws/install/estun_description:/home/mario/master_ws/install/vision_control:/home/mario/master_ws/install/moveit_task_constructor_demo:/home/mario/master_ws/install/moveit_task_constructor_visualization:/home/mario/master_ws/install/moveit_task_constructor_capabilities:/home/mario/master_ws/install/estun_control:/home/mario/master_ws/install/moveit_task_constructor_core:/home/mario/master_ws/install/rviz_marker_tools:/home/mario/master_ws/install/moveit_task_constructor_msgs:/home/mario/master_ws/install/estun_moveit:/opt/ros/jazzy CMAKE_PREFIX_PATH=${CMAKE_PREFIX_PATH}:/home/mario/master_ws/install/estun_description:/opt/ros/jazzy DEBUGINFOD_URLS=https://debuginfod.ubuntu.com PYTHONPATH=/home/mario/master_ws/install/estun_description/lib/python3.12/site-packages:/home/mario/master_ws/install/moveit_task_constructor_core/lib/python3.12/site-packages:/home/mario/master_ws/install/moveit_task_constructor_msgs/lib/python3.12/site-packages:/opt/ros/jazzy/opt/gz_sim_vendor/lib/python:/opt/ros/jazzy/opt/sdformat_vendor/lib/python:/opt/ros/jazzy/opt/gz_transport_vendor/lib/python:/opt/ros/jazzy/opt/gz_msgs_vendor/lib/python:/opt/ros/jazzy/opt/gz_math_vendor/lib/python:/opt/ros/jazzy/lib/python3.12/site-packages /usr/bin/cmake --install /home/mario/master_ws/build/estun_moveit
[2.171s] Level 1:colcon.colcon_core.environment:create_environment_scripts_only(estun_moveit)
[2.172s] Level 1:colcon.colcon_core.environment:checking '/home/mario/master_ws/install/estun_moveit' for CMake module files
[2.173s] Level 1:colcon.colcon_core.environment:checking '/home/mario/master_ws/install/estun_moveit' for CMake config files
[2.174s] DEBUG:colcon.colcon_core.event_handler.log_command:Invoked command in '/home/mario/master_ws/build/estun_moveit' returned '0': AMENT_PREFIX_PATH=/home/mario/master_ws/install/estun_description:/home/mario/master_ws/install/vision_control:/home/mario/master_ws/install/moveit_task_constructor_demo:/home/mario/master_ws/install/moveit_task_constructor_visualization:/home/mario/master_ws/install/moveit_task_constructor_capabilities:/home/mario/master_ws/install/estun_control:/home/mario/master_ws/install/moveit_task_constructor_core:/home/mario/master_ws/install/rviz_marker_tools:/home/mario/master_ws/install/moveit_task_constructor_msgs:/home/mario/master_ws/install/estun_moveit:/opt/ros/jazzy CMAKE_PREFIX_PATH=${CMAKE_PREFIX_PATH}:/home/mario/master_ws/install/estun_description:/opt/ros/jazzy DEBUGINFOD_URLS=https://debuginfod.ubuntu.com PYTHONPATH=/home/mario/master_ws/install/estun_description/lib/python3.12/site-packages:/home/mario/master_ws/install/moveit_task_constructor_core/lib/python3.12/site-packages:/home/mario/master_ws/install/moveit_task_constructor_msgs/lib/python3.12/site-packages:/opt/ros/jazzy/opt/gz_sim_vendor/lib/python:/opt/ros/jazzy/opt/sdformat_vendor/lib/python:/opt/ros/jazzy/opt/gz_transport_vendor/lib/python:/opt/ros/jazzy/opt/gz_msgs_vendor/lib/python:/opt/ros/jazzy/opt/gz_math_vendor/lib/python:/opt/ros/jazzy/lib/python3.12/site-packages /usr/bin/cmake --install /home/mario/master_ws/build/estun_moveit
[2.174s] Level 1:colcon.colcon_core.shell:create_environment_hook('estun_moveit', 'cmake_prefix_path')
[2.174s] INFO:colcon.colcon_core.shell:Creating environment hook '/home/mario/master_ws/install/estun_moveit/share/estun_moveit/hook/cmake_prefix_path.ps1'
[2.174s] INFO:colcon.colcon_core.shell:Creating environment descriptor '/home/mario/master_ws/install/estun_moveit/share/estun_moveit/hook/cmake_prefix_path.dsv'
[2.175s] INFO:colcon.colcon_core.shell:Creating environment hook '/home/mario/master_ws/install/estun_moveit/share/estun_moveit/hook/cmake_prefix_path.sh'
[2.175s] Level 1:colcon.colcon_core.environment:checking '/home/mario/master_ws/install/estun_moveit/bin'
[2.175s] Level 1:colcon.colcon_core.environment:checking '/home/mario/master_ws/install/estun_moveit/lib/pkgconfig/estun_moveit.pc'
[2.175s] Level 1:colcon.colcon_core.environment:checking '/home/mario/master_ws/install/estun_moveit/lib/python3.12/site-packages'
[2.176s] Level 1:colcon.colcon_core.environment:checking '/home/mario/master_ws/install/estun_moveit/bin'
[2.176s] INFO:colcon.colcon_core.shell:Creating package script '/home/mario/master_ws/install/estun_moveit/share/estun_moveit/package.ps1'
[2.176s] INFO:colcon.colcon_core.shell:Creating package descriptor '/home/mario/master_ws/install/estun_moveit/share/estun_moveit/package.dsv'
[2.176s] INFO:colcon.colcon_core.shell:Creating package script '/home/mario/master_ws/install/estun_moveit/share/estun_moveit/package.sh'
[2.177s] INFO:colcon.colcon_core.shell:Creating package script '/home/mario/master_ws/install/estun_moveit/share/estun_moveit/package.bash'
[2.177s] INFO:colcon.colcon_core.shell:Creating package script '/home/mario/master_ws/install/estun_moveit/share/estun_moveit/package.zsh'
[2.177s] Level 1:colcon.colcon_core.environment:create_file_with_runtime_dependencies(/home/mario/master_ws/install/estun_moveit/share/colcon-core/packages/estun_moveit)
[2.178s] Level 1:colcon.colcon_core.environment:create_environment_scripts_only(estun_moveit)
[2.178s] Level 1:colcon.colcon_core.environment:checking '/home/mario/master_ws/install/estun_moveit' for CMake module files
[2.178s] Level 1:colcon.colcon_core.environment:checking '/home/mario/master_ws/install/estun_moveit' for CMake config files
[2.178s] Level 1:colcon.colcon_core.shell:create_environment_hook('estun_moveit', 'cmake_prefix_path')
[2.178s] INFO:colcon.colcon_core.shell:Creating environment hook '/home/mario/master_ws/install/estun_moveit/share/estun_moveit/hook/cmake_prefix_path.ps1'
[2.179s] INFO:colcon.colcon_core.shell:Creating environment descriptor '/home/mario/master_ws/install/estun_moveit/share/estun_moveit/hook/cmake_prefix_path.dsv'
[2.179s] INFO:colcon.colcon_core.shell:Creating environment hook '/home/mario/master_ws/install/estun_moveit/share/estun_moveit/hook/cmake_prefix_path.sh'
[2.179s] Level 1:colcon.colcon_core.environment:checking '/home/mario/master_ws/install/estun_moveit/bin'
[2.179s] Level 1:colcon.colcon_core.environment:checking '/home/mario/master_ws/install/estun_moveit/lib/pkgconfig/estun_moveit.pc'
[2.179s] Level 1:colcon.colcon_core.environment:checking '/home/mario/master_ws/install/estun_moveit/lib/python3.12/site-packages'
[2.180s] Level 1:colcon.colcon_core.environment:checking '/home/mario/master_ws/install/estun_moveit/bin'
[2.180s] INFO:colcon.colcon_core.shell:Creating package script '/home/mario/master_ws/install/estun_moveit/share/estun_moveit/package.ps1'
[2.180s] INFO:colcon.colcon_core.shell:Creating package descriptor '/home/mario/master_ws/install/estun_moveit/share/estun_moveit/package.dsv'
[2.181s] INFO:colcon.colcon_core.shell:Creating package script '/home/mario/master_ws/install/estun_moveit/share/estun_moveit/package.sh'
[2.181s] INFO:colcon.colcon_core.shell:Creating package script '/home/mario/master_ws/install/estun_moveit/share/estun_moveit/package.bash'
[2.181s] INFO:colcon.colcon_core.shell:Creating package script '/home/mario/master_ws/install/estun_moveit/share/estun_moveit/package.zsh'
[2.181s] Level 1:colcon.colcon_core.environment:create_file_with_runtime_dependencies(/home/mario/master_ws/install/estun_moveit/share/colcon-core/packages/estun_moveit)
[2.222s] DEBUG:colcon.colcon_core.event_handler.log_command:Invoked command in '/home/mario/master_ws/build/moveit_task_constructor_demo' returned '0': CMAKE_PREFIX_PATH=/home/mario/master_ws/install/moveit_task_constructor_visualization:/home/mario/master_ws/install/moveit_task_constructor_capabilities:/home/mario/master_ws/install/moveit_task_constructor_core:/home/mario/master_ws/install/rviz_marker_tools:/home/mario/master_ws/install/moveit_task_constructor_msgs:/home/mario/master_ws/install/vision_control:/home/mario/master_ws/install/moveit_task_constructor_demo:/home/mario/master_ws/install/estun_control:/home/mario/master_ws/install/estun_moveit:/opt/ros/jazzy/opt/gz_sim_vendor:/opt/ros/jazzy/opt/gz_sensors_vendor:/opt/ros/jazzy/opt/gz_physics_vendor:/opt/ros/jazzy/opt/sdformat_vendor:/opt/ros/jazzy/opt/gz_gui_vendor:/opt/ros/jazzy/opt/gz_transport_vendor:/opt/ros/jazzy/opt/gz_rendering_vendor:/opt/ros/jazzy/opt/gz_plugin_vendor:/opt/ros/jazzy/opt/gz_fuel_tools_vendor:/opt/ros/jazzy/opt/gz_msgs_vendor:/opt/ros/jazzy/opt/gz_common_vendor:/opt/ros/jazzy/opt/gz_math_vendor:/opt/ros/jazzy/opt/gz_utils_vendor:/opt/ros/jazzy/opt/gz_tools_vendor:/opt/ros/jazzy/opt/gz_ogre_next_vendor:/opt/ros/jazzy/opt/gz_dartsim_vendor:/opt/ros/jazzy/opt/gz_cmake_vendor:/home/mario/master_ws/install/estun_description:/opt/ros/jazzy DEBUGINFOD_URLS=https://debuginfod.ubuntu.com LD_LIBRARY_PATH=/home/mario/master_ws/install/moveit_task_constructor_visualization/lib:/home/mario/master_ws/install/moveit_task_constructor_capabilities/lib:/home/mario/master_ws/install/moveit_task_constructor_core/lib:/home/mario/master_ws/install/rviz_marker_tools/lib:/home/mario/master_ws/install/moveit_task_constructor_msgs/lib:/home/mario/master_ws/install/moveit_task_constructor_demo/lib:/opt/ros/jazzy/opt/gz_sim_vendor/lib:/opt/ros/jazzy/opt/gz_sensors_vendor/lib:/opt/ros/jazzy/opt/gz_physics_vendor/lib:/opt/ros/jazzy/opt/sdformat_vendor/lib:/opt/ros/jazzy/opt/rviz_ogre_vendor/lib:/opt/ros/jazzy/lib/x86_64-linux-gnu:/opt/ros/jazzy/opt/gz_gui_vendor/lib:/opt/ros/jazzy/opt/gz_transport_vendor/lib:/opt/ros/jazzy/opt/gz_rendering_vendor/lib:/opt/ros/jazzy/opt/gz_plugin_vendor/lib:/opt/ros/jazzy/opt/gz_fuel_tools_vendor/lib:/opt/ros/jazzy/opt/gz_msgs_vendor/lib:/opt/ros/jazzy/opt/gz_common_vendor/lib:/opt/ros/jazzy/opt/gz_math_vendor/lib:/opt/ros/jazzy/opt/gz_utils_vendor/lib:/opt/ros/jazzy/opt/gz_tools_vendor/lib:/opt/ros/jazzy/opt/gz_ogre_next_vendor/lib:/opt/ros/jazzy/opt/gz_dartsim_vendor/lib:/opt/ros/jazzy/opt/gz_cmake_vendor/lib:/opt/ros/jazzy/lib /usr/bin/cmake --build /home/mario/master_ws/build/moveit_task_constructor_demo -- -j12 -l12
[2.223s] DEBUG:colcon.colcon_core.event_handler.log_command:Invoking command in '/home/mario/master_ws/build/moveit_task_constructor_demo': CMAKE_PREFIX_PATH=/home/mario/master_ws/install/moveit_task_constructor_visualization:/home/mario/master_ws/install/moveit_task_constructor_capabilities:/home/mario/master_ws/install/moveit_task_constructor_core:/home/mario/master_ws/install/rviz_marker_tools:/home/mario/master_ws/install/moveit_task_constructor_msgs:/home/mario/master_ws/install/vision_control:/home/mario/master_ws/install/moveit_task_constructor_demo:/home/mario/master_ws/install/estun_control:/home/mario/master_ws/install/estun_moveit:/opt/ros/jazzy/opt/gz_sim_vendor:/opt/ros/jazzy/opt/gz_sensors_vendor:/opt/ros/jazzy/opt/gz_physics_vendor:/opt/ros/jazzy/opt/sdformat_vendor:/opt/ros/jazzy/opt/gz_gui_vendor:/opt/ros/jazzy/opt/gz_transport_vendor:/opt/ros/jazzy/opt/gz_rendering_vendor:/opt/ros/jazzy/opt/gz_plugin_vendor:/opt/ros/jazzy/opt/gz_fuel_tools_vendor:/opt/ros/jazzy/opt/gz_msgs_vendor:/opt/ros/jazzy/opt/gz_common_vendor:/opt/ros/jazzy/opt/gz_math_vendor:/opt/ros/jazzy/opt/gz_utils_vendor:/opt/ros/jazzy/opt/gz_tools_vendor:/opt/ros/jazzy/opt/gz_ogre_next_vendor:/opt/ros/jazzy/opt/gz_dartsim_vendor:/opt/ros/jazzy/opt/gz_cmake_vendor:/home/mario/master_ws/install/estun_description:/opt/ros/jazzy DEBUGINFOD_URLS=https://debuginfod.ubuntu.com LD_LIBRARY_PATH=/home/mario/master_ws/install/moveit_task_constructor_visualization/lib:/home/mario/master_ws/install/moveit_task_constructor_capabilities/lib:/home/mario/master_ws/install/moveit_task_constructor_core/lib:/home/mario/master_ws/install/rviz_marker_tools/lib:/home/mario/master_ws/install/moveit_task_constructor_msgs/lib:/home/mario/master_ws/install/moveit_task_constructor_demo/lib:/opt/ros/jazzy/opt/gz_sim_vendor/lib:/opt/ros/jazzy/opt/gz_sensors_vendor/lib:/opt/ros/jazzy/opt/gz_physics_vendor/lib:/opt/ros/jazzy/opt/sdformat_vendor/lib:/opt/ros/jazzy/opt/rviz_ogre_vendor/lib:/opt/ros/jazzy/lib/x86_64-linux-gnu:/opt/ros/jazzy/opt/gz_gui_vendor/lib:/opt/ros/jazzy/opt/gz_transport_vendor/lib:/opt/ros/jazzy/opt/gz_rendering_vendor/lib:/opt/ros/jazzy/opt/gz_plugin_vendor/lib:/opt/ros/jazzy/opt/gz_fuel_tools_vendor/lib:/opt/ros/jazzy/opt/gz_msgs_vendor/lib:/opt/ros/jazzy/opt/gz_common_vendor/lib:/opt/ros/jazzy/opt/gz_math_vendor/lib:/opt/ros/jazzy/opt/gz_utils_vendor/lib:/opt/ros/jazzy/opt/gz_tools_vendor/lib:/opt/ros/jazzy/opt/gz_ogre_next_vendor/lib:/opt/ros/jazzy/opt/gz_dartsim_vendor/lib:/opt/ros/jazzy/opt/gz_cmake_vendor/lib:/opt/ros/jazzy/lib /usr/bin/cmake --install /home/mario/master_ws/build/moveit_task_constructor_demo
[2.238s] Level 1:colcon.colcon_core.environment:create_environment_scripts_only(moveit_task_constructor_demo)
[2.238s] Level 1:colcon.colcon_core.environment:checking '/home/mario/master_ws/install/moveit_task_constructor_demo' for CMake module files
[2.240s] Level 1:colcon.colcon_core.environment:checking '/home/mario/master_ws/install/moveit_task_constructor_demo' for CMake config files
[2.241s] Level 1:colcon.colcon_core.shell:create_environment_hook('moveit_task_constructor_demo', 'cmake_prefix_path')
[2.242s] INFO:colcon.colcon_core.shell:Creating environment hook '/home/mario/master_ws/install/moveit_task_constructor_demo/share/moveit_task_constructor_demo/hook/cmake_prefix_path.ps1'
[2.242s] INFO:colcon.colcon_core.shell:Creating environment descriptor '/home/mario/master_ws/install/moveit_task_constructor_demo/share/moveit_task_constructor_demo/hook/cmake_prefix_path.dsv'
[2.243s] INFO:colcon.colcon_core.shell:Creating environment hook '/home/mario/master_ws/install/moveit_task_constructor_demo/share/moveit_task_constructor_demo/hook/cmake_prefix_path.sh'
[2.244s] Level 1:colcon.colcon_core.environment:checking '/home/mario/master_ws/install/moveit_task_constructor_demo/lib'
[2.244s] Level 1:colcon.colcon_core.shell:create_environment_hook('moveit_task_constructor_demo', 'ld_library_path_lib')
[2.244s] INFO:colcon.colcon_core.shell:Creating environment hook '/home/mario/master_ws/install/moveit_task_constructor_demo/share/moveit_task_constructor_demo/hook/ld_library_path_lib.ps1'
[2.245s] INFO:colcon.colcon_core.shell:Creating environment descriptor '/home/mario/master_ws/install/moveit_task_constructor_demo/share/moveit_task_constructor_demo/hook/ld_library_path_lib.dsv'
[2.245s] INFO:colcon.colcon_core.shell:Creating environment hook '/home/mario/master_ws/install/moveit_task_constructor_demo/share/moveit_task_constructor_demo/hook/ld_library_path_lib.sh'
[2.246s] Level 1:colcon.colcon_core.environment:checking '/home/mario/master_ws/install/moveit_task_constructor_demo/bin'
[2.246s] Level 1:colcon.colcon_core.environment:checking '/home/mario/master_ws/install/moveit_task_constructor_demo/lib/pkgconfig/moveit_task_constructor_demo.pc'
[2.246s] Level 1:colcon.colcon_core.environment:checking '/home/mario/master_ws/install/moveit_task_constructor_demo/lib/python3.12/site-packages'
[2.246s] Level 1:colcon.colcon_core.environment:checking '/home/mario/master_ws/install/moveit_task_constructor_demo/bin'
[2.246s] INFO:colcon.colcon_core.shell:Creating package script '/home/mario/master_ws/install/moveit_task_constructor_demo/share/moveit_task_constructor_demo/package.ps1'
[2.247s] DEBUG:colcon.colcon_core.event_handler.log_command:Invoked command in '/home/mario/master_ws/build/moveit_task_constructor_demo' returned '0': CMAKE_PREFIX_PATH=/home/mario/master_ws/install/moveit_task_constructor_visualization:/home/mario/master_ws/install/moveit_task_constructor_capabilities:/home/mario/master_ws/install/moveit_task_constructor_core:/home/mario/master_ws/install/rviz_marker_tools:/home/mario/master_ws/install/moveit_task_constructor_msgs:/home/mario/master_ws/install/vision_control:/home/mario/master_ws/install/moveit_task_constructor_demo:/home/mario/master_ws/install/estun_control:/home/mario/master_ws/install/estun_moveit:/opt/ros/jazzy/opt/gz_sim_vendor:/opt/ros/jazzy/opt/gz_sensors_vendor:/opt/ros/jazzy/opt/gz_physics_vendor:/opt/ros/jazzy/opt/sdformat_vendor:/opt/ros/jazzy/opt/gz_gui_vendor:/opt/ros/jazzy/opt/gz_transport_vendor:/opt/ros/jazzy/opt/gz_rendering_vendor:/opt/ros/jazzy/opt/gz_plugin_vendor:/opt/ros/jazzy/opt/gz_fuel_tools_vendor:/opt/ros/jazzy/opt/gz_msgs_vendor:/opt/ros/jazzy/opt/gz_common_vendor:/opt/ros/jazzy/opt/gz_math_vendor:/opt/ros/jazzy/opt/gz_utils_vendor:/opt/ros/jazzy/opt/gz_tools_vendor:/opt/ros/jazzy/opt/gz_ogre_next_vendor:/opt/ros/jazzy/opt/gz_dartsim_vendor:/opt/ros/jazzy/opt/gz_cmake_vendor:/home/mario/master_ws/install/estun_description:/opt/ros/jazzy DEBUGINFOD_URLS=https://debuginfod.ubuntu.com LD_LIBRARY_PATH=/home/mario/master_ws/install/moveit_task_constructor_visualization/lib:/home/mario/master_ws/install/moveit_task_constructor_capabilities/lib:/home/mario/master_ws/install/moveit_task_constructor_core/lib:/home/mario/master_ws/install/rviz_marker_tools/lib:/home/mario/master_ws/install/moveit_task_constructor_msgs/lib:/home/mario/master_ws/install/moveit_task_constructor_demo/lib:/opt/ros/jazzy/opt/gz_sim_vendor/lib:/opt/ros/jazzy/opt/gz_sensors_vendor/lib:/opt/ros/jazzy/opt/gz_physics_vendor/lib:/opt/ros/jazzy/opt/sdformat_vendor/lib:/opt/ros/jazzy/opt/rviz_ogre_vendor/lib:/opt/ros/jazzy/lib/x86_64-linux-gnu:/opt/ros/jazzy/opt/gz_gui_vendor/lib:/opt/ros/jazzy/opt/gz_transport_vendor/lib:/opt/ros/jazzy/opt/gz_rendering_vendor/lib:/opt/ros/jazzy/opt/gz_plugin_vendor/lib:/opt/ros/jazzy/opt/gz_fuel_tools_vendor/lib:/opt/ros/jazzy/opt/gz_msgs_vendor/lib:/opt/ros/jazzy/opt/gz_common_vendor/lib:/opt/ros/jazzy/opt/gz_math_vendor/lib:/opt/ros/jazzy/opt/gz_utils_vendor/lib:/opt/ros/jazzy/opt/gz_tools_vendor/lib:/opt/ros/jazzy/opt/gz_ogre_next_vendor/lib:/opt/ros/jazzy/opt/gz_dartsim_vendor/lib:/opt/ros/jazzy/opt/gz_cmake_vendor/lib:/opt/ros/jazzy/lib /usr/bin/cmake --install /home/mario/master_ws/build/moveit_task_constructor_demo
[2.247s] INFO:colcon.colcon_core.shell:Creating package descriptor '/home/mario/master_ws/install/moveit_task_constructor_demo/share/moveit_task_constructor_demo/package.dsv'
[2.248s] INFO:colcon.colcon_core.shell:Creating package script '/home/mario/master_ws/install/moveit_task_constructor_demo/share/moveit_task_constructor_demo/package.sh'
[2.248s] INFO:colcon.colcon_core.shell:Creating package script '/home/mario/master_ws/install/moveit_task_constructor_demo/share/moveit_task_constructor_demo/package.bash'
[2.248s] INFO:colcon.colcon_core.shell:Creating package script '/home/mario/master_ws/install/moveit_task_constructor_demo/share/moveit_task_constructor_demo/package.zsh'
[2.249s] Level 1:colcon.colcon_core.environment:create_file_with_runtime_dependencies(/home/mario/master_ws/install/moveit_task_constructor_demo/share/colcon-core/packages/moveit_task_constructor_demo)
[2.249s] Level 1:colcon.colcon_core.environment:create_environment_scripts_only(moveit_task_constructor_demo)
[2.249s] Level 1:colcon.colcon_core.environment:checking '/home/mario/master_ws/install/moveit_task_constructor_demo' for CMake module files
[2.250s] Level 1:colcon.colcon_core.environment:checking '/home/mario/master_ws/install/moveit_task_constructor_demo' for CMake config files
[2.250s] Level 1:colcon.colcon_core.shell:create_environment_hook('moveit_task_constructor_demo', 'cmake_prefix_path')
[2.250s] INFO:colcon.colcon_core.shell:Creating environment hook '/home/mario/master_ws/install/moveit_task_constructor_demo/share/moveit_task_constructor_demo/hook/cmake_prefix_path.ps1'
[2.251s] INFO:colcon.colcon_core.shell:Creating environment descriptor '/home/mario/master_ws/install/moveit_task_constructor_demo/share/moveit_task_constructor_demo/hook/cmake_prefix_path.dsv'
[2.251s] INFO:colcon.colcon_core.shell:Creating environment hook '/home/mario/master_ws/install/moveit_task_constructor_demo/share/moveit_task_constructor_demo/hook/cmake_prefix_path.sh'
[2.251s] Level 1:colcon.colcon_core.environment:checking '/home/mario/master_ws/install/moveit_task_constructor_demo/lib'
[2.251s] Level 1:colcon.colcon_core.shell:create_environment_hook('moveit_task_constructor_demo', 'ld_library_path_lib')
[2.251s] INFO:colcon.colcon_core.shell:Creating environment hook '/home/mario/master_ws/install/moveit_task_constructor_demo/share/moveit_task_constructor_demo/hook/ld_library_path_lib.ps1'
[2.252s] INFO:colcon.colcon_core.shell:Creating environment descriptor '/home/mario/master_ws/install/moveit_task_constructor_demo/share/moveit_task_constructor_demo/hook/ld_library_path_lib.dsv'
[2.252s] INFO:colcon.colcon_core.shell:Creating environment hook '/home/mario/master_ws/install/moveit_task_constructor_demo/share/moveit_task_constructor_demo/hook/ld_library_path_lib.sh'
[2.252s] Level 1:colcon.colcon_core.environment:checking '/home/mario/master_ws/install/moveit_task_constructor_demo/bin'
[2.252s] Level 1:colcon.colcon_core.environment:checking '/home/mario/master_ws/install/moveit_task_constructor_demo/lib/pkgconfig/moveit_task_constructor_demo.pc'
[2.252s] Level 1:colcon.colcon_core.environment:checking '/home/mario/master_ws/install/moveit_task_constructor_demo/lib/python3.12/site-packages'
[2.253s] Level 1:colcon.colcon_core.environment:checking '/home/mario/master_ws/install/moveit_task_constructor_demo/bin'
[2.253s] INFO:colcon.colcon_core.shell:Creating package script '/home/mario/master_ws/install/moveit_task_constructor_demo/share/moveit_task_constructor_demo/package.ps1'
[2.253s] INFO:colcon.colcon_core.shell:Creating package descriptor '/home/mario/master_ws/install/moveit_task_constructor_demo/share/moveit_task_constructor_demo/package.dsv'
[2.254s] INFO:colcon.colcon_core.shell:Creating package script '/home/mario/master_ws/install/moveit_task_constructor_demo/share/moveit_task_constructor_demo/package.sh'
[2.254s] INFO:colcon.colcon_core.shell:Creating package script '/home/mario/master_ws/install/moveit_task_constructor_demo/share/moveit_task_constructor_demo/package.bash'
[2.254s] INFO:colcon.colcon_core.shell:Creating package script '/home/mario/master_ws/install/moveit_task_constructor_demo/share/moveit_task_constructor_demo/package.zsh'
[2.254s] Level 1:colcon.colcon_core.environment:create_file_with_runtime_dependencies(/home/mario/master_ws/install/moveit_task_constructor_demo/share/colcon-core/packages/moveit_task_constructor_demo)
[23.132s] DEBUG:colcon.colcon_core.event_handler.log_command:Invoked command in '/home/mario/master_ws/build/vision_control' returned '0': CMAKE_PREFIX_PATH=${CMAKE_PREFIX_PATH}:/home/mario/master_ws/install/estun_description:/opt/ros/jazzy DEBUGINFOD_URLS=https://debuginfod.ubuntu.com /usr/bin/cmake --build /home/mario/master_ws/build/vision_control -- -j12 -l12
[23.133s] DEBUG:colcon.colcon_core.event_handler.log_command:Invoking command in '/home/mario/master_ws/build/vision_control': CMAKE_PREFIX_PATH=${CMAKE_PREFIX_PATH}:/home/mario/master_ws/install/estun_description:/opt/ros/jazzy DEBUGINFOD_URLS=https://debuginfod.ubuntu.com /usr/bin/cmake --install /home/mario/master_ws/build/vision_control
[23.158s] Level 1:colcon.colcon_core.environment:create_environment_scripts_only(vision_control)
[23.158s] Level 1:colcon.colcon_core.environment:checking '/home/mario/master_ws/install/vision_control' for CMake module files
[23.158s] DEBUG:colcon.colcon_core.event_handler.log_command:Invoked command in '/home/mario/master_ws/build/vision_control' returned '0': CMAKE_PREFIX_PATH=${CMAKE_PREFIX_PATH}:/home/mario/master_ws/install/estun_description:/opt/ros/jazzy DEBUGINFOD_URLS=https://debuginfod.ubuntu.com /usr/bin/cmake --install /home/mario/master_ws/build/vision_control
[23.159s] Level 1:colcon.colcon_core.environment:checking '/home/mario/master_ws/install/vision_control' for CMake config files
[23.159s] Level 1:colcon.colcon_core.shell:create_environment_hook('vision_control', 'cmake_prefix_path')
[23.159s] INFO:colcon.colcon_core.shell:Creating environment hook '/home/mario/master_ws/install/vision_control/share/vision_control/hook/cmake_prefix_path.ps1'
[23.159s] INFO:colcon.colcon_core.shell:Creating environment descriptor '/home/mario/master_ws/install/vision_control/share/vision_control/hook/cmake_prefix_path.dsv'
[23.160s] INFO:colcon.colcon_core.shell:Creating environment hook '/home/mario/master_ws/install/vision_control/share/vision_control/hook/cmake_prefix_path.sh'
[23.160s] Level 1:colcon.colcon_core.environment:checking '/home/mario/master_ws/install/vision_control/lib'
[23.160s] Level 1:colcon.colcon_core.environment:checking '/home/mario/master_ws/install/vision_control/bin'
[23.160s] Level 1:colcon.colcon_core.environment:checking '/home/mario/master_ws/install/vision_control/lib/pkgconfig/vision_control.pc'
[23.160s] Level 1:colcon.colcon_core.environment:checking '/home/mario/master_ws/install/vision_control/lib/python3.12/site-packages'
[23.161s] Level 1:colcon.colcon_core.environment:checking '/home/mario/master_ws/install/vision_control/bin'
[23.161s] INFO:colcon.colcon_core.shell:Creating package script '/home/mario/master_ws/install/vision_control/share/vision_control/package.ps1'
[23.161s] INFO:colcon.colcon_core.shell:Creating package descriptor '/home/mario/master_ws/install/vision_control/share/vision_control/package.dsv'
[23.161s] INFO:colcon.colcon_core.shell:Creating package script '/home/mario/master_ws/install/vision_control/share/vision_control/package.sh'
[23.162s] INFO:colcon.colcon_core.shell:Creating package script '/home/mario/master_ws/install/vision_control/share/vision_control/package.bash'
[23.162s] INFO:colcon.colcon_core.shell:Creating package script '/home/mario/master_ws/install/vision_control/share/vision_control/package.zsh'
[23.162s] Level 1:colcon.colcon_core.environment:create_file_with_runtime_dependencies(/home/mario/master_ws/install/vision_control/share/colcon-core/packages/vision_control)
[23.162s] Level 1:colcon.colcon_core.environment:create_environment_scripts_only(vision_control)
[23.163s] Level 1:colcon.colcon_core.environment:checking '/home/mario/master_ws/install/vision_control' for CMake module files
[23.163s] Level 1:colcon.colcon_core.environment:checking '/home/mario/master_ws/install/vision_control' for CMake config files
[23.163s] Level 1:colcon.colcon_core.shell:create_environment_hook('vision_control', 'cmake_prefix_path')
[23.163s] INFO:colcon.colcon_core.shell:Creating environment hook '/home/mario/master_ws/install/vision_control/share/vision_control/hook/cmake_prefix_path.ps1'
[23.163s] INFO:colcon.colcon_core.shell:Creating environment descriptor '/home/mario/master_ws/install/vision_control/share/vision_control/hook/cmake_prefix_path.dsv'
[23.164s] INFO:colcon.colcon_core.shell:Creating environment hook '/home/mario/master_ws/install/vision_control/share/vision_control/hook/cmake_prefix_path.sh'
[23.164s] Level 1:colcon.colcon_core.environment:checking '/home/mario/master_ws/install/vision_control/lib'
[23.164s] Level 1:colcon.colcon_core.environment:checking '/home/mario/master_ws/install/vision_control/bin'
[23.164s] Level 1:colcon.colcon_core.environment:checking '/home/mario/master_ws/install/vision_control/lib/pkgconfig/vision_control.pc'
[23.164s] Level 1:colcon.colcon_core.environment:checking '/home/mario/master_ws/install/vision_control/lib/python3.12/site-packages'
[23.165s] Level 1:colcon.colcon_core.environment:checking '/home/mario/master_ws/install/vision_control/bin'
[23.165s] INFO:colcon.colcon_core.shell:Creating package script '/home/mario/master_ws/install/vision_control/share/vision_control/package.ps1'
[23.165s] INFO:colcon.colcon_core.shell:Creating package descriptor '/home/mario/master_ws/install/vision_control/share/vision_control/package.dsv'
[23.166s] INFO:colcon.colcon_core.shell:Creating package script '/home/mario/master_ws/install/vision_control/share/vision_control/package.sh'
[23.166s] INFO:colcon.colcon_core.shell:Creating package script '/home/mario/master_ws/install/vision_control/share/vision_control/package.bash'
[23.166s] INFO:colcon.colcon_core.shell:Creating package script '/home/mario/master_ws/install/vision_control/share/vision_control/package.zsh'
[23.166s] Level 1:colcon.colcon_core.environment:create_file_with_runtime_dependencies(/home/mario/master_ws/install/vision_control/share/colcon-core/packages/vision_control)
[23.167s] DEBUG:colcon.colcon_parallel_executor.executor.parallel:closing loop
[23.167s] DEBUG:colcon.colcon_parallel_executor.executor.parallel:loop closed
[23.167s] DEBUG:colcon.colcon_parallel_executor.executor.parallel:run_until_complete finished with '0'
[23.167s] DEBUG:colcon.colcon_core.event_reactor:joining thread
[23.175s] INFO:colcon.colcon_core.plugin_system:Skipping extension 'colcon_notification.desktop_notification.terminal_notifier': Not used on non-Darwin systems
[23.176s] INFO:colcon.colcon_core.plugin_system:Skipping extension 'colcon_notification.desktop_notification.win32': Not used on non-Windows systems
[23.176s] INFO:colcon.colcon_notification.desktop_notification:Sending desktop notification using 'notify2'
[23.190s] DEBUG:colcon.colcon_core.event_reactor:joined thread
[23.190s] INFO:colcon.colcon_core.shell:Creating prefix script '/home/mario/master_ws/install/local_setup.ps1'
[23.191s] INFO:colcon.colcon_core.shell:Creating prefix util module '/home/mario/master_ws/install/_local_setup_util_ps1.py'
[23.192s] INFO:colcon.colcon_core.shell:Creating prefix chain script '/home/mario/master_ws/install/setup.ps1'
[23.193s] INFO:colcon.colcon_core.shell:Creating prefix script '/home/mario/master_ws/install/local_setup.sh'
[23.193s] INFO:colcon.colcon_core.shell:Creating prefix util module '/home/mario/master_ws/install/_local_setup_util_sh.py'
[23.193s] INFO:colcon.colcon_core.shell:Creating prefix chain script '/home/mario/master_ws/install/setup.sh'
[23.194s] INFO:colcon.colcon_core.shell:Creating prefix script '/home/mario/master_ws/install/local_setup.bash'
[23.195s] INFO:colcon.colcon_core.shell:Creating prefix chain script '/home/mario/master_ws/install/setup.bash'
[23.195s] INFO:colcon.colcon_core.shell:Creating prefix script '/home/mario/master_ws/install/local_setup.zsh'
[23.196s] INFO:colcon.colcon_core.shell:Creating prefix chain script '/home/mario/master_ws/install/setup.zsh'
