[0.125s] DEBUG:colcon:Command line arguments: ['/usr/bin/colcon', 'build']
[0.125s] DEBUG:colcon:Parsed command line arguments: Namespace(log_base=None, log_level=None, verb_name='build', build_base='build', install_base='install', merge_install=False, symlink_install=False, test_result_base=None, continue_on_error=False, executor='parallel', parallel_workers=12, event_handlers=None, ignore_user_meta=False, metas=['./colcon.meta'], base_paths=['.'], packages_ignore=None, packages_ignore_regex=None, paths=None, packages_up_to=None, packages_up_to_regex=None, packages_above=None, packages_above_and_dependencies=None, packages_above_depth=None, packages_select_by_dep=None, packages_skip_by_dep=None, packages_skip_up_to=None, packages_select_build_failed=False, packages_skip_build_finished=False, packages_select_test_failures=False, packages_skip_test_passed=False, packages_select=None, packages_skip=None, packages_select_regex=None, packages_skip_regex=None, packages_start=None, packages_end=None, allow_overriding=[], cmake_args=None, cmake_target=None, cmake_target_skip_unavailable=False, cmake_clean_cache=False, cmake_clean_first=False, cmake_force_configure=False, ament_cmake_args=None, catkin_cmake_args=None, catkin_skip_building_tests=False, mixin_files=None, mixin=None, verb_parser=<colcon_mixin.mixin.mixin_argument.MixinArgumentDecorator object at 0x74d8db2c74d0>, verb_extension=<colcon_core.verb.build.BuildVerb object at 0x74d8db23f4d0>, main=<bound method BuildVerb.main of <colcon_core.verb.build.BuildVerb object at 0x74d8db23f4d0>>, mixin_verb=('build',))
[0.160s] Level 1:colcon.colcon_core.package_discovery:discover_packages(colcon_meta) check parameters
[0.160s] Level 1:colcon.colcon_core.package_discovery:discover_packages(recursive) check parameters
[0.160s] Level 1:colcon.colcon_core.package_discovery:discover_packages(ignore) check parameters
[0.160s] Level 1:colcon.colcon_core.package_discovery:discover_packages(path) check parameters
[0.160s] Level 1:colcon.colcon_core.package_discovery:discover_packages(colcon_meta) discover
[0.160s] Level 1:colcon.colcon_core.package_discovery:discover_packages(recursive) discover
[0.160s] INFO:colcon.colcon_core.package_discovery:Crawling recursively for packages in '/home/mario/master_ws'
[0.160s] Level 1:colcon.colcon_core.package_identification:_identify(.) by extensions ['ignore', 'ignore_ament_install']
[0.160s] Level 1:colcon.colcon_core.package_identification:_identify(.) by extension 'ignore'
[0.160s] Level 1:colcon.colcon_core.package_identification:_identify(.) by extension 'ignore_ament_install'
[0.160s] Level 1:colcon.colcon_core.package_identification:_identify(.) by extensions ['colcon_pkg']
[0.160s] Level 1:colcon.colcon_core.package_identification:_identify(.) by extension 'colcon_pkg'
[0.160s] Level 1:colcon.colcon_core.package_identification:_identify(.) by extensions ['colcon_meta']
[0.160s] Level 1:colcon.colcon_core.package_identification:_identify(.) by extension 'colcon_meta'
[0.160s] Level 1:colcon.colcon_core.package_identification:_identify(.) by extensions ['ros']
[0.160s] Level 1:colcon.colcon_core.package_identification:_identify(.) by extension 'ros'
[0.183s] Level 1:colcon.colcon_core.package_identification:_identify(.) by extensions ['cmake', 'python']
[0.183s] Level 1:colcon.colcon_core.package_identification:_identify(.) by extension 'cmake'
[0.183s] Level 1:colcon.colcon_core.package_identification:_identify(.) by extension 'python'
[0.183s] Level 1:colcon.colcon_core.package_identification:_identify(.) by extensions ['python_setup_py']
[0.183s] Level 1:colcon.colcon_core.package_identification:_identify(.) by extension 'python_setup_py'
[0.183s] Level 1:colcon.colcon_core.package_identification:_identify(build) by extensions ['ignore', 'ignore_ament_install']
[0.183s] Level 1:colcon.colcon_core.package_identification:_identify(build) by extension 'ignore'
[0.183s] Level 1:colcon.colcon_core.package_identification:_identify(build) ignored
[0.183s] Level 1:colcon.colcon_core.package_identification:_identify(install) by extensions ['ignore', 'ignore_ament_install']
[0.183s] Level 1:colcon.colcon_core.package_identification:_identify(install) by extension 'ignore'
[0.183s] Level 1:colcon.colcon_core.package_identification:_identify(install) ignored
[0.184s] Level 1:colcon.colcon_core.package_identification:_identify(log) by extensions ['ignore', 'ignore_ament_install']
[0.184s] Level 1:colcon.colcon_core.package_identification:_identify(log) by extension 'ignore'
[0.184s] Level 1:colcon.colcon_core.package_identification:_identify(log) ignored
[0.184s] Level 1:colcon.colcon_core.package_identification:_identify(src) by extensions ['ignore', 'ignore_ament_install']
[0.184s] Level 1:colcon.colcon_core.package_identification:_identify(src) by extension 'ignore'
[0.184s] Level 1:colcon.colcon_core.package_identification:_identify(src) by extension 'ignore_ament_install'
[0.184s] Level 1:colcon.colcon_core.package_identification:_identify(src) by extensions ['colcon_pkg']
[0.184s] Level 1:colcon.colcon_core.package_identification:_identify(src) by extension 'colcon_pkg'
[0.184s] Level 1:colcon.colcon_core.package_identification:_identify(src) by extensions ['colcon_meta']
[0.185s] Level 1:colcon.colcon_core.package_identification:_identify(src) by extension 'colcon_meta'
[0.185s] Level 1:colcon.colcon_core.package_identification:_identify(src) by extensions ['ros']
[0.185s] Level 1:colcon.colcon_core.package_identification:_identify(src) by extension 'ros'
[0.185s] Level 1:colcon.colcon_core.package_identification:_identify(src) by extensions ['cmake', 'python']
[0.185s] Level 1:colcon.colcon_core.package_identification:_identify(src) by extension 'cmake'
[0.185s] Level 1:colcon.colcon_core.package_identification:_identify(src) by extension 'python'
[0.185s] Level 1:colcon.colcon_core.package_identification:_identify(src) by extensions ['python_setup_py']
[0.185s] Level 1:colcon.colcon_core.package_identification:_identify(src) by extension 'python_setup_py'
[0.185s] Level 1:colcon.colcon_core.package_identification:_identify(src/estun_control) by extensions ['ignore', 'ignore_ament_install']
[0.185s] Level 1:colcon.colcon_core.package_identification:_identify(src/estun_control) by extension 'ignore'
[0.185s] Level 1:colcon.colcon_core.package_identification:_identify(src/estun_control) by extension 'ignore_ament_install'
[0.185s] Level 1:colcon.colcon_core.package_identification:_identify(src/estun_control) by extensions ['colcon_pkg']
[0.185s] Level 1:colcon.colcon_core.package_identification:_identify(src/estun_control) by extension 'colcon_pkg'
[0.185s] Level 1:colcon.colcon_core.package_identification:_identify(src/estun_control) by extensions ['colcon_meta']
[0.185s] Level 1:colcon.colcon_core.package_identification:_identify(src/estun_control) by extension 'colcon_meta'
[0.185s] Level 1:colcon.colcon_core.package_identification:_identify(src/estun_control) by extensions ['ros']
[0.185s] Level 1:colcon.colcon_core.package_identification:_identify(src/estun_control) by extension 'ros'
[0.188s] DEBUG:colcon.colcon_core.package_identification:Package 'src/estun_control' with type 'ros.ament_cmake' and name 'estun_control'
[0.188s] Level 1:colcon.colcon_core.package_identification:_identify(src/estun_description) by extensions ['ignore', 'ignore_ament_install']
[0.188s] Level 1:colcon.colcon_core.package_identification:_identify(src/estun_description) by extension 'ignore'
[0.188s] Level 1:colcon.colcon_core.package_identification:_identify(src/estun_description) by extension 'ignore_ament_install'
[0.188s] Level 1:colcon.colcon_core.package_identification:_identify(src/estun_description) by extensions ['colcon_pkg']
[0.188s] Level 1:colcon.colcon_core.package_identification:_identify(src/estun_description) by extension 'colcon_pkg'
[0.188s] Level 1:colcon.colcon_core.package_identification:_identify(src/estun_description) by extensions ['colcon_meta']
[0.188s] Level 1:colcon.colcon_core.package_identification:_identify(src/estun_description) by extension 'colcon_meta'
[0.188s] Level 1:colcon.colcon_core.package_identification:_identify(src/estun_description) by extensions ['ros']
[0.188s] Level 1:colcon.colcon_core.package_identification:_identify(src/estun_description) by extension 'ros'
[0.189s] DEBUG:colcon.colcon_core.package_identification:Package 'src/estun_description' with type 'ros.ament_python' and name 'estun_description'
[0.189s] Level 1:colcon.colcon_core.package_identification:_identify(src/estun_moveit) by extensions ['ignore', 'ignore_ament_install']
[0.189s] Level 1:colcon.colcon_core.package_identification:_identify(src/estun_moveit) by extension 'ignore'
[0.189s] Level 1:colcon.colcon_core.package_identification:_identify(src/estun_moveit) by extension 'ignore_ament_install'
[0.189s] Level 1:colcon.colcon_core.package_identification:_identify(src/estun_moveit) by extensions ['colcon_pkg']
[0.189s] Level 1:colcon.colcon_core.package_identification:_identify(src/estun_moveit) by extension 'colcon_pkg'
[0.189s] Level 1:colcon.colcon_core.package_identification:_identify(src/estun_moveit) by extensions ['colcon_meta']
[0.189s] Level 1:colcon.colcon_core.package_identification:_identify(src/estun_moveit) by extension 'colcon_meta'
[0.189s] Level 1:colcon.colcon_core.package_identification:_identify(src/estun_moveit) by extensions ['ros']
[0.189s] Level 1:colcon.colcon_core.package_identification:_identify(src/estun_moveit) by extension 'ros'
[0.190s] DEBUG:colcon.colcon_core.package_identification:Package 'src/estun_moveit' with type 'ros.ament_cmake' and name 'estun_moveit'
[0.190s] Level 1:colcon.colcon_core.package_identification:_identify(src/moveit_task_constructor) by extensions ['ignore', 'ignore_ament_install']
[0.190s] Level 1:colcon.colcon_core.package_identification:_identify(src/moveit_task_constructor) by extension 'ignore'
[0.190s] Level 1:colcon.colcon_core.package_identification:_identify(src/moveit_task_constructor) by extension 'ignore_ament_install'
[0.190s] Level 1:colcon.colcon_core.package_identification:_identify(src/moveit_task_constructor) by extensions ['colcon_pkg']
[0.190s] Level 1:colcon.colcon_core.package_identification:_identify(src/moveit_task_constructor) by extension 'colcon_pkg'
[0.190s] Level 1:colcon.colcon_core.package_identification:_identify(src/moveit_task_constructor) by extensions ['colcon_meta']
[0.190s] Level 1:colcon.colcon_core.package_identification:_identify(src/moveit_task_constructor) by extension 'colcon_meta'
[0.190s] Level 1:colcon.colcon_core.package_identification:_identify(src/moveit_task_constructor) by extensions ['ros']
[0.190s] Level 1:colcon.colcon_core.package_identification:_identify(src/moveit_task_constructor) by extension 'ros'
[0.191s] Level 1:colcon.colcon_core.package_identification:_identify(src/moveit_task_constructor) by extensions ['cmake', 'python']
[0.191s] Level 1:colcon.colcon_core.package_identification:_identify(src/moveit_task_constructor) by extension 'cmake'
[0.191s] Level 1:colcon.colcon_core.package_identification:_identify(src/moveit_task_constructor) by extension 'python'
[0.191s] Level 1:colcon.colcon_core.package_identification:_identify(src/moveit_task_constructor) by extensions ['python_setup_py']
[0.191s] Level 1:colcon.colcon_core.package_identification:_identify(src/moveit_task_constructor) by extension 'python_setup_py'
[0.191s] Level 1:colcon.colcon_core.package_identification:_identify(src/moveit_task_constructor/capabilities) by extensions ['ignore', 'ignore_ament_install']
[0.191s] Level 1:colcon.colcon_core.package_identification:_identify(src/moveit_task_constructor/capabilities) by extension 'ignore'
[0.191s] Level 1:colcon.colcon_core.package_identification:_identify(src/moveit_task_constructor/capabilities) by extension 'ignore_ament_install'
[0.191s] Level 1:colcon.colcon_core.package_identification:_identify(src/moveit_task_constructor/capabilities) by extensions ['colcon_pkg']
[0.191s] Level 1:colcon.colcon_core.package_identification:_identify(src/moveit_task_constructor/capabilities) by extension 'colcon_pkg'
[0.191s] Level 1:colcon.colcon_core.package_identification:_identify(src/moveit_task_constructor/capabilities) by extensions ['colcon_meta']
[0.191s] Level 1:colcon.colcon_core.package_identification:_identify(src/moveit_task_constructor/capabilities) by extension 'colcon_meta'
[0.191s] Level 1:colcon.colcon_core.package_identification:_identify(src/moveit_task_constructor/capabilities) by extensions ['ros']
[0.191s] Level 1:colcon.colcon_core.package_identification:_identify(src/moveit_task_constructor/capabilities) by extension 'ros'
[0.192s] DEBUG:colcon.colcon_core.package_identification:Package 'src/moveit_task_constructor/capabilities' with type 'ros.ament_cmake' and name 'moveit_task_constructor_capabilities'
[0.192s] Level 1:colcon.colcon_core.package_identification:_identify(src/moveit_task_constructor/core) by extensions ['ignore', 'ignore_ament_install']
[0.192s] Level 1:colcon.colcon_core.package_identification:_identify(src/moveit_task_constructor/core) by extension 'ignore'
[0.192s] Level 1:colcon.colcon_core.package_identification:_identify(src/moveit_task_constructor/core) by extension 'ignore_ament_install'
[0.192s] Level 1:colcon.colcon_core.package_identification:_identify(src/moveit_task_constructor/core) by extensions ['colcon_pkg']
[0.192s] Level 1:colcon.colcon_core.package_identification:_identify(src/moveit_task_constructor/core) by extension 'colcon_pkg'
[0.192s] Level 1:colcon.colcon_core.package_identification:_identify(src/moveit_task_constructor/core) by extensions ['colcon_meta']
[0.192s] Level 1:colcon.colcon_core.package_identification:_identify(src/moveit_task_constructor/core) by extension 'colcon_meta'
[0.192s] Level 1:colcon.colcon_core.package_identification:_identify(src/moveit_task_constructor/core) by extensions ['ros']
[0.192s] Level 1:colcon.colcon_core.package_identification:_identify(src/moveit_task_constructor/core) by extension 'ros'
[0.193s] DEBUG:colcon.colcon_core.package_identification:Package 'src/moveit_task_constructor/core' with type 'ros.ament_cmake' and name 'moveit_task_constructor_core'
[0.193s] Level 1:colcon.colcon_core.package_identification:_identify(src/moveit_task_constructor/demo) by extensions ['ignore', 'ignore_ament_install']
[0.193s] Level 1:colcon.colcon_core.package_identification:_identify(src/moveit_task_constructor/demo) by extension 'ignore'
[0.194s] Level 1:colcon.colcon_core.package_identification:_identify(src/moveit_task_constructor/demo) by extension 'ignore_ament_install'
[0.194s] Level 1:colcon.colcon_core.package_identification:_identify(src/moveit_task_constructor/demo) by extensions ['colcon_pkg']
[0.194s] Level 1:colcon.colcon_core.package_identification:_identify(src/moveit_task_constructor/demo) by extension 'colcon_pkg'
[0.194s] Level 1:colcon.colcon_core.package_identification:_identify(src/moveit_task_constructor/demo) by extensions ['colcon_meta']
[0.194s] Level 1:colcon.colcon_core.package_identification:_identify(src/moveit_task_constructor/demo) by extension 'colcon_meta'
[0.194s] Level 1:colcon.colcon_core.package_identification:_identify(src/moveit_task_constructor/demo) by extensions ['ros']
[0.194s] Level 1:colcon.colcon_core.package_identification:_identify(src/moveit_task_constructor/demo) by extension 'ros'
[0.194s] DEBUG:colcon.colcon_core.package_identification:Package 'src/moveit_task_constructor/demo' with type 'ros.ament_cmake' and name 'moveit_task_constructor_demo'
[0.194s] Level 1:colcon.colcon_core.package_identification:_identify(src/moveit_task_constructor/msgs) by extensions ['ignore', 'ignore_ament_install']
[0.194s] Level 1:colcon.colcon_core.package_identification:_identify(src/moveit_task_constructor/msgs) by extension 'ignore'
[0.195s] Level 1:colcon.colcon_core.package_identification:_identify(src/moveit_task_constructor/msgs) by extension 'ignore_ament_install'
[0.195s] Level 1:colcon.colcon_core.package_identification:_identify(src/moveit_task_constructor/msgs) by extensions ['colcon_pkg']
[0.195s] Level 1:colcon.colcon_core.package_identification:_identify(src/moveit_task_constructor/msgs) by extension 'colcon_pkg'
[0.195s] Level 1:colcon.colcon_core.package_identification:_identify(src/moveit_task_constructor/msgs) by extensions ['colcon_meta']
[0.195s] Level 1:colcon.colcon_core.package_identification:_identify(src/moveit_task_constructor/msgs) by extension 'colcon_meta'
[0.195s] Level 1:colcon.colcon_core.package_identification:_identify(src/moveit_task_constructor/msgs) by extensions ['ros']
[0.195s] Level 1:colcon.colcon_core.package_identification:_identify(src/moveit_task_constructor/msgs) by extension 'ros'
[0.195s] DEBUG:colcon.colcon_core.package_identification:Package 'src/moveit_task_constructor/msgs' with type 'ros.ament_cmake' and name 'moveit_task_constructor_msgs'
[0.195s] Level 1:colcon.colcon_core.package_identification:_identify(src/moveit_task_constructor/rviz_marker_tools) by extensions ['ignore', 'ignore_ament_install']
[0.195s] Level 1:colcon.colcon_core.package_identification:_identify(src/moveit_task_constructor/rviz_marker_tools) by extension 'ignore'
[0.195s] Level 1:colcon.colcon_core.package_identification:_identify(src/moveit_task_constructor/rviz_marker_tools) by extension 'ignore_ament_install'
[0.195s] Level 1:colcon.colcon_core.package_identification:_identify(src/moveit_task_constructor/rviz_marker_tools) by extensions ['colcon_pkg']
[0.195s] Level 1:colcon.colcon_core.package_identification:_identify(src/moveit_task_constructor/rviz_marker_tools) by extension 'colcon_pkg'
[0.195s] Level 1:colcon.colcon_core.package_identification:_identify(src/moveit_task_constructor/rviz_marker_tools) by extensions ['colcon_meta']
[0.196s] Level 1:colcon.colcon_core.package_identification:_identify(src/moveit_task_constructor/rviz_marker_tools) by extension 'colcon_meta'
[0.196s] Level 1:colcon.colcon_core.package_identification:_identify(src/moveit_task_constructor/rviz_marker_tools) by extensions ['ros']
[0.196s] Level 1:colcon.colcon_core.package_identification:_identify(src/moveit_task_constructor/rviz_marker_tools) by extension 'ros'
[0.196s] DEBUG:colcon.colcon_core.package_identification:Package 'src/moveit_task_constructor/rviz_marker_tools' with type 'ros.ament_cmake' and name 'rviz_marker_tools'
[0.196s] Level 1:colcon.colcon_core.package_identification:_identify(src/moveit_task_constructor/visualization) by extensions ['ignore', 'ignore_ament_install']
[0.196s] Level 1:colcon.colcon_core.package_identification:_identify(src/moveit_task_constructor/visualization) by extension 'ignore'
[0.196s] Level 1:colcon.colcon_core.package_identification:_identify(src/moveit_task_constructor/visualization) by extension 'ignore_ament_install'
[0.196s] Level 1:colcon.colcon_core.package_identification:_identify(src/moveit_task_constructor/visualization) by extensions ['colcon_pkg']
[0.196s] Level 1:colcon.colcon_core.package_identification:_identify(src/moveit_task_constructor/visualization) by extension 'colcon_pkg'
[0.196s] Level 1:colcon.colcon_core.package_identification:_identify(src/moveit_task_constructor/visualization) by extensions ['colcon_meta']
[0.197s] Level 1:colcon.colcon_core.package_identification:_identify(src/moveit_task_constructor/visualization) by extension 'colcon_meta'
[0.197s] Level 1:colcon.colcon_core.package_identification:_identify(src/moveit_task_constructor/visualization) by extensions ['ros']
[0.197s] Level 1:colcon.colcon_core.package_identification:_identify(src/moveit_task_constructor/visualization) by extension 'ros'
[0.197s] DEBUG:colcon.colcon_core.package_identification:Package 'src/moveit_task_constructor/visualization' with type 'ros.ament_cmake' and name 'moveit_task_constructor_visualization'
[0.197s] Level 1:colcon.colcon_core.package_identification:_identify(src/vision_control) by extensions ['ignore', 'ignore_ament_install']
[0.197s] Level 1:colcon.colcon_core.package_identification:_identify(src/vision_control) by extension 'ignore'
[0.197s] Level 1:colcon.colcon_core.package_identification:_identify(src/vision_control) by extension 'ignore_ament_install'
[0.198s] Level 1:colcon.colcon_core.package_identification:_identify(src/vision_control) by extensions ['colcon_pkg']
[0.198s] Level 1:colcon.colcon_core.package_identification:_identify(src/vision_control) by extension 'colcon_pkg'
[0.198s] Level 1:colcon.colcon_core.package_identification:_identify(src/vision_control) by extensions ['colcon_meta']
[0.198s] Level 1:colcon.colcon_core.package_identification:_identify(src/vision_control) by extension 'colcon_meta'
[0.198s] Level 1:colcon.colcon_core.package_identification:_identify(src/vision_control) by extensions ['ros']
[0.198s] Level 1:colcon.colcon_core.package_identification:_identify(src/vision_control) by extension 'ros'
[0.198s] DEBUG:colcon.colcon_core.package_identification:Package 'src/vision_control' with type 'ros.ament_cmake' and name 'vision_control'
[0.198s] Level 1:colcon.colcon_core.package_discovery:discover_packages(recursive) using defaults
[0.198s] Level 1:colcon.colcon_core.package_discovery:discover_packages(ignore) discover
[0.198s] Level 1:colcon.colcon_core.package_discovery:discover_packages(ignore) using defaults
[0.198s] Level 1:colcon.colcon_core.package_discovery:discover_packages(path) discover
[0.198s] Level 1:colcon.colcon_core.package_discovery:discover_packages(path) using defaults
[0.219s] Level 1:colcon.colcon_core.package_discovery:discover_packages(prefix_path) check parameters
[0.219s] Level 1:colcon.colcon_core.package_discovery:discover_packages(prefix_path) discover
[0.221s] DEBUG:colcon.colcon_installed_package_information.package_discovery:Found 10 installed packages in /home/mario/master_ws/install
[0.223s] DEBUG:colcon.colcon_installed_package_information.package_discovery:Found 542 installed packages in /opt/ros/jazzy
[0.225s] Level 1:colcon.colcon_core.package_discovery:discover_packages(prefix_path) using defaults
[0.317s] Level 5:colcon.colcon_core.verb:set package 'estun_description' build argument 'cmake_args' from command line to 'None'
[0.317s] Level 5:colcon.colcon_core.verb:set package 'estun_description' build argument 'cmake_target' from command line to 'None'
[0.317s] Level 5:colcon.colcon_core.verb:set package 'estun_description' build argument 'cmake_target_skip_unavailable' from command line to 'False'
[0.317s] Level 5:colcon.colcon_core.verb:set package 'estun_description' build argument 'cmake_clean_cache' from command line to 'False'
[0.317s] Level 5:colcon.colcon_core.verb:set package 'estun_description' build argument 'cmake_clean_first' from command line to 'False'
[0.317s] Level 5:colcon.colcon_core.verb:set package 'estun_description' build argument 'cmake_force_configure' from command line to 'False'
[0.317s] Level 5:colcon.colcon_core.verb:set package 'estun_description' build argument 'ament_cmake_args' from command line to 'None'
[0.317s] Level 5:colcon.colcon_core.verb:set package 'estun_description' build argument 'catkin_cmake_args' from command line to 'None'
[0.317s] Level 5:colcon.colcon_core.verb:set package 'estun_description' build argument 'catkin_skip_building_tests' from command line to 'False'
[0.317s] DEBUG:colcon.colcon_core.verb:Building package 'estun_description' with the following arguments: {'ament_cmake_args': None, 'build_base': '/home/mario/master_ws/build/estun_description', 'catkin_cmake_args': None, 'catkin_skip_building_tests': False, 'cmake_args': None, 'cmake_clean_cache': False, 'cmake_clean_first': False, 'cmake_force_configure': False, 'cmake_target': None, 'cmake_target_skip_unavailable': False, 'install_base': '/home/mario/master_ws/install/estun_description', 'merge_install': False, 'path': '/home/mario/master_ws/src/estun_description', 'symlink_install': False, 'test_result_base': None}
[0.317s] Level 5:colcon.colcon_core.verb:set package 'moveit_task_constructor_msgs' build argument 'cmake_args' from command line to 'None'
[0.317s] Level 5:colcon.colcon_core.verb:set package 'moveit_task_constructor_msgs' build argument 'cmake_target' from command line to 'None'
[0.317s] Level 5:colcon.colcon_core.verb:set package 'moveit_task_constructor_msgs' build argument 'cmake_target_skip_unavailable' from command line to 'False'
[0.317s] Level 5:colcon.colcon_core.verb:set package 'moveit_task_constructor_msgs' build argument 'cmake_clean_cache' from command line to 'False'
[0.317s] Level 5:colcon.colcon_core.verb:set package 'moveit_task_constructor_msgs' build argument 'cmake_clean_first' from command line to 'False'
[0.317s] Level 5:colcon.colcon_core.verb:set package 'moveit_task_constructor_msgs' build argument 'cmake_force_configure' from command line to 'False'
[0.317s] Level 5:colcon.colcon_core.verb:set package 'moveit_task_constructor_msgs' build argument 'ament_cmake_args' from command line to 'None'
[0.317s] Level 5:colcon.colcon_core.verb:set package 'moveit_task_constructor_msgs' build argument 'catkin_cmake_args' from command line to 'None'
[0.317s] Level 5:colcon.colcon_core.verb:set package 'moveit_task_constructor_msgs' build argument 'catkin_skip_building_tests' from command line to 'False'
[0.317s] DEBUG:colcon.colcon_core.verb:Building package 'moveit_task_constructor_msgs' with the following arguments: {'ament_cmake_args': None, 'build_base': '/home/mario/master_ws/build/moveit_task_constructor_msgs', 'catkin_cmake_args': None, 'catkin_skip_building_tests': False, 'cmake_args': None, 'cmake_clean_cache': False, 'cmake_clean_first': False, 'cmake_force_configure': False, 'cmake_target': None, 'cmake_target_skip_unavailable': False, 'install_base': '/home/mario/master_ws/install/moveit_task_constructor_msgs', 'merge_install': False, 'path': '/home/mario/master_ws/src/moveit_task_constructor/msgs', 'symlink_install': False, 'test_result_base': None}
[0.318s] Level 5:colcon.colcon_core.verb:set package 'rviz_marker_tools' build argument 'cmake_args' from command line to 'None'
[0.318s] Level 5:colcon.colcon_core.verb:set package 'rviz_marker_tools' build argument 'cmake_target' from command line to 'None'
[0.318s] Level 5:colcon.colcon_core.verb:set package 'rviz_marker_tools' build argument 'cmake_target_skip_unavailable' from command line to 'False'
[0.318s] Level 5:colcon.colcon_core.verb:set package 'rviz_marker_tools' build argument 'cmake_clean_cache' from command line to 'False'
[0.318s] Level 5:colcon.colcon_core.verb:set package 'rviz_marker_tools' build argument 'cmake_clean_first' from command line to 'False'
[0.318s] Level 5:colcon.colcon_core.verb:set package 'rviz_marker_tools' build argument 'cmake_force_configure' from command line to 'False'
[0.318s] Level 5:colcon.colcon_core.verb:set package 'rviz_marker_tools' build argument 'ament_cmake_args' from command line to 'None'
[0.318s] Level 5:colcon.colcon_core.verb:set package 'rviz_marker_tools' build argument 'catkin_cmake_args' from command line to 'None'
[0.318s] Level 5:colcon.colcon_core.verb:set package 'rviz_marker_tools' build argument 'catkin_skip_building_tests' from command line to 'False'
[0.318s] DEBUG:colcon.colcon_core.verb:Building package 'rviz_marker_tools' with the following arguments: {'ament_cmake_args': None, 'build_base': '/home/mario/master_ws/build/rviz_marker_tools', 'catkin_cmake_args': None, 'catkin_skip_building_tests': False, 'cmake_args': None, 'cmake_clean_cache': False, 'cmake_clean_first': False, 'cmake_force_configure': False, 'cmake_target': None, 'cmake_target_skip_unavailable': False, 'install_base': '/home/mario/master_ws/install/rviz_marker_tools', 'merge_install': False, 'path': '/home/mario/master_ws/src/moveit_task_constructor/rviz_marker_tools', 'symlink_install': False, 'test_result_base': None}
[0.318s] Level 5:colcon.colcon_core.verb:set package 'vision_control' build argument 'cmake_args' from command line to 'None'
[0.318s] Level 5:colcon.colcon_core.verb:set package 'vision_control' build argument 'cmake_target' from command line to 'None'
[0.318s] Level 5:colcon.colcon_core.verb:set package 'vision_control' build argument 'cmake_target_skip_unavailable' from command line to 'False'
[0.318s] Level 5:colcon.colcon_core.verb:set package 'vision_control' build argument 'cmake_clean_cache' from command line to 'False'
[0.318s] Level 5:colcon.colcon_core.verb:set package 'vision_control' build argument 'cmake_clean_first' from command line to 'False'
[0.318s] Level 5:colcon.colcon_core.verb:set package 'vision_control' build argument 'cmake_force_configure' from command line to 'False'
[0.318s] Level 5:colcon.colcon_core.verb:set package 'vision_control' build argument 'ament_cmake_args' from command line to 'None'
[0.318s] Level 5:colcon.colcon_core.verb:set package 'vision_control' build argument 'catkin_cmake_args' from command line to 'None'
[0.318s] Level 5:colcon.colcon_core.verb:set package 'vision_control' build argument 'catkin_skip_building_tests' from command line to 'False'
[0.318s] DEBUG:colcon.colcon_core.verb:Building package 'vision_control' with the following arguments: {'ament_cmake_args': None, 'build_base': '/home/mario/master_ws/build/vision_control', 'catkin_cmake_args': None, 'catkin_skip_building_tests': False, 'cmake_args': None, 'cmake_clean_cache': False, 'cmake_clean_first': False, 'cmake_force_configure': False, 'cmake_target': None, 'cmake_target_skip_unavailable': False, 'install_base': '/home/mario/master_ws/install/vision_control', 'merge_install': False, 'path': '/home/mario/master_ws/src/vision_control', 'symlink_install': False, 'test_result_base': None}
[0.318s] Level 5:colcon.colcon_core.verb:set package 'estun_moveit' build argument 'cmake_args' from command line to 'None'
[0.318s] Level 5:colcon.colcon_core.verb:set package 'estun_moveit' build argument 'cmake_target' from command line to 'None'
[0.318s] Level 5:colcon.colcon_core.verb:set package 'estun_moveit' build argument 'cmake_target_skip_unavailable' from command line to 'False'
[0.319s] Level 5:colcon.colcon_core.verb:set package 'estun_moveit' build argument 'cmake_clean_cache' from command line to 'False'
[0.319s] Level 5:colcon.colcon_core.verb:set package 'estun_moveit' build argument 'cmake_clean_first' from command line to 'False'
[0.319s] Level 5:colcon.colcon_core.verb:set package 'estun_moveit' build argument 'cmake_force_configure' from command line to 'False'
[0.319s] Level 5:colcon.colcon_core.verb:set package 'estun_moveit' build argument 'ament_cmake_args' from command line to 'None'
[0.319s] Level 5:colcon.colcon_core.verb:set package 'estun_moveit' build argument 'catkin_cmake_args' from command line to 'None'
[0.319s] Level 5:colcon.colcon_core.verb:set package 'estun_moveit' build argument 'catkin_skip_building_tests' from command line to 'False'
[0.319s] DEBUG:colcon.colcon_core.verb:Building package 'estun_moveit' with the following arguments: {'ament_cmake_args': None, 'build_base': '/home/mario/master_ws/build/estun_moveit', 'catkin_cmake_args': None, 'catkin_skip_building_tests': False, 'cmake_args': None, 'cmake_clean_cache': False, 'cmake_clean_first': False, 'cmake_force_configure': False, 'cmake_target': None, 'cmake_target_skip_unavailable': False, 'install_base': '/home/mario/master_ws/install/estun_moveit', 'merge_install': False, 'path': '/home/mario/master_ws/src/estun_moveit', 'symlink_install': False, 'test_result_base': None}
[0.319s] Level 5:colcon.colcon_core.verb:set package 'moveit_task_constructor_core' build argument 'cmake_args' from command line to 'None'
[0.319s] Level 5:colcon.colcon_core.verb:set package 'moveit_task_constructor_core' build argument 'cmake_target' from command line to 'None'
[0.319s] Level 5:colcon.colcon_core.verb:set package 'moveit_task_constructor_core' build argument 'cmake_target_skip_unavailable' from command line to 'False'
[0.319s] Level 5:colcon.colcon_core.verb:set package 'moveit_task_constructor_core' build argument 'cmake_clean_cache' from command line to 'False'
[0.319s] Level 5:colcon.colcon_core.verb:set package 'moveit_task_constructor_core' build argument 'cmake_clean_first' from command line to 'False'
[0.319s] Level 5:colcon.colcon_core.verb:set package 'moveit_task_constructor_core' build argument 'cmake_force_configure' from command line to 'False'
[0.319s] Level 5:colcon.colcon_core.verb:set package 'moveit_task_constructor_core' build argument 'ament_cmake_args' from command line to 'None'
[0.319s] Level 5:colcon.colcon_core.verb:set package 'moveit_task_constructor_core' build argument 'catkin_cmake_args' from command line to 'None'
[0.319s] Level 5:colcon.colcon_core.verb:set package 'moveit_task_constructor_core' build argument 'catkin_skip_building_tests' from command line to 'False'
[0.319s] DEBUG:colcon.colcon_core.verb:Building package 'moveit_task_constructor_core' with the following arguments: {'ament_cmake_args': None, 'build_base': '/home/mario/master_ws/build/moveit_task_constructor_core', 'catkin_cmake_args': None, 'catkin_skip_building_tests': False, 'cmake_args': None, 'cmake_clean_cache': False, 'cmake_clean_first': False, 'cmake_force_configure': False, 'cmake_target': None, 'cmake_target_skip_unavailable': False, 'install_base': '/home/mario/master_ws/install/moveit_task_constructor_core', 'merge_install': False, 'path': '/home/mario/master_ws/src/moveit_task_constructor/core', 'symlink_install': False, 'test_result_base': None}
[0.319s] Level 5:colcon.colcon_core.verb:set package 'estun_control' build argument 'cmake_args' from command line to 'None'
[0.319s] Level 5:colcon.colcon_core.verb:set package 'estun_control' build argument 'cmake_target' from command line to 'None'
[0.319s] Level 5:colcon.colcon_core.verb:set package 'estun_control' build argument 'cmake_target_skip_unavailable' from command line to 'False'
[0.319s] Level 5:colcon.colcon_core.verb:set package 'estun_control' build argument 'cmake_clean_cache' from command line to 'False'
[0.319s] Level 5:colcon.colcon_core.verb:set package 'estun_control' build argument 'cmake_clean_first' from command line to 'False'
[0.319s] Level 5:colcon.colcon_core.verb:set package 'estun_control' build argument 'cmake_force_configure' from command line to 'False'
[0.319s] Level 5:colcon.colcon_core.verb:set package 'estun_control' build argument 'ament_cmake_args' from command line to 'None'
[0.319s] Level 5:colcon.colcon_core.verb:set package 'estun_control' build argument 'catkin_cmake_args' from command line to 'None'
[0.320s] Level 5:colcon.colcon_core.verb:set package 'estun_control' build argument 'catkin_skip_building_tests' from command line to 'False'
[0.320s] DEBUG:colcon.colcon_core.verb:Building package 'estun_control' with the following arguments: {'ament_cmake_args': None, 'build_base': '/home/mario/master_ws/build/estun_control', 'catkin_cmake_args': None, 'catkin_skip_building_tests': False, 'cmake_args': None, 'cmake_clean_cache': False, 'cmake_clean_first': False, 'cmake_force_configure': False, 'cmake_target': None, 'cmake_target_skip_unavailable': False, 'install_base': '/home/mario/master_ws/install/estun_control', 'merge_install': False, 'path': '/home/mario/master_ws/src/estun_control', 'symlink_install': False, 'test_result_base': None}
[0.320s] Level 5:colcon.colcon_core.verb:set package 'moveit_task_constructor_capabilities' build argument 'cmake_args' from command line to 'None'
[0.320s] Level 5:colcon.colcon_core.verb:set package 'moveit_task_constructor_capabilities' build argument 'cmake_target' from command line to 'None'
[0.320s] Level 5:colcon.colcon_core.verb:set package 'moveit_task_constructor_capabilities' build argument 'cmake_target_skip_unavailable' from command line to 'False'
[0.320s] Level 5:colcon.colcon_core.verb:set package 'moveit_task_constructor_capabilities' build argument 'cmake_clean_cache' from command line to 'False'
[0.320s] Level 5:colcon.colcon_core.verb:set package 'moveit_task_constructor_capabilities' build argument 'cmake_clean_first' from command line to 'False'
[0.320s] Level 5:colcon.colcon_core.verb:set package 'moveit_task_constructor_capabilities' build argument 'cmake_force_configure' from command line to 'False'
[0.320s] Level 5:colcon.colcon_core.verb:set package 'moveit_task_constructor_capabilities' build argument 'ament_cmake_args' from command line to 'None'
[0.320s] Level 5:colcon.colcon_core.verb:set package 'moveit_task_constructor_capabilities' build argument 'catkin_cmake_args' from command line to 'None'
[0.320s] Level 5:colcon.colcon_core.verb:set package 'moveit_task_constructor_capabilities' build argument 'catkin_skip_building_tests' from command line to 'False'
[0.320s] DEBUG:colcon.colcon_core.verb:Building package 'moveit_task_constructor_capabilities' with the following arguments: {'ament_cmake_args': None, 'build_base': '/home/mario/master_ws/build/moveit_task_constructor_capabilities', 'catkin_cmake_args': None, 'catkin_skip_building_tests': False, 'cmake_args': None, 'cmake_clean_cache': False, 'cmake_clean_first': False, 'cmake_force_configure': False, 'cmake_target': None, 'cmake_target_skip_unavailable': False, 'install_base': '/home/mario/master_ws/install/moveit_task_constructor_capabilities', 'merge_install': False, 'path': '/home/mario/master_ws/src/moveit_task_constructor/capabilities', 'symlink_install': False, 'test_result_base': None}
[0.320s] Level 5:colcon.colcon_core.verb:set package 'moveit_task_constructor_visualization' build argument 'cmake_args' from command line to 'None'
[0.320s] Level 5:colcon.colcon_core.verb:set package 'moveit_task_constructor_visualization' build argument 'cmake_target' from command line to 'None'
[0.320s] Level 5:colcon.colcon_core.verb:set package 'moveit_task_constructor_visualization' build argument 'cmake_target_skip_unavailable' from command line to 'False'
[0.320s] Level 5:colcon.colcon_core.verb:set package 'moveit_task_constructor_visualization' build argument 'cmake_clean_cache' from command line to 'False'
[0.320s] Level 5:colcon.colcon_core.verb:set package 'moveit_task_constructor_visualization' build argument 'cmake_clean_first' from command line to 'False'
[0.320s] Level 5:colcon.colcon_core.verb:set package 'moveit_task_constructor_visualization' build argument 'cmake_force_configure' from command line to 'False'
[0.320s] Level 5:colcon.colcon_core.verb:set package 'moveit_task_constructor_visualization' build argument 'ament_cmake_args' from command line to 'None'
[0.320s] Level 5:colcon.colcon_core.verb:set package 'moveit_task_constructor_visualization' build argument 'catkin_cmake_args' from command line to 'None'
[0.320s] Level 5:colcon.colcon_core.verb:set package 'moveit_task_constructor_visualization' build argument 'catkin_skip_building_tests' from command line to 'False'
[0.320s] DEBUG:colcon.colcon_core.verb:Building package 'moveit_task_constructor_visualization' with the following arguments: {'ament_cmake_args': None, 'build_base': '/home/mario/master_ws/build/moveit_task_constructor_visualization', 'catkin_cmake_args': None, 'catkin_skip_building_tests': False, 'cmake_args': None, 'cmake_clean_cache': False, 'cmake_clean_first': False, 'cmake_force_configure': False, 'cmake_target': None, 'cmake_target_skip_unavailable': False, 'install_base': '/home/mario/master_ws/install/moveit_task_constructor_visualization', 'merge_install': False, 'path': '/home/mario/master_ws/src/moveit_task_constructor/visualization', 'symlink_install': False, 'test_result_base': None}
[0.321s] Level 5:colcon.colcon_core.verb:set package 'moveit_task_constructor_demo' build argument 'cmake_args' from command line to 'None'
[0.321s] Level 5:colcon.colcon_core.verb:set package 'moveit_task_constructor_demo' build argument 'cmake_target' from command line to 'None'
[0.321s] Level 5:colcon.colcon_core.verb:set package 'moveit_task_constructor_demo' build argument 'cmake_target_skip_unavailable' from command line to 'False'
[0.321s] Level 5:colcon.colcon_core.verb:set package 'moveit_task_constructor_demo' build argument 'cmake_clean_cache' from command line to 'False'
[0.321s] Level 5:colcon.colcon_core.verb:set package 'moveit_task_constructor_demo' build argument 'cmake_clean_first' from command line to 'False'
[0.321s] Level 5:colcon.colcon_core.verb:set package 'moveit_task_constructor_demo' build argument 'cmake_force_configure' from command line to 'False'
[0.321s] Level 5:colcon.colcon_core.verb:set package 'moveit_task_constructor_demo' build argument 'ament_cmake_args' from command line to 'None'
[0.321s] Level 5:colcon.colcon_core.verb:set package 'moveit_task_constructor_demo' build argument 'catkin_cmake_args' from command line to 'None'
[0.321s] Level 5:colcon.colcon_core.verb:set package 'moveit_task_constructor_demo' build argument 'catkin_skip_building_tests' from command line to 'False'
[0.321s] DEBUG:colcon.colcon_core.verb:Building package 'moveit_task_constructor_demo' with the following arguments: {'ament_cmake_args': None, 'build_base': '/home/mario/master_ws/build/moveit_task_constructor_demo', 'catkin_cmake_args': None, 'catkin_skip_building_tests': False, 'cmake_args': None, 'cmake_clean_cache': False, 'cmake_clean_first': False, 'cmake_force_configure': False, 'cmake_target': None, 'cmake_target_skip_unavailable': False, 'install_base': '/home/mario/master_ws/install/moveit_task_constructor_demo', 'merge_install': False, 'path': '/home/mario/master_ws/src/moveit_task_constructor/demo', 'symlink_install': False, 'test_result_base': None}
[0.321s] INFO:colcon.colcon_core.executor:Executing jobs using 'parallel' executor
[0.322s] DEBUG:colcon.colcon_parallel_executor.executor.parallel:run_until_complete
[0.322s] INFO:colcon.colcon_ros.task.ament_cmake.build:Building ROS package in '/home/mario/master_ws/src/moveit_task_constructor/msgs' with build type 'ament_cmake'
[0.323s] INFO:colcon.colcon_cmake.task.cmake.build:Building CMake package in '/home/mario/master_ws/src/moveit_task_constructor/msgs'
[0.325s] INFO:colcon.colcon_core.plugin_system:Skipping extension 'colcon_core.shell.bat': Not used on non-Windows systems
[0.325s] INFO:colcon.colcon_core.shell:Skip shell extension 'powershell' for command environment: Not usable outside of PowerShell
[0.325s] DEBUG:colcon.colcon_core.shell:Skip shell extension 'dsv' for command environment
[0.330s] INFO:colcon.colcon_ros.task.ament_cmake.build:Building ROS package in '/home/mario/master_ws/src/moveit_task_constructor/rviz_marker_tools' with build type 'ament_cmake'
[0.330s] INFO:colcon.colcon_cmake.task.cmake.build:Building CMake package in '/home/mario/master_ws/src/moveit_task_constructor/rviz_marker_tools'
[0.330s] INFO:colcon.colcon_core.shell:Skip shell extension 'powershell' for command environment: Not usable outside of PowerShell
[0.330s] DEBUG:colcon.colcon_core.shell:Skip shell extension 'dsv' for command environment
[0.335s] INFO:colcon.colcon_ros.task.ament_python.build:Building ROS package in '/home/mario/master_ws/src/estun_description' with build type 'ament_python'
[0.335s] Level 1:colcon.colcon_core.shell:create_environment_hook('estun_description', 'ament_prefix_path')
[0.335s] INFO:colcon.colcon_core.shell:Creating environment hook '/home/mario/master_ws/install/estun_description/share/estun_description/hook/ament_prefix_path.ps1'
[0.336s] INFO:colcon.colcon_core.shell:Creating environment descriptor '/home/mario/master_ws/install/estun_description/share/estun_description/hook/ament_prefix_path.dsv'
[0.336s] INFO:colcon.colcon_core.shell:Creating environment hook '/home/mario/master_ws/install/estun_description/share/estun_description/hook/ament_prefix_path.sh'
[0.337s] INFO:colcon.colcon_core.shell:Skip shell extension 'powershell' for command environment: Not usable outside of PowerShell
[0.337s] DEBUG:colcon.colcon_core.shell:Skip shell extension 'dsv' for command environment
[0.341s] INFO:colcon.colcon_ros.task.ament_cmake.build:Building ROS package in '/home/mario/master_ws/src/vision_control' with build type 'ament_cmake'
[0.341s] INFO:colcon.colcon_cmake.task.cmake.build:Building CMake package in '/home/mario/master_ws/src/vision_control'
[0.341s] INFO:colcon.colcon_core.shell:Skip shell extension 'powershell' for command environment: Not usable outside of PowerShell
[0.341s] DEBUG:colcon.colcon_core.shell:Skip shell extension 'dsv' for command environment
[0.349s] DEBUG:colcon.colcon_core.event_handler.log_command:Invoking command in '/home/mario/master_ws/build/moveit_task_constructor_msgs': CMAKE_PREFIX_PATH=${CMAKE_PREFIX_PATH}:/home/mario/master_ws/install/estun_description:/opt/ros/jazzy DEBUGINFOD_URLS=https://debuginfod.ubuntu.com /usr/bin/cmake --build /home/mario/master_ws/build/moveit_task_constructor_msgs -- -j12 -l12
[0.351s] DEBUG:colcon.colcon_core.event_handler.log_command:Invoking command in '/home/mario/master_ws/build/rviz_marker_tools': CMAKE_PREFIX_PATH=${CMAKE_PREFIX_PATH}:/home/mario/master_ws/install/estun_description:/opt/ros/jazzy DEBUGINFOD_URLS=https://debuginfod.ubuntu.com /usr/bin/cmake --build /home/mario/master_ws/build/rviz_marker_tools -- -j12 -l12
[0.619s] INFO:colcon.colcon_core.task.python.build:Building Python package in '/home/mario/master_ws/src/estun_description'
[0.620s] INFO:colcon.colcon_core.shell:Skip shell extension 'powershell' for command environment: Not usable outside of PowerShell
[0.620s] DEBUG:colcon.colcon_core.shell:Skip shell extension 'dsv' for command environment
[0.631s] DEBUG:colcon.colcon_core.event_handler.log_command:Invoked command in '/home/mario/master_ws/build/rviz_marker_tools' returned '0': CMAKE_PREFIX_PATH=${CMAKE_PREFIX_PATH}:/home/mario/master_ws/install/estun_description:/opt/ros/jazzy DEBUGINFOD_URLS=https://debuginfod.ubuntu.com /usr/bin/cmake --build /home/mario/master_ws/build/rviz_marker_tools -- -j12 -l12
[0.646s] DEBUG:colcon.colcon_core.event_handler.log_command:Invoking command in '/home/mario/master_ws/build/rviz_marker_tools': CMAKE_PREFIX_PATH=${CMAKE_PREFIX_PATH}:/home/mario/master_ws/install/estun_description:/opt/ros/jazzy DEBUGINFOD_URLS=https://debuginfod.ubuntu.com /usr/bin/cmake --install /home/mario/master_ws/build/rviz_marker_tools
[0.652s] DEBUG:colcon.colcon_core.event_handler.log_command:Invoking command in '/home/mario/master_ws/build/vision_control': CMAKE_PREFIX_PATH=${CMAKE_PREFIX_PATH}:/home/mario/master_ws/install/estun_description:/opt/ros/jazzy DEBUGINFOD_URLS=https://debuginfod.ubuntu.com /usr/bin/cmake --build /home/mario/master_ws/build/vision_control -- -j12 -l12
[0.664s] Level 1:colcon.colcon_core.environment:create_environment_scripts_only(rviz_marker_tools)
[0.665s] DEBUG:colcon.colcon_core.event_handler.log_command:Invoked command in '/home/mario/master_ws/build/rviz_marker_tools' returned '0': CMAKE_PREFIX_PATH=${CMAKE_PREFIX_PATH}:/home/mario/master_ws/install/estun_description:/opt/ros/jazzy DEBUGINFOD_URLS=https://debuginfod.ubuntu.com /usr/bin/cmake --install /home/mario/master_ws/build/rviz_marker_tools
[0.667s] Level 1:colcon.colcon_core.environment:checking '/home/mario/master_ws/install/rviz_marker_tools' for CMake module files
[0.667s] Level 1:colcon.colcon_core.environment:checking '/home/mario/master_ws/install/rviz_marker_tools' for CMake config files
[0.668s] Level 1:colcon.colcon_core.shell:create_environment_hook('rviz_marker_tools', 'cmake_prefix_path')
[0.668s] INFO:colcon.colcon_core.shell:Creating environment hook '/home/mario/master_ws/install/rviz_marker_tools/share/rviz_marker_tools/hook/cmake_prefix_path.ps1'
[0.669s] INFO:colcon.colcon_core.shell:Creating environment descriptor '/home/mario/master_ws/install/rviz_marker_tools/share/rviz_marker_tools/hook/cmake_prefix_path.dsv'
[0.669s] INFO:colcon.colcon_core.shell:Creating environment hook '/home/mario/master_ws/install/rviz_marker_tools/share/rviz_marker_tools/hook/cmake_prefix_path.sh'
[0.670s] Level 1:colcon.colcon_core.environment:checking '/home/mario/master_ws/install/rviz_marker_tools/lib'
[0.670s] Level 1:colcon.colcon_core.shell:create_environment_hook('rviz_marker_tools', 'ld_library_path_lib')
[0.670s] INFO:colcon.colcon_core.shell:Creating environment hook '/home/mario/master_ws/install/rviz_marker_tools/share/rviz_marker_tools/hook/ld_library_path_lib.ps1'
[0.670s] INFO:colcon.colcon_core.shell:Creating environment descriptor '/home/mario/master_ws/install/rviz_marker_tools/share/rviz_marker_tools/hook/ld_library_path_lib.dsv'
[0.671s] INFO:colcon.colcon_core.shell:Creating environment hook '/home/mario/master_ws/install/rviz_marker_tools/share/rviz_marker_tools/hook/ld_library_path_lib.sh'
[0.671s] Level 1:colcon.colcon_core.environment:checking '/home/mario/master_ws/install/rviz_marker_tools/bin'
[0.671s] Level 1:colcon.colcon_core.environment:checking '/home/mario/master_ws/install/rviz_marker_tools/lib/pkgconfig/rviz_marker_tools.pc'
[0.671s] Level 1:colcon.colcon_core.environment:checking '/home/mario/master_ws/install/rviz_marker_tools/lib/python3.12/site-packages'
[0.672s] Level 1:colcon.colcon_core.environment:checking '/home/mario/master_ws/install/rviz_marker_tools/bin'
[0.672s] INFO:colcon.colcon_core.shell:Creating package script '/home/mario/master_ws/install/rviz_marker_tools/share/rviz_marker_tools/package.ps1'
[0.673s] INFO:colcon.colcon_core.shell:Creating package descriptor '/home/mario/master_ws/install/rviz_marker_tools/share/rviz_marker_tools/package.dsv'
[0.673s] INFO:colcon.colcon_core.shell:Creating package script '/home/mario/master_ws/install/rviz_marker_tools/share/rviz_marker_tools/package.sh'
[0.674s] INFO:colcon.colcon_core.shell:Creating package script '/home/mario/master_ws/install/rviz_marker_tools/share/rviz_marker_tools/package.bash'
[0.674s] INFO:colcon.colcon_core.shell:Creating package script '/home/mario/master_ws/install/rviz_marker_tools/share/rviz_marker_tools/package.zsh'
[0.675s] Level 1:colcon.colcon_core.environment:create_file_with_runtime_dependencies(/home/mario/master_ws/install/rviz_marker_tools/share/colcon-core/packages/rviz_marker_tools)
[0.675s] Level 1:colcon.colcon_core.environment:create_environment_scripts_only(rviz_marker_tools)
[0.675s] Level 1:colcon.colcon_core.environment:checking '/home/mario/master_ws/install/rviz_marker_tools' for CMake module files
[0.676s] Level 1:colcon.colcon_core.environment:checking '/home/mario/master_ws/install/rviz_marker_tools' for CMake config files
[0.676s] Level 1:colcon.colcon_core.shell:create_environment_hook('rviz_marker_tools', 'cmake_prefix_path')
[0.676s] INFO:colcon.colcon_core.shell:Creating environment hook '/home/mario/master_ws/install/rviz_marker_tools/share/rviz_marker_tools/hook/cmake_prefix_path.ps1'
[0.676s] INFO:colcon.colcon_core.shell:Creating environment descriptor '/home/mario/master_ws/install/rviz_marker_tools/share/rviz_marker_tools/hook/cmake_prefix_path.dsv'
[0.677s] INFO:colcon.colcon_core.shell:Creating environment hook '/home/mario/master_ws/install/rviz_marker_tools/share/rviz_marker_tools/hook/cmake_prefix_path.sh'
[0.677s] Level 1:colcon.colcon_core.environment:checking '/home/mario/master_ws/install/rviz_marker_tools/lib'
[0.677s] Level 1:colcon.colcon_core.shell:create_environment_hook('rviz_marker_tools', 'ld_library_path_lib')
[0.677s] INFO:colcon.colcon_core.shell:Creating environment hook '/home/mario/master_ws/install/rviz_marker_tools/share/rviz_marker_tools/hook/ld_library_path_lib.ps1'
[0.678s] INFO:colcon.colcon_core.shell:Creating environment descriptor '/home/mario/master_ws/install/rviz_marker_tools/share/rviz_marker_tools/hook/ld_library_path_lib.dsv'
[0.678s] INFO:colcon.colcon_core.shell:Creating environment hook '/home/mario/master_ws/install/rviz_marker_tools/share/rviz_marker_tools/hook/ld_library_path_lib.sh'
[0.678s] Level 1:colcon.colcon_core.environment:checking '/home/mario/master_ws/install/rviz_marker_tools/bin'
[0.678s] Level 1:colcon.colcon_core.environment:checking '/home/mario/master_ws/install/rviz_marker_tools/lib/pkgconfig/rviz_marker_tools.pc'
[0.679s] Level 1:colcon.colcon_core.environment:checking '/home/mario/master_ws/install/rviz_marker_tools/lib/python3.12/site-packages'
[0.679s] Level 1:colcon.colcon_core.environment:checking '/home/mario/master_ws/install/rviz_marker_tools/bin'
[0.679s] INFO:colcon.colcon_core.shell:Creating package script '/home/mario/master_ws/install/rviz_marker_tools/share/rviz_marker_tools/package.ps1'
[0.680s] INFO:colcon.colcon_core.shell:Creating package descriptor '/home/mario/master_ws/install/rviz_marker_tools/share/rviz_marker_tools/package.dsv'
[0.680s] INFO:colcon.colcon_core.shell:Creating package script '/home/mario/master_ws/install/rviz_marker_tools/share/rviz_marker_tools/package.sh'
[0.680s] INFO:colcon.colcon_core.shell:Creating package script '/home/mario/master_ws/install/rviz_marker_tools/share/rviz_marker_tools/package.bash'
[0.681s] INFO:colcon.colcon_core.shell:Creating package script '/home/mario/master_ws/install/rviz_marker_tools/share/rviz_marker_tools/package.zsh'
[0.681s] Level 1:colcon.colcon_core.environment:create_file_with_runtime_dependencies(/home/mario/master_ws/install/rviz_marker_tools/share/colcon-core/packages/rviz_marker_tools)
[0.923s] DEBUG:colcon.colcon_core.event_handler.log_command:Invoked command in '/home/mario/master_ws/build/moveit_task_constructor_msgs' returned '0': CMAKE_PREFIX_PATH=${CMAKE_PREFIX_PATH}:/home/mario/master_ws/install/estun_description:/opt/ros/jazzy DEBUGINFOD_URLS=https://debuginfod.ubuntu.com /usr/bin/cmake --build /home/mario/master_ws/build/moveit_task_constructor_msgs -- -j12 -l12
[0.924s] DEBUG:colcon.colcon_core.event_handler.log_command:Invoking command in '/home/mario/master_ws/build/moveit_task_constructor_msgs': CMAKE_PREFIX_PATH=${CMAKE_PREFIX_PATH}:/home/mario/master_ws/install/estun_description:/opt/ros/jazzy DEBUGINFOD_URLS=https://debuginfod.ubuntu.com /usr/bin/cmake --install /home/mario/master_ws/build/moveit_task_constructor_msgs
[1.002s] Level 1:colcon.colcon_core.environment:create_environment_scripts_only(moveit_task_constructor_msgs)
[1.002s] Level 1:colcon.colcon_core.environment:checking '/home/mario/master_ws/install/moveit_task_constructor_msgs' for CMake module files
[1.004s] Level 1:colcon.colcon_core.environment:checking '/home/mario/master_ws/install/moveit_task_constructor_msgs' for CMake config files
[1.005s] DEBUG:colcon.colcon_core.event_handler.log_command:Invoked command in '/home/mario/master_ws/build/moveit_task_constructor_msgs' returned '0': CMAKE_PREFIX_PATH=${CMAKE_PREFIX_PATH}:/home/mario/master_ws/install/estun_description:/opt/ros/jazzy DEBUGINFOD_URLS=https://debuginfod.ubuntu.com /usr/bin/cmake --install /home/mario/master_ws/build/moveit_task_constructor_msgs
[1.005s] Level 1:colcon.colcon_core.shell:create_environment_hook('moveit_task_constructor_msgs', 'cmake_prefix_path')
[1.005s] INFO:colcon.colcon_core.shell:Creating environment hook '/home/mario/master_ws/install/moveit_task_constructor_msgs/share/moveit_task_constructor_msgs/hook/cmake_prefix_path.ps1'
[1.006s] INFO:colcon.colcon_core.shell:Creating environment descriptor '/home/mario/master_ws/install/moveit_task_constructor_msgs/share/moveit_task_constructor_msgs/hook/cmake_prefix_path.dsv'
[1.006s] INFO:colcon.colcon_core.shell:Creating environment hook '/home/mario/master_ws/install/moveit_task_constructor_msgs/share/moveit_task_constructor_msgs/hook/cmake_prefix_path.sh'
[1.007s] Level 1:colcon.colcon_core.environment:checking '/home/mario/master_ws/install/moveit_task_constructor_msgs/lib'
[1.007s] Level 1:colcon.colcon_core.shell:create_environment_hook('moveit_task_constructor_msgs', 'ld_library_path_lib')
[1.007s] INFO:colcon.colcon_core.shell:Creating environment hook '/home/mario/master_ws/install/moveit_task_constructor_msgs/share/moveit_task_constructor_msgs/hook/ld_library_path_lib.ps1'
[1.007s] INFO:colcon.colcon_core.shell:Creating environment descriptor '/home/mario/master_ws/install/moveit_task_constructor_msgs/share/moveit_task_constructor_msgs/hook/ld_library_path_lib.dsv'
[1.008s] INFO:colcon.colcon_core.shell:Creating environment hook '/home/mario/master_ws/install/moveit_task_constructor_msgs/share/moveit_task_constructor_msgs/hook/ld_library_path_lib.sh'
[1.008s] Level 1:colcon.colcon_core.environment:checking '/home/mario/master_ws/install/moveit_task_constructor_msgs/bin'
[1.008s] Level 1:colcon.colcon_core.environment:checking '/home/mario/master_ws/install/moveit_task_constructor_msgs/lib/pkgconfig/moveit_task_constructor_msgs.pc'
[1.008s] Level 1:colcon.colcon_core.environment:checking '/home/mario/master_ws/install/moveit_task_constructor_msgs/lib/python3.12/site-packages'
[1.008s] Level 1:colcon.colcon_core.shell:create_environment_hook('moveit_task_constructor_msgs', 'pythonpath')
[1.009s] INFO:colcon.colcon_core.shell:Creating environment hook '/home/mario/master_ws/install/moveit_task_constructor_msgs/share/moveit_task_constructor_msgs/hook/pythonpath.ps1'
[1.009s] INFO:colcon.colcon_core.shell:Creating environment descriptor '/home/mario/master_ws/install/moveit_task_constructor_msgs/share/moveit_task_constructor_msgs/hook/pythonpath.dsv'
[1.009s] INFO:colcon.colcon_core.shell:Creating environment hook '/home/mario/master_ws/install/moveit_task_constructor_msgs/share/moveit_task_constructor_msgs/hook/pythonpath.sh'
[1.010s] Level 1:colcon.colcon_core.environment:checking '/home/mario/master_ws/install/moveit_task_constructor_msgs/bin'
[1.010s] INFO:colcon.colcon_core.shell:Creating package script '/home/mario/master_ws/install/moveit_task_constructor_msgs/share/moveit_task_constructor_msgs/package.ps1'
[1.011s] INFO:colcon.colcon_core.shell:Creating package descriptor '/home/mario/master_ws/install/moveit_task_constructor_msgs/share/moveit_task_constructor_msgs/package.dsv'
[1.011s] INFO:colcon.colcon_core.shell:Creating package script '/home/mario/master_ws/install/moveit_task_constructor_msgs/share/moveit_task_constructor_msgs/package.sh'
[1.011s] INFO:colcon.colcon_core.shell:Creating package script '/home/mario/master_ws/install/moveit_task_constructor_msgs/share/moveit_task_constructor_msgs/package.bash'
[1.012s] INFO:colcon.colcon_core.shell:Creating package script '/home/mario/master_ws/install/moveit_task_constructor_msgs/share/moveit_task_constructor_msgs/package.zsh'
[1.012s] Level 1:colcon.colcon_core.environment:create_file_with_runtime_dependencies(/home/mario/master_ws/install/moveit_task_constructor_msgs/share/colcon-core/packages/moveit_task_constructor_msgs)
[1.013s] Level 1:colcon.colcon_core.environment:create_environment_scripts_only(moveit_task_constructor_msgs)
[1.013s] Level 1:colcon.colcon_core.environment:checking '/home/mario/master_ws/install/moveit_task_constructor_msgs' for CMake module files
[1.014s] Level 1:colcon.colcon_core.environment:checking '/home/mario/master_ws/install/moveit_task_constructor_msgs' for CMake config files
[1.014s] Level 1:colcon.colcon_core.shell:create_environment_hook('moveit_task_constructor_msgs', 'cmake_prefix_path')
[1.014s] INFO:colcon.colcon_core.shell:Creating environment hook '/home/mario/master_ws/install/moveit_task_constructor_msgs/share/moveit_task_constructor_msgs/hook/cmake_prefix_path.ps1'
[1.015s] INFO:colcon.colcon_core.shell:Creating environment descriptor '/home/mario/master_ws/install/moveit_task_constructor_msgs/share/moveit_task_constructor_msgs/hook/cmake_prefix_path.dsv'
[1.015s] INFO:colcon.colcon_core.shell:Creating environment hook '/home/mario/master_ws/install/moveit_task_constructor_msgs/share/moveit_task_constructor_msgs/hook/cmake_prefix_path.sh'
[1.016s] Level 1:colcon.colcon_core.environment:checking '/home/mario/master_ws/install/moveit_task_constructor_msgs/lib'
[1.016s] Level 1:colcon.colcon_core.shell:create_environment_hook('moveit_task_constructor_msgs', 'ld_library_path_lib')
[1.016s] INFO:colcon.colcon_core.shell:Creating environment hook '/home/mario/master_ws/install/moveit_task_constructor_msgs/share/moveit_task_constructor_msgs/hook/ld_library_path_lib.ps1'
[1.016s] INFO:colcon.colcon_core.shell:Creating environment descriptor '/home/mario/master_ws/install/moveit_task_constructor_msgs/share/moveit_task_constructor_msgs/hook/ld_library_path_lib.dsv'
[1.016s] INFO:colcon.colcon_core.shell:Creating environment hook '/home/mario/master_ws/install/moveit_task_constructor_msgs/share/moveit_task_constructor_msgs/hook/ld_library_path_lib.sh'
[1.017s] Level 1:colcon.colcon_core.environment:checking '/home/mario/master_ws/install/moveit_task_constructor_msgs/bin'
[1.017s] Level 1:colcon.colcon_core.environment:checking '/home/mario/master_ws/install/moveit_task_constructor_msgs/lib/pkgconfig/moveit_task_constructor_msgs.pc'
[1.017s] Level 1:colcon.colcon_core.environment:checking '/home/mario/master_ws/install/moveit_task_constructor_msgs/lib/python3.12/site-packages'
[1.017s] Level 1:colcon.colcon_core.shell:create_environment_hook('moveit_task_constructor_msgs', 'pythonpath')
[1.017s] INFO:colcon.colcon_core.shell:Creating environment hook '/home/mario/master_ws/install/moveit_task_constructor_msgs/share/moveit_task_constructor_msgs/hook/pythonpath.ps1'
[1.018s] INFO:colcon.colcon_core.shell:Creating environment descriptor '/home/mario/master_ws/install/moveit_task_constructor_msgs/share/moveit_task_constructor_msgs/hook/pythonpath.dsv'
[1.018s] INFO:colcon.colcon_core.shell:Creating environment hook '/home/mario/master_ws/install/moveit_task_constructor_msgs/share/moveit_task_constructor_msgs/hook/pythonpath.sh'
[1.019s] Level 1:colcon.colcon_core.environment:checking '/home/mario/master_ws/install/moveit_task_constructor_msgs/bin'
[1.019s] INFO:colcon.colcon_core.shell:Creating package script '/home/mario/master_ws/install/moveit_task_constructor_msgs/share/moveit_task_constructor_msgs/package.ps1'
[1.020s] INFO:colcon.colcon_core.shell:Creating package descriptor '/home/mario/master_ws/install/moveit_task_constructor_msgs/share/moveit_task_constructor_msgs/package.dsv'
[1.020s] INFO:colcon.colcon_core.shell:Creating package script '/home/mario/master_ws/install/moveit_task_constructor_msgs/share/moveit_task_constructor_msgs/package.sh'
[1.021s] INFO:colcon.colcon_core.shell:Creating package script '/home/mario/master_ws/install/moveit_task_constructor_msgs/share/moveit_task_constructor_msgs/package.bash'
[1.021s] INFO:colcon.colcon_core.shell:Creating package script '/home/mario/master_ws/install/moveit_task_constructor_msgs/share/moveit_task_constructor_msgs/package.zsh'
[1.022s] Level 1:colcon.colcon_core.environment:create_file_with_runtime_dependencies(/home/mario/master_ws/install/moveit_task_constructor_msgs/share/colcon-core/packages/moveit_task_constructor_msgs)
[1.022s] INFO:colcon.colcon_ros.task.ament_cmake.build:Building ROS package in '/home/mario/master_ws/src/moveit_task_constructor/core' with build type 'ament_cmake'
[1.022s] INFO:colcon.colcon_cmake.task.cmake.build:Building CMake package in '/home/mario/master_ws/src/moveit_task_constructor/core'
[1.022s] INFO:colcon.colcon_core.shell:Skip shell extension 'powershell' for command environment: Not usable outside of PowerShell
[1.023s] DEBUG:colcon.colcon_core.shell:Skip shell extension 'dsv' for command environment
[1.040s] DEBUG:colcon.colcon_core.event_handler.log_command:Invoking command in '/home/mario/master_ws/build/moveit_task_constructor_core': CMAKE_PREFIX_PATH=/home/mario/master_ws/install/rviz_marker_tools:/home/mario/master_ws/install/moveit_task_constructor_msgs:/home/mario/master_ws/install/vision_control:/home/mario/master_ws/install/moveit_task_constructor_demo:/home/mario/master_ws/install/moveit_task_constructor_visualization:/home/mario/master_ws/install/moveit_task_constructor_capabilities:/home/mario/master_ws/install/estun_control:/home/mario/master_ws/install/moveit_task_constructor_core:/home/mario/master_ws/install/estun_moveit:/opt/ros/jazzy/opt/gz_sim_vendor:/opt/ros/jazzy/opt/gz_sensors_vendor:/opt/ros/jazzy/opt/gz_physics_vendor:/opt/ros/jazzy/opt/sdformat_vendor:/opt/ros/jazzy/opt/gz_gui_vendor:/opt/ros/jazzy/opt/gz_transport_vendor:/opt/ros/jazzy/opt/gz_rendering_vendor:/opt/ros/jazzy/opt/gz_plugin_vendor:/opt/ros/jazzy/opt/gz_fuel_tools_vendor:/opt/ros/jazzy/opt/gz_msgs_vendor:/opt/ros/jazzy/opt/gz_common_vendor:/opt/ros/jazzy/opt/gz_math_vendor:/opt/ros/jazzy/opt/gz_utils_vendor:/opt/ros/jazzy/opt/gz_tools_vendor:/opt/ros/jazzy/opt/gz_ogre_next_vendor:/opt/ros/jazzy/opt/gz_dartsim_vendor:/opt/ros/jazzy/opt/gz_cmake_vendor:/home/mario/master_ws/install/estun_description:/opt/ros/jazzy DEBUGINFOD_URLS=https://debuginfod.ubuntu.com LD_LIBRARY_PATH=/home/mario/master_ws/install/rviz_marker_tools/lib:/home/mario/master_ws/install/moveit_task_constructor_msgs/lib:/home/mario/master_ws/install/moveit_task_constructor_demo/lib:/home/mario/master_ws/install/moveit_task_constructor_visualization/lib:/home/mario/master_ws/install/moveit_task_constructor_capabilities/lib:/home/mario/master_ws/install/moveit_task_constructor_core/lib:/opt/ros/jazzy/opt/gz_sim_vendor/lib:/opt/ros/jazzy/opt/gz_sensors_vendor/lib:/opt/ros/jazzy/opt/gz_physics_vendor/lib:/opt/ros/jazzy/opt/sdformat_vendor/lib:/opt/ros/jazzy/opt/rviz_ogre_vendor/lib:/opt/ros/jazzy/lib/x86_64-linux-gnu:/opt/ros/jazzy/opt/gz_gui_vendor/lib:/opt/ros/jazzy/opt/gz_transport_vendor/lib:/opt/ros/jazzy/opt/gz_rendering_vendor/lib:/opt/ros/jazzy/opt/gz_plugin_vendor/lib:/opt/ros/jazzy/opt/gz_fuel_tools_vendor/lib:/opt/ros/jazzy/opt/gz_msgs_vendor/lib:/opt/ros/jazzy/opt/gz_common_vendor/lib:/opt/ros/jazzy/opt/gz_math_vendor/lib:/opt/ros/jazzy/opt/gz_utils_vendor/lib:/opt/ros/jazzy/opt/gz_tools_vendor/lib:/opt/ros/jazzy/opt/gz_ogre_next_vendor/lib:/opt/ros/jazzy/opt/gz_dartsim_vendor/lib:/opt/ros/jazzy/opt/gz_cmake_vendor/lib:/opt/ros/jazzy/lib PYTHONPATH=/home/mario/master_ws/install/moveit_task_constructor_msgs/lib/python3.12/site-packages:/home/mario/master_ws/install/moveit_task_constructor_core/lib/python3.12/site-packages:/home/mario/master_ws/install/estun_description/lib/python3.12/site-packages:/opt/ros/jazzy/opt/gz_sim_vendor/lib/python:/opt/ros/jazzy/opt/sdformat_vendor/lib/python:/opt/ros/jazzy/opt/gz_transport_vendor/lib/python:/opt/ros/jazzy/opt/gz_msgs_vendor/lib/python:/opt/ros/jazzy/opt/gz_math_vendor/lib/python:/opt/ros/jazzy/lib/python3.12/site-packages /usr/bin/cmake --build /home/mario/master_ws/build/moveit_task_constructor_core -- -j12 -l12
[1.515s] DEBUG:colcon.colcon_core.task.python.build:Available setuptools commands: build_scripts, upload_docs, install_scripts, develop, rotate, alias, install_lib, bdist_dumb, register, install_data, compile_catalog, sdist, dist_info, init_catalog, bdist_egg, build_clib, setopt, extract_messages, build_py, build_ext, install_headers, bdist_rpm, install_egg_info, check, symlink_data, build, test, saveopts, clean, upload, update_catalog, egg_info, easy_install, install, editable_wheel, bdist
[1.517s] DEBUG:colcon.colcon_core.event_handler.log_command:Invoking command in '/home/mario/master_ws/src/estun_description': DEBUGINFOD_URLS=https://debuginfod.ubuntu.com PYTHONPATH=/home/mario/master_ws/build/estun_description/prefix_override:/usr/lib/python3/dist-packages/colcon_core/task/python/colcon_distutils_commands:/home/mario/master_ws/install/estun_description/lib/python3.12/site-packages:${PYTHONPATH} /usr/bin/python3 -W ignore:setup.py install is deprecated -W ignore:easy_install command is deprecated setup.py egg_info --egg-base ../../build/estun_description build --build-base /home/mario/master_ws/build/estun_description/build install --record /home/mario/master_ws/build/estun_description/install.log --install-scripts $base/lib/fusion2urdf_ros2 --single-version-externally-managed install_data
[1.662s] DEBUG:colcon.colcon_core.event_handler.log_command:Invoked command in '/home/mario/master_ws/build/moveit_task_constructor_core' returned '0': CMAKE_PREFIX_PATH=/home/mario/master_ws/install/rviz_marker_tools:/home/mario/master_ws/install/moveit_task_constructor_msgs:/home/mario/master_ws/install/vision_control:/home/mario/master_ws/install/moveit_task_constructor_demo:/home/mario/master_ws/install/moveit_task_constructor_visualization:/home/mario/master_ws/install/moveit_task_constructor_capabilities:/home/mario/master_ws/install/estun_control:/home/mario/master_ws/install/moveit_task_constructor_core:/home/mario/master_ws/install/estun_moveit:/opt/ros/jazzy/opt/gz_sim_vendor:/opt/ros/jazzy/opt/gz_sensors_vendor:/opt/ros/jazzy/opt/gz_physics_vendor:/opt/ros/jazzy/opt/sdformat_vendor:/opt/ros/jazzy/opt/gz_gui_vendor:/opt/ros/jazzy/opt/gz_transport_vendor:/opt/ros/jazzy/opt/gz_rendering_vendor:/opt/ros/jazzy/opt/gz_plugin_vendor:/opt/ros/jazzy/opt/gz_fuel_tools_vendor:/opt/ros/jazzy/opt/gz_msgs_vendor:/opt/ros/jazzy/opt/gz_common_vendor:/opt/ros/jazzy/opt/gz_math_vendor:/opt/ros/jazzy/opt/gz_utils_vendor:/opt/ros/jazzy/opt/gz_tools_vendor:/opt/ros/jazzy/opt/gz_ogre_next_vendor:/opt/ros/jazzy/opt/gz_dartsim_vendor:/opt/ros/jazzy/opt/gz_cmake_vendor:/home/mario/master_ws/install/estun_description:/opt/ros/jazzy DEBUGINFOD_URLS=https://debuginfod.ubuntu.com LD_LIBRARY_PATH=/home/mario/master_ws/install/rviz_marker_tools/lib:/home/mario/master_ws/install/moveit_task_constructor_msgs/lib:/home/mario/master_ws/install/moveit_task_constructor_demo/lib:/home/mario/master_ws/install/moveit_task_constructor_visualization/lib:/home/mario/master_ws/install/moveit_task_constructor_capabilities/lib:/home/mario/master_ws/install/moveit_task_constructor_core/lib:/opt/ros/jazzy/opt/gz_sim_vendor/lib:/opt/ros/jazzy/opt/gz_sensors_vendor/lib:/opt/ros/jazzy/opt/gz_physics_vendor/lib:/opt/ros/jazzy/opt/sdformat_vendor/lib:/opt/ros/jazzy/opt/rviz_ogre_vendor/lib:/opt/ros/jazzy/lib/x86_64-linux-gnu:/opt/ros/jazzy/opt/gz_gui_vendor/lib:/opt/ros/jazzy/opt/gz_transport_vendor/lib:/opt/ros/jazzy/opt/gz_rendering_vendor/lib:/opt/ros/jazzy/opt/gz_plugin_vendor/lib:/opt/ros/jazzy/opt/gz_fuel_tools_vendor/lib:/opt/ros/jazzy/opt/gz_msgs_vendor/lib:/opt/ros/jazzy/opt/gz_common_vendor/lib:/opt/ros/jazzy/opt/gz_math_vendor/lib:/opt/ros/jazzy/opt/gz_utils_vendor/lib:/opt/ros/jazzy/opt/gz_tools_vendor/lib:/opt/ros/jazzy/opt/gz_ogre_next_vendor/lib:/opt/ros/jazzy/opt/gz_dartsim_vendor/lib:/opt/ros/jazzy/opt/gz_cmake_vendor/lib:/opt/ros/jazzy/lib PYTHONPATH=/home/mario/master_ws/install/moveit_task_constructor_msgs/lib/python3.12/site-packages:/home/mario/master_ws/install/moveit_task_constructor_core/lib/python3.12/site-packages:/home/mario/master_ws/install/estun_description/lib/python3.12/site-packages:/opt/ros/jazzy/opt/gz_sim_vendor/lib/python:/opt/ros/jazzy/opt/sdformat_vendor/lib/python:/opt/ros/jazzy/opt/gz_transport_vendor/lib/python:/opt/ros/jazzy/opt/gz_msgs_vendor/lib/python:/opt/ros/jazzy/opt/gz_math_vendor/lib/python:/opt/ros/jazzy/lib/python3.12/site-packages /usr/bin/cmake --build /home/mario/master_ws/build/moveit_task_constructor_core -- -j12 -l12
[1.663s] DEBUG:colcon.colcon_core.event_handler.log_command:Invoking command in '/home/mario/master_ws/build/moveit_task_constructor_core': CMAKE_PREFIX_PATH=/home/mario/master_ws/install/rviz_marker_tools:/home/mario/master_ws/install/moveit_task_constructor_msgs:/home/mario/master_ws/install/vision_control:/home/mario/master_ws/install/moveit_task_constructor_demo:/home/mario/master_ws/install/moveit_task_constructor_visualization:/home/mario/master_ws/install/moveit_task_constructor_capabilities:/home/mario/master_ws/install/estun_control:/home/mario/master_ws/install/moveit_task_constructor_core:/home/mario/master_ws/install/estun_moveit:/opt/ros/jazzy/opt/gz_sim_vendor:/opt/ros/jazzy/opt/gz_sensors_vendor:/opt/ros/jazzy/opt/gz_physics_vendor:/opt/ros/jazzy/opt/sdformat_vendor:/opt/ros/jazzy/opt/gz_gui_vendor:/opt/ros/jazzy/opt/gz_transport_vendor:/opt/ros/jazzy/opt/gz_rendering_vendor:/opt/ros/jazzy/opt/gz_plugin_vendor:/opt/ros/jazzy/opt/gz_fuel_tools_vendor:/opt/ros/jazzy/opt/gz_msgs_vendor:/opt/ros/jazzy/opt/gz_common_vendor:/opt/ros/jazzy/opt/gz_math_vendor:/opt/ros/jazzy/opt/gz_utils_vendor:/opt/ros/jazzy/opt/gz_tools_vendor:/opt/ros/jazzy/opt/gz_ogre_next_vendor:/opt/ros/jazzy/opt/gz_dartsim_vendor:/opt/ros/jazzy/opt/gz_cmake_vendor:/home/mario/master_ws/install/estun_description:/opt/ros/jazzy DEBUGINFOD_URLS=https://debuginfod.ubuntu.com LD_LIBRARY_PATH=/home/mario/master_ws/install/rviz_marker_tools/lib:/home/mario/master_ws/install/moveit_task_constructor_msgs/lib:/home/mario/master_ws/install/moveit_task_constructor_demo/lib:/home/mario/master_ws/install/moveit_task_constructor_visualization/lib:/home/mario/master_ws/install/moveit_task_constructor_capabilities/lib:/home/mario/master_ws/install/moveit_task_constructor_core/lib:/opt/ros/jazzy/opt/gz_sim_vendor/lib:/opt/ros/jazzy/opt/gz_sensors_vendor/lib:/opt/ros/jazzy/opt/gz_physics_vendor/lib:/opt/ros/jazzy/opt/sdformat_vendor/lib:/opt/ros/jazzy/opt/rviz_ogre_vendor/lib:/opt/ros/jazzy/lib/x86_64-linux-gnu:/opt/ros/jazzy/opt/gz_gui_vendor/lib:/opt/ros/jazzy/opt/gz_transport_vendor/lib:/opt/ros/jazzy/opt/gz_rendering_vendor/lib:/opt/ros/jazzy/opt/gz_plugin_vendor/lib:/opt/ros/jazzy/opt/gz_fuel_tools_vendor/lib:/opt/ros/jazzy/opt/gz_msgs_vendor/lib:/opt/ros/jazzy/opt/gz_common_vendor/lib:/opt/ros/jazzy/opt/gz_math_vendor/lib:/opt/ros/jazzy/opt/gz_utils_vendor/lib:/opt/ros/jazzy/opt/gz_tools_vendor/lib:/opt/ros/jazzy/opt/gz_ogre_next_vendor/lib:/opt/ros/jazzy/opt/gz_dartsim_vendor/lib:/opt/ros/jazzy/opt/gz_cmake_vendor/lib:/opt/ros/jazzy/lib PYTHONPATH=/home/mario/master_ws/install/moveit_task_constructor_msgs/lib/python3.12/site-packages:/home/mario/master_ws/install/moveit_task_constructor_core/lib/python3.12/site-packages:/home/mario/master_ws/install/estun_description/lib/python3.12/site-packages:/opt/ros/jazzy/opt/gz_sim_vendor/lib/python:/opt/ros/jazzy/opt/sdformat_vendor/lib/python:/opt/ros/jazzy/opt/gz_transport_vendor/lib/python:/opt/ros/jazzy/opt/gz_msgs_vendor/lib/python:/opt/ros/jazzy/opt/gz_math_vendor/lib/python:/opt/ros/jazzy/lib/python3.12/site-packages /usr/bin/cmake --install /home/mario/master_ws/build/moveit_task_constructor_core
[1.726s] Level 1:colcon.colcon_core.environment:create_environment_scripts_only(moveit_task_constructor_core)
[1.727s] Level 1:colcon.colcon_core.environment:checking '/home/mario/master_ws/install/moveit_task_constructor_core' for CMake module files
[1.727s] DEBUG:colcon.colcon_core.event_handler.log_command:Invoked command in '/home/mario/master_ws/build/moveit_task_constructor_core' returned '0': CMAKE_PREFIX_PATH=/home/mario/master_ws/install/rviz_marker_tools:/home/mario/master_ws/install/moveit_task_constructor_msgs:/home/mario/master_ws/install/vision_control:/home/mario/master_ws/install/moveit_task_constructor_demo:/home/mario/master_ws/install/moveit_task_constructor_visualization:/home/mario/master_ws/install/moveit_task_constructor_capabilities:/home/mario/master_ws/install/estun_control:/home/mario/master_ws/install/moveit_task_constructor_core:/home/mario/master_ws/install/estun_moveit:/opt/ros/jazzy/opt/gz_sim_vendor:/opt/ros/jazzy/opt/gz_sensors_vendor:/opt/ros/jazzy/opt/gz_physics_vendor:/opt/ros/jazzy/opt/sdformat_vendor:/opt/ros/jazzy/opt/gz_gui_vendor:/opt/ros/jazzy/opt/gz_transport_vendor:/opt/ros/jazzy/opt/gz_rendering_vendor:/opt/ros/jazzy/opt/gz_plugin_vendor:/opt/ros/jazzy/opt/gz_fuel_tools_vendor:/opt/ros/jazzy/opt/gz_msgs_vendor:/opt/ros/jazzy/opt/gz_common_vendor:/opt/ros/jazzy/opt/gz_math_vendor:/opt/ros/jazzy/opt/gz_utils_vendor:/opt/ros/jazzy/opt/gz_tools_vendor:/opt/ros/jazzy/opt/gz_ogre_next_vendor:/opt/ros/jazzy/opt/gz_dartsim_vendor:/opt/ros/jazzy/opt/gz_cmake_vendor:/home/mario/master_ws/install/estun_description:/opt/ros/jazzy DEBUGINFOD_URLS=https://debuginfod.ubuntu.com LD_LIBRARY_PATH=/home/mario/master_ws/install/rviz_marker_tools/lib:/home/mario/master_ws/install/moveit_task_constructor_msgs/lib:/home/mario/master_ws/install/moveit_task_constructor_demo/lib:/home/mario/master_ws/install/moveit_task_constructor_visualization/lib:/home/mario/master_ws/install/moveit_task_constructor_capabilities/lib:/home/mario/master_ws/install/moveit_task_constructor_core/lib:/opt/ros/jazzy/opt/gz_sim_vendor/lib:/opt/ros/jazzy/opt/gz_sensors_vendor/lib:/opt/ros/jazzy/opt/gz_physics_vendor/lib:/opt/ros/jazzy/opt/sdformat_vendor/lib:/opt/ros/jazzy/opt/rviz_ogre_vendor/lib:/opt/ros/jazzy/lib/x86_64-linux-gnu:/opt/ros/jazzy/opt/gz_gui_vendor/lib:/opt/ros/jazzy/opt/gz_transport_vendor/lib:/opt/ros/jazzy/opt/gz_rendering_vendor/lib:/opt/ros/jazzy/opt/gz_plugin_vendor/lib:/opt/ros/jazzy/opt/gz_fuel_tools_vendor/lib:/opt/ros/jazzy/opt/gz_msgs_vendor/lib:/opt/ros/jazzy/opt/gz_common_vendor/lib:/opt/ros/jazzy/opt/gz_math_vendor/lib:/opt/ros/jazzy/opt/gz_utils_vendor/lib:/opt/ros/jazzy/opt/gz_tools_vendor/lib:/opt/ros/jazzy/opt/gz_ogre_next_vendor/lib:/opt/ros/jazzy/opt/gz_dartsim_vendor/lib:/opt/ros/jazzy/opt/gz_cmake_vendor/lib:/opt/ros/jazzy/lib PYTHONPATH=/home/mario/master_ws/install/moveit_task_constructor_msgs/lib/python3.12/site-packages:/home/mario/master_ws/install/moveit_task_constructor_core/lib/python3.12/site-packages:/home/mario/master_ws/install/estun_description/lib/python3.12/site-packages:/opt/ros/jazzy/opt/gz_sim_vendor/lib/python:/opt/ros/jazzy/opt/sdformat_vendor/lib/python:/opt/ros/jazzy/opt/gz_transport_vendor/lib/python:/opt/ros/jazzy/opt/gz_msgs_vendor/lib/python:/opt/ros/jazzy/opt/gz_math_vendor/lib/python:/opt/ros/jazzy/lib/python3.12/site-packages /usr/bin/cmake --install /home/mario/master_ws/build/moveit_task_constructor_core
[1.728s] Level 1:colcon.colcon_core.environment:checking '/home/mario/master_ws/install/moveit_task_constructor_core' for CMake config files
[1.728s] Level 1:colcon.colcon_core.shell:create_environment_hook('moveit_task_constructor_core', 'cmake_prefix_path')
[1.728s] INFO:colcon.colcon_core.shell:Creating environment hook '/home/mario/master_ws/install/moveit_task_constructor_core/share/moveit_task_constructor_core/hook/cmake_prefix_path.ps1'
[1.729s] INFO:colcon.colcon_core.shell:Creating environment descriptor '/home/mario/master_ws/install/moveit_task_constructor_core/share/moveit_task_constructor_core/hook/cmake_prefix_path.dsv'
[1.729s] INFO:colcon.colcon_core.shell:Creating environment hook '/home/mario/master_ws/install/moveit_task_constructor_core/share/moveit_task_constructor_core/hook/cmake_prefix_path.sh'
[1.730s] Level 1:colcon.colcon_core.environment:checking '/home/mario/master_ws/install/moveit_task_constructor_core/lib'
[1.730s] Level 1:colcon.colcon_core.shell:create_environment_hook('moveit_task_constructor_core', 'ld_library_path_lib')
[1.730s] INFO:colcon.colcon_core.shell:Creating environment hook '/home/mario/master_ws/install/moveit_task_constructor_core/share/moveit_task_constructor_core/hook/ld_library_path_lib.ps1'
[1.730s] INFO:colcon.colcon_core.shell:Creating environment descriptor '/home/mario/master_ws/install/moveit_task_constructor_core/share/moveit_task_constructor_core/hook/ld_library_path_lib.dsv'
[1.730s] INFO:colcon.colcon_core.shell:Creating environment hook '/home/mario/master_ws/install/moveit_task_constructor_core/share/moveit_task_constructor_core/hook/ld_library_path_lib.sh'
[1.731s] Level 1:colcon.colcon_core.environment:checking '/home/mario/master_ws/install/moveit_task_constructor_core/bin'
[1.731s] Level 1:colcon.colcon_core.environment:checking '/home/mario/master_ws/install/moveit_task_constructor_core/lib/pkgconfig/moveit_task_constructor_core.pc'
[1.731s] Level 1:colcon.colcon_core.environment:checking '/home/mario/master_ws/install/moveit_task_constructor_core/lib/python3.12/site-packages'
[1.731s] Level 1:colcon.colcon_core.shell:create_environment_hook('moveit_task_constructor_core', 'pythonpath')
[1.731s] INFO:colcon.colcon_core.shell:Creating environment hook '/home/mario/master_ws/install/moveit_task_constructor_core/share/moveit_task_constructor_core/hook/pythonpath.ps1'
[1.732s] INFO:colcon.colcon_core.shell:Creating environment descriptor '/home/mario/master_ws/install/moveit_task_constructor_core/share/moveit_task_constructor_core/hook/pythonpath.dsv'
[1.732s] INFO:colcon.colcon_core.shell:Creating environment hook '/home/mario/master_ws/install/moveit_task_constructor_core/share/moveit_task_constructor_core/hook/pythonpath.sh'
[1.733s] Level 1:colcon.colcon_core.environment:checking '/home/mario/master_ws/install/moveit_task_constructor_core/bin'
[1.733s] INFO:colcon.colcon_core.shell:Creating package script '/home/mario/master_ws/install/moveit_task_constructor_core/share/moveit_task_constructor_core/package.ps1'
[1.734s] INFO:colcon.colcon_core.shell:Creating package descriptor '/home/mario/master_ws/install/moveit_task_constructor_core/share/moveit_task_constructor_core/package.dsv'
[1.734s] INFO:colcon.colcon_core.shell:Creating package script '/home/mario/master_ws/install/moveit_task_constructor_core/share/moveit_task_constructor_core/package.sh'
[1.734s] INFO:colcon.colcon_core.shell:Creating package script '/home/mario/master_ws/install/moveit_task_constructor_core/share/moveit_task_constructor_core/package.bash'
[1.735s] INFO:colcon.colcon_core.shell:Creating package script '/home/mario/master_ws/install/moveit_task_constructor_core/share/moveit_task_constructor_core/package.zsh'
[1.735s] Level 1:colcon.colcon_core.environment:create_file_with_runtime_dependencies(/home/mario/master_ws/install/moveit_task_constructor_core/share/colcon-core/packages/moveit_task_constructor_core)
[1.736s] Level 1:colcon.colcon_core.environment:create_environment_scripts_only(moveit_task_constructor_core)
[1.736s] Level 1:colcon.colcon_core.environment:checking '/home/mario/master_ws/install/moveit_task_constructor_core' for CMake module files
[1.736s] Level 1:colcon.colcon_core.environment:checking '/home/mario/master_ws/install/moveit_task_constructor_core' for CMake config files
[1.737s] Level 1:colcon.colcon_core.shell:create_environment_hook('moveit_task_constructor_core', 'cmake_prefix_path')
[1.737s] INFO:colcon.colcon_core.shell:Creating environment hook '/home/mario/master_ws/install/moveit_task_constructor_core/share/moveit_task_constructor_core/hook/cmake_prefix_path.ps1'
[1.737s] INFO:colcon.colcon_core.shell:Creating environment descriptor '/home/mario/master_ws/install/moveit_task_constructor_core/share/moveit_task_constructor_core/hook/cmake_prefix_path.dsv'
[1.738s] INFO:colcon.colcon_core.shell:Creating environment hook '/home/mario/master_ws/install/moveit_task_constructor_core/share/moveit_task_constructor_core/hook/cmake_prefix_path.sh'
[1.738s] Level 1:colcon.colcon_core.environment:checking '/home/mario/master_ws/install/moveit_task_constructor_core/lib'
[1.738s] Level 1:colcon.colcon_core.shell:create_environment_hook('moveit_task_constructor_core', 'ld_library_path_lib')
[1.738s] INFO:colcon.colcon_core.shell:Creating environment hook '/home/mario/master_ws/install/moveit_task_constructor_core/share/moveit_task_constructor_core/hook/ld_library_path_lib.ps1'
[1.739s] INFO:colcon.colcon_core.shell:Creating environment descriptor '/home/mario/master_ws/install/moveit_task_constructor_core/share/moveit_task_constructor_core/hook/ld_library_path_lib.dsv'
[1.739s] INFO:colcon.colcon_core.shell:Creating environment hook '/home/mario/master_ws/install/moveit_task_constructor_core/share/moveit_task_constructor_core/hook/ld_library_path_lib.sh'
[1.739s] Level 1:colcon.colcon_core.environment:checking '/home/mario/master_ws/install/moveit_task_constructor_core/bin'
[1.739s] Level 1:colcon.colcon_core.environment:checking '/home/mario/master_ws/install/moveit_task_constructor_core/lib/pkgconfig/moveit_task_constructor_core.pc'
[1.740s] Level 1:colcon.colcon_core.environment:checking '/home/mario/master_ws/install/moveit_task_constructor_core/lib/python3.12/site-packages'
[1.740s] Level 1:colcon.colcon_core.shell:create_environment_hook('moveit_task_constructor_core', 'pythonpath')
[1.740s] INFO:colcon.colcon_core.shell:Creating environment hook '/home/mario/master_ws/install/moveit_task_constructor_core/share/moveit_task_constructor_core/hook/pythonpath.ps1'
[1.740s] INFO:colcon.colcon_core.shell:Creating environment descriptor '/home/mario/master_ws/install/moveit_task_constructor_core/share/moveit_task_constructor_core/hook/pythonpath.dsv'
[1.740s] INFO:colcon.colcon_core.shell:Creating environment hook '/home/mario/master_ws/install/moveit_task_constructor_core/share/moveit_task_constructor_core/hook/pythonpath.sh'
[1.741s] Level 1:colcon.colcon_core.environment:checking '/home/mario/master_ws/install/moveit_task_constructor_core/bin'
[1.741s] INFO:colcon.colcon_core.shell:Creating package script '/home/mario/master_ws/install/moveit_task_constructor_core/share/moveit_task_constructor_core/package.ps1'
[1.742s] INFO:colcon.colcon_core.shell:Creating package descriptor '/home/mario/master_ws/install/moveit_task_constructor_core/share/moveit_task_constructor_core/package.dsv'
[1.742s] INFO:colcon.colcon_core.shell:Creating package script '/home/mario/master_ws/install/moveit_task_constructor_core/share/moveit_task_constructor_core/package.sh'
[1.743s] INFO:colcon.colcon_core.shell:Creating package script '/home/mario/master_ws/install/moveit_task_constructor_core/share/moveit_task_constructor_core/package.bash'
[1.743s] INFO:colcon.colcon_core.shell:Creating package script '/home/mario/master_ws/install/moveit_task_constructor_core/share/moveit_task_constructor_core/package.zsh'
[1.743s] Level 1:colcon.colcon_core.environment:create_file_with_runtime_dependencies(/home/mario/master_ws/install/moveit_task_constructor_core/share/colcon-core/packages/moveit_task_constructor_core)
[1.744s] INFO:colcon.colcon_ros.task.ament_cmake.build:Building ROS package in '/home/mario/master_ws/src/moveit_task_constructor/capabilities' with build type 'ament_cmake'
[1.744s] INFO:colcon.colcon_cmake.task.cmake.build:Building CMake package in '/home/mario/master_ws/src/moveit_task_constructor/capabilities'
[1.744s] INFO:colcon.colcon_core.shell:Skip shell extension 'powershell' for command environment: Not usable outside of PowerShell
[1.744s] DEBUG:colcon.colcon_core.shell:Skip shell extension 'dsv' for command environment
[1.750s] INFO:colcon.colcon_ros.task.ament_cmake.build:Building ROS package in '/home/mario/master_ws/src/moveit_task_constructor/visualization' with build type 'ament_cmake'
[1.750s] INFO:colcon.colcon_cmake.task.cmake.build:Building CMake package in '/home/mario/master_ws/src/moveit_task_constructor/visualization'
[1.750s] INFO:colcon.colcon_core.shell:Skip shell extension 'powershell' for command environment: Not usable outside of PowerShell
[1.750s] DEBUG:colcon.colcon_core.shell:Skip shell extension 'dsv' for command environment
[1.756s] INFO:colcon.colcon_ros.task.ament_cmake.build:Building ROS package in '/home/mario/master_ws/src/estun_control' with build type 'ament_cmake'
[1.756s] INFO:colcon.colcon_cmake.task.cmake.build:Building CMake package in '/home/mario/master_ws/src/estun_control'
[1.756s] INFO:colcon.colcon_core.shell:Skip shell extension 'powershell' for command environment: Not usable outside of PowerShell
[1.756s] DEBUG:colcon.colcon_core.shell:Skip shell extension 'dsv' for command environment
[1.765s] DEBUG:colcon.colcon_core.event_handler.log_command:Invoking command in '/home/mario/master_ws/build/moveit_task_constructor_capabilities': CMAKE_PREFIX_PATH=/home/mario/master_ws/install/moveit_task_constructor_core:/home/mario/master_ws/install/rviz_marker_tools:/home/mario/master_ws/install/moveit_task_constructor_msgs:/home/mario/master_ws/install/vision_control:/home/mario/master_ws/install/moveit_task_constructor_demo:/home/mario/master_ws/install/moveit_task_constructor_visualization:/home/mario/master_ws/install/moveit_task_constructor_capabilities:/home/mario/master_ws/install/estun_control:/home/mario/master_ws/install/estun_moveit:/opt/ros/jazzy/opt/gz_sim_vendor:/opt/ros/jazzy/opt/gz_sensors_vendor:/opt/ros/jazzy/opt/gz_physics_vendor:/opt/ros/jazzy/opt/sdformat_vendor:/opt/ros/jazzy/opt/gz_gui_vendor:/opt/ros/jazzy/opt/gz_transport_vendor:/opt/ros/jazzy/opt/gz_rendering_vendor:/opt/ros/jazzy/opt/gz_plugin_vendor:/opt/ros/jazzy/opt/gz_fuel_tools_vendor:/opt/ros/jazzy/opt/gz_msgs_vendor:/opt/ros/jazzy/opt/gz_common_vendor:/opt/ros/jazzy/opt/gz_math_vendor:/opt/ros/jazzy/opt/gz_utils_vendor:/opt/ros/jazzy/opt/gz_tools_vendor:/opt/ros/jazzy/opt/gz_ogre_next_vendor:/opt/ros/jazzy/opt/gz_dartsim_vendor:/opt/ros/jazzy/opt/gz_cmake_vendor:/home/mario/master_ws/install/estun_description:/opt/ros/jazzy DEBUGINFOD_URLS=https://debuginfod.ubuntu.com LD_LIBRARY_PATH=/home/mario/master_ws/install/moveit_task_constructor_core/lib:/home/mario/master_ws/install/rviz_marker_tools/lib:/home/mario/master_ws/install/moveit_task_constructor_msgs/lib:/home/mario/master_ws/install/moveit_task_constructor_demo/lib:/home/mario/master_ws/install/moveit_task_constructor_visualization/lib:/home/mario/master_ws/install/moveit_task_constructor_capabilities/lib:/opt/ros/jazzy/opt/gz_sim_vendor/lib:/opt/ros/jazzy/opt/gz_sensors_vendor/lib:/opt/ros/jazzy/opt/gz_physics_vendor/lib:/opt/ros/jazzy/opt/sdformat_vendor/lib:/opt/ros/jazzy/opt/rviz_ogre_vendor/lib:/opt/ros/jazzy/lib/x86_64-linux-gnu:/opt/ros/jazzy/opt/gz_gui_vendor/lib:/opt/ros/jazzy/opt/gz_transport_vendor/lib:/opt/ros/jazzy/opt/gz_rendering_vendor/lib:/opt/ros/jazzy/opt/gz_plugin_vendor/lib:/opt/ros/jazzy/opt/gz_fuel_tools_vendor/lib:/opt/ros/jazzy/opt/gz_msgs_vendor/lib:/opt/ros/jazzy/opt/gz_common_vendor/lib:/opt/ros/jazzy/opt/gz_math_vendor/lib:/opt/ros/jazzy/opt/gz_utils_vendor/lib:/opt/ros/jazzy/opt/gz_tools_vendor/lib:/opt/ros/jazzy/opt/gz_ogre_next_vendor/lib:/opt/ros/jazzy/opt/gz_dartsim_vendor/lib:/opt/ros/jazzy/opt/gz_cmake_vendor/lib:/opt/ros/jazzy/lib /usr/bin/cmake --build /home/mario/master_ws/build/moveit_task_constructor_capabilities -- -j12 -l12
[1.773s] DEBUG:colcon.colcon_core.event_handler.log_command:Invoking command in '/home/mario/master_ws/build/moveit_task_constructor_visualization': CMAKE_PREFIX_PATH=/home/mario/master_ws/install/moveit_task_constructor_core:/home/mario/master_ws/install/rviz_marker_tools:/home/mario/master_ws/install/moveit_task_constructor_msgs:/home/mario/master_ws/install/vision_control:/home/mario/master_ws/install/moveit_task_constructor_demo:/home/mario/master_ws/install/moveit_task_constructor_visualization:/home/mario/master_ws/install/moveit_task_constructor_capabilities:/home/mario/master_ws/install/estun_control:/home/mario/master_ws/install/estun_moveit:/opt/ros/jazzy/opt/gz_sim_vendor:/opt/ros/jazzy/opt/gz_sensors_vendor:/opt/ros/jazzy/opt/gz_physics_vendor:/opt/ros/jazzy/opt/sdformat_vendor:/opt/ros/jazzy/opt/gz_gui_vendor:/opt/ros/jazzy/opt/gz_transport_vendor:/opt/ros/jazzy/opt/gz_rendering_vendor:/opt/ros/jazzy/opt/gz_plugin_vendor:/opt/ros/jazzy/opt/gz_fuel_tools_vendor:/opt/ros/jazzy/opt/gz_msgs_vendor:/opt/ros/jazzy/opt/gz_common_vendor:/opt/ros/jazzy/opt/gz_math_vendor:/opt/ros/jazzy/opt/gz_utils_vendor:/opt/ros/jazzy/opt/gz_tools_vendor:/opt/ros/jazzy/opt/gz_ogre_next_vendor:/opt/ros/jazzy/opt/gz_dartsim_vendor:/opt/ros/jazzy/opt/gz_cmake_vendor:/home/mario/master_ws/install/estun_description:/opt/ros/jazzy DEBUGINFOD_URLS=https://debuginfod.ubuntu.com LD_LIBRARY_PATH=/home/mario/master_ws/install/moveit_task_constructor_core/lib:/home/mario/master_ws/install/rviz_marker_tools/lib:/home/mario/master_ws/install/moveit_task_constructor_msgs/lib:/home/mario/master_ws/install/moveit_task_constructor_demo/lib:/home/mario/master_ws/install/moveit_task_constructor_visualization/lib:/home/mario/master_ws/install/moveit_task_constructor_capabilities/lib:/opt/ros/jazzy/opt/gz_sim_vendor/lib:/opt/ros/jazzy/opt/gz_sensors_vendor/lib:/opt/ros/jazzy/opt/gz_physics_vendor/lib:/opt/ros/jazzy/opt/sdformat_vendor/lib:/opt/ros/jazzy/opt/rviz_ogre_vendor/lib:/opt/ros/jazzy/lib/x86_64-linux-gnu:/opt/ros/jazzy/opt/gz_gui_vendor/lib:/opt/ros/jazzy/opt/gz_transport_vendor/lib:/opt/ros/jazzy/opt/gz_rendering_vendor/lib:/opt/ros/jazzy/opt/gz_plugin_vendor/lib:/opt/ros/jazzy/opt/gz_fuel_tools_vendor/lib:/opt/ros/jazzy/opt/gz_msgs_vendor/lib:/opt/ros/jazzy/opt/gz_common_vendor/lib:/opt/ros/jazzy/opt/gz_math_vendor/lib:/opt/ros/jazzy/opt/gz_utils_vendor/lib:/opt/ros/jazzy/opt/gz_tools_vendor/lib:/opt/ros/jazzy/opt/gz_ogre_next_vendor/lib:/opt/ros/jazzy/opt/gz_dartsim_vendor/lib:/opt/ros/jazzy/opt/gz_cmake_vendor/lib:/opt/ros/jazzy/lib /usr/bin/cmake --build /home/mario/master_ws/build/moveit_task_constructor_visualization -- -j12 -l12
[1.778s] DEBUG:colcon.colcon_core.event_handler.log_command:Invoking command in '/home/mario/master_ws/build/estun_control': CMAKE_PREFIX_PATH=/home/mario/master_ws/install/moveit_task_constructor_core:/home/mario/master_ws/install/rviz_marker_tools:/home/mario/master_ws/install/moveit_task_constructor_msgs:/home/mario/master_ws/install/vision_control:/home/mario/master_ws/install/moveit_task_constructor_demo:/home/mario/master_ws/install/moveit_task_constructor_visualization:/home/mario/master_ws/install/moveit_task_constructor_capabilities:/home/mario/master_ws/install/estun_control:/home/mario/master_ws/install/estun_moveit:/opt/ros/jazzy/opt/gz_sim_vendor:/opt/ros/jazzy/opt/gz_sensors_vendor:/opt/ros/jazzy/opt/gz_physics_vendor:/opt/ros/jazzy/opt/sdformat_vendor:/opt/ros/jazzy/opt/gz_gui_vendor:/opt/ros/jazzy/opt/gz_transport_vendor:/opt/ros/jazzy/opt/gz_rendering_vendor:/opt/ros/jazzy/opt/gz_plugin_vendor:/opt/ros/jazzy/opt/gz_fuel_tools_vendor:/opt/ros/jazzy/opt/gz_msgs_vendor:/opt/ros/jazzy/opt/gz_common_vendor:/opt/ros/jazzy/opt/gz_math_vendor:/opt/ros/jazzy/opt/gz_utils_vendor:/opt/ros/jazzy/opt/gz_tools_vendor:/opt/ros/jazzy/opt/gz_ogre_next_vendor:/opt/ros/jazzy/opt/gz_dartsim_vendor:/opt/ros/jazzy/opt/gz_cmake_vendor:/home/mario/master_ws/install/estun_description:/opt/ros/jazzy DEBUGINFOD_URLS=https://debuginfod.ubuntu.com LD_LIBRARY_PATH=/home/mario/master_ws/install/moveit_task_constructor_core/lib:/home/mario/master_ws/install/rviz_marker_tools/lib:/home/mario/master_ws/install/moveit_task_constructor_msgs/lib:/home/mario/master_ws/install/moveit_task_constructor_demo/lib:/home/mario/master_ws/install/moveit_task_constructor_visualization/lib:/home/mario/master_ws/install/moveit_task_constructor_capabilities/lib:/opt/ros/jazzy/opt/gz_sim_vendor/lib:/opt/ros/jazzy/opt/gz_sensors_vendor/lib:/opt/ros/jazzy/opt/gz_physics_vendor/lib:/opt/ros/jazzy/opt/sdformat_vendor/lib:/opt/ros/jazzy/opt/rviz_ogre_vendor/lib:/opt/ros/jazzy/lib/x86_64-linux-gnu:/opt/ros/jazzy/opt/gz_gui_vendor/lib:/opt/ros/jazzy/opt/gz_transport_vendor/lib:/opt/ros/jazzy/opt/gz_rendering_vendor/lib:/opt/ros/jazzy/opt/gz_plugin_vendor/lib:/opt/ros/jazzy/opt/gz_fuel_tools_vendor/lib:/opt/ros/jazzy/opt/gz_msgs_vendor/lib:/opt/ros/jazzy/opt/gz_common_vendor/lib:/opt/ros/jazzy/opt/gz_math_vendor/lib:/opt/ros/jazzy/opt/gz_utils_vendor/lib:/opt/ros/jazzy/opt/gz_tools_vendor/lib:/opt/ros/jazzy/opt/gz_ogre_next_vendor/lib:/opt/ros/jazzy/opt/gz_dartsim_vendor/lib:/opt/ros/jazzy/opt/gz_cmake_vendor/lib:/opt/ros/jazzy/lib /usr/bin/cmake --build /home/mario/master_ws/build/estun_control -- -j12 -l12
[1.942s] DEBUG:colcon.colcon_core.event_handler.log_command:Invoked command in '/home/mario/master_ws/build/estun_control' returned '0': CMAKE_PREFIX_PATH=/home/mario/master_ws/install/moveit_task_constructor_core:/home/mario/master_ws/install/rviz_marker_tools:/home/mario/master_ws/install/moveit_task_constructor_msgs:/home/mario/master_ws/install/vision_control:/home/mario/master_ws/install/moveit_task_constructor_demo:/home/mario/master_ws/install/moveit_task_constructor_visualization:/home/mario/master_ws/install/moveit_task_constructor_capabilities:/home/mario/master_ws/install/estun_control:/home/mario/master_ws/install/estun_moveit:/opt/ros/jazzy/opt/gz_sim_vendor:/opt/ros/jazzy/opt/gz_sensors_vendor:/opt/ros/jazzy/opt/gz_physics_vendor:/opt/ros/jazzy/opt/sdformat_vendor:/opt/ros/jazzy/opt/gz_gui_vendor:/opt/ros/jazzy/opt/gz_transport_vendor:/opt/ros/jazzy/opt/gz_rendering_vendor:/opt/ros/jazzy/opt/gz_plugin_vendor:/opt/ros/jazzy/opt/gz_fuel_tools_vendor:/opt/ros/jazzy/opt/gz_msgs_vendor:/opt/ros/jazzy/opt/gz_common_vendor:/opt/ros/jazzy/opt/gz_math_vendor:/opt/ros/jazzy/opt/gz_utils_vendor:/opt/ros/jazzy/opt/gz_tools_vendor:/opt/ros/jazzy/opt/gz_ogre_next_vendor:/opt/ros/jazzy/opt/gz_dartsim_vendor:/opt/ros/jazzy/opt/gz_cmake_vendor:/home/mario/master_ws/install/estun_description:/opt/ros/jazzy DEBUGINFOD_URLS=https://debuginfod.ubuntu.com LD_LIBRARY_PATH=/home/mario/master_ws/install/moveit_task_constructor_core/lib:/home/mario/master_ws/install/rviz_marker_tools/lib:/home/mario/master_ws/install/moveit_task_constructor_msgs/lib:/home/mario/master_ws/install/moveit_task_constructor_demo/lib:/home/mario/master_ws/install/moveit_task_constructor_visualization/lib:/home/mario/master_ws/install/moveit_task_constructor_capabilities/lib:/opt/ros/jazzy/opt/gz_sim_vendor/lib:/opt/ros/jazzy/opt/gz_sensors_vendor/lib:/opt/ros/jazzy/opt/gz_physics_vendor/lib:/opt/ros/jazzy/opt/sdformat_vendor/lib:/opt/ros/jazzy/opt/rviz_ogre_vendor/lib:/opt/ros/jazzy/lib/x86_64-linux-gnu:/opt/ros/jazzy/opt/gz_gui_vendor/lib:/opt/ros/jazzy/opt/gz_transport_vendor/lib:/opt/ros/jazzy/opt/gz_rendering_vendor/lib:/opt/ros/jazzy/opt/gz_plugin_vendor/lib:/opt/ros/jazzy/opt/gz_fuel_tools_vendor/lib:/opt/ros/jazzy/opt/gz_msgs_vendor/lib:/opt/ros/jazzy/opt/gz_common_vendor/lib:/opt/ros/jazzy/opt/gz_math_vendor/lib:/opt/ros/jazzy/opt/gz_utils_vendor/lib:/opt/ros/jazzy/opt/gz_tools_vendor/lib:/opt/ros/jazzy/opt/gz_ogre_next_vendor/lib:/opt/ros/jazzy/opt/gz_dartsim_vendor/lib:/opt/ros/jazzy/opt/gz_cmake_vendor/lib:/opt/ros/jazzy/lib /usr/bin/cmake --build /home/mario/master_ws/build/estun_control -- -j12 -l12
[1.943s] DEBUG:colcon.colcon_core.event_handler.log_command:Invoking command in '/home/mario/master_ws/build/estun_control': CMAKE_PREFIX_PATH=/home/mario/master_ws/install/moveit_task_constructor_core:/home/mario/master_ws/install/rviz_marker_tools:/home/mario/master_ws/install/moveit_task_constructor_msgs:/home/mario/master_ws/install/vision_control:/home/mario/master_ws/install/moveit_task_constructor_demo:/home/mario/master_ws/install/moveit_task_constructor_visualization:/home/mario/master_ws/install/moveit_task_constructor_capabilities:/home/mario/master_ws/install/estun_control:/home/mario/master_ws/install/estun_moveit:/opt/ros/jazzy/opt/gz_sim_vendor:/opt/ros/jazzy/opt/gz_sensors_vendor:/opt/ros/jazzy/opt/gz_physics_vendor:/opt/ros/jazzy/opt/sdformat_vendor:/opt/ros/jazzy/opt/gz_gui_vendor:/opt/ros/jazzy/opt/gz_transport_vendor:/opt/ros/jazzy/opt/gz_rendering_vendor:/opt/ros/jazzy/opt/gz_plugin_vendor:/opt/ros/jazzy/opt/gz_fuel_tools_vendor:/opt/ros/jazzy/opt/gz_msgs_vendor:/opt/ros/jazzy/opt/gz_common_vendor:/opt/ros/jazzy/opt/gz_math_vendor:/opt/ros/jazzy/opt/gz_utils_vendor:/opt/ros/jazzy/opt/gz_tools_vendor:/opt/ros/jazzy/opt/gz_ogre_next_vendor:/opt/ros/jazzy/opt/gz_dartsim_vendor:/opt/ros/jazzy/opt/gz_cmake_vendor:/home/mario/master_ws/install/estun_description:/opt/ros/jazzy DEBUGINFOD_URLS=https://debuginfod.ubuntu.com LD_LIBRARY_PATH=/home/mario/master_ws/install/moveit_task_constructor_core/lib:/home/mario/master_ws/install/rviz_marker_tools/lib:/home/mario/master_ws/install/moveit_task_constructor_msgs/lib:/home/mario/master_ws/install/moveit_task_constructor_demo/lib:/home/mario/master_ws/install/moveit_task_constructor_visualization/lib:/home/mario/master_ws/install/moveit_task_constructor_capabilities/lib:/opt/ros/jazzy/opt/gz_sim_vendor/lib:/opt/ros/jazzy/opt/gz_sensors_vendor/lib:/opt/ros/jazzy/opt/gz_physics_vendor/lib:/opt/ros/jazzy/opt/sdformat_vendor/lib:/opt/ros/jazzy/opt/rviz_ogre_vendor/lib:/opt/ros/jazzy/lib/x86_64-linux-gnu:/opt/ros/jazzy/opt/gz_gui_vendor/lib:/opt/ros/jazzy/opt/gz_transport_vendor/lib:/opt/ros/jazzy/opt/gz_rendering_vendor/lib:/opt/ros/jazzy/opt/gz_plugin_vendor/lib:/opt/ros/jazzy/opt/gz_fuel_tools_vendor/lib:/opt/ros/jazzy/opt/gz_msgs_vendor/lib:/opt/ros/jazzy/opt/gz_common_vendor/lib:/opt/ros/jazzy/opt/gz_math_vendor/lib:/opt/ros/jazzy/opt/gz_utils_vendor/lib:/opt/ros/jazzy/opt/gz_tools_vendor/lib:/opt/ros/jazzy/opt/gz_ogre_next_vendor/lib:/opt/ros/jazzy/opt/gz_dartsim_vendor/lib:/opt/ros/jazzy/opt/gz_cmake_vendor/lib:/opt/ros/jazzy/lib /usr/bin/cmake --install /home/mario/master_ws/build/estun_control
[1.968s] Level 1:colcon.colcon_core.environment:create_environment_scripts_only(estun_control)
[1.969s] Level 1:colcon.colcon_core.environment:checking '/home/mario/master_ws/install/estun_control' for CMake module files
[1.969s] Level 1:colcon.colcon_core.environment:checking '/home/mario/master_ws/install/estun_control' for CMake config files
[1.970s] DEBUG:colcon.colcon_core.event_handler.log_command:Invoked command in '/home/mario/master_ws/build/estun_control' returned '0': CMAKE_PREFIX_PATH=/home/mario/master_ws/install/moveit_task_constructor_core:/home/mario/master_ws/install/rviz_marker_tools:/home/mario/master_ws/install/moveit_task_constructor_msgs:/home/mario/master_ws/install/vision_control:/home/mario/master_ws/install/moveit_task_constructor_demo:/home/mario/master_ws/install/moveit_task_constructor_visualization:/home/mario/master_ws/install/moveit_task_constructor_capabilities:/home/mario/master_ws/install/estun_control:/home/mario/master_ws/install/estun_moveit:/opt/ros/jazzy/opt/gz_sim_vendor:/opt/ros/jazzy/opt/gz_sensors_vendor:/opt/ros/jazzy/opt/gz_physics_vendor:/opt/ros/jazzy/opt/sdformat_vendor:/opt/ros/jazzy/opt/gz_gui_vendor:/opt/ros/jazzy/opt/gz_transport_vendor:/opt/ros/jazzy/opt/gz_rendering_vendor:/opt/ros/jazzy/opt/gz_plugin_vendor:/opt/ros/jazzy/opt/gz_fuel_tools_vendor:/opt/ros/jazzy/opt/gz_msgs_vendor:/opt/ros/jazzy/opt/gz_common_vendor:/opt/ros/jazzy/opt/gz_math_vendor:/opt/ros/jazzy/opt/gz_utils_vendor:/opt/ros/jazzy/opt/gz_tools_vendor:/opt/ros/jazzy/opt/gz_ogre_next_vendor:/opt/ros/jazzy/opt/gz_dartsim_vendor:/opt/ros/jazzy/opt/gz_cmake_vendor:/home/mario/master_ws/install/estun_description:/opt/ros/jazzy DEBUGINFOD_URLS=https://debuginfod.ubuntu.com LD_LIBRARY_PATH=/home/mario/master_ws/install/moveit_task_constructor_core/lib:/home/mario/master_ws/install/rviz_marker_tools/lib:/home/mario/master_ws/install/moveit_task_constructor_msgs/lib:/home/mario/master_ws/install/moveit_task_constructor_demo/lib:/home/mario/master_ws/install/moveit_task_constructor_visualization/lib:/home/mario/master_ws/install/moveit_task_constructor_capabilities/lib:/opt/ros/jazzy/opt/gz_sim_vendor/lib:/opt/ros/jazzy/opt/gz_sensors_vendor/lib:/opt/ros/jazzy/opt/gz_physics_vendor/lib:/opt/ros/jazzy/opt/sdformat_vendor/lib:/opt/ros/jazzy/opt/rviz_ogre_vendor/lib:/opt/ros/jazzy/lib/x86_64-linux-gnu:/opt/ros/jazzy/opt/gz_gui_vendor/lib:/opt/ros/jazzy/opt/gz_transport_vendor/lib:/opt/ros/jazzy/opt/gz_rendering_vendor/lib:/opt/ros/jazzy/opt/gz_plugin_vendor/lib:/opt/ros/jazzy/opt/gz_fuel_tools_vendor/lib:/opt/ros/jazzy/opt/gz_msgs_vendor/lib:/opt/ros/jazzy/opt/gz_common_vendor/lib:/opt/ros/jazzy/opt/gz_math_vendor/lib:/opt/ros/jazzy/opt/gz_utils_vendor/lib:/opt/ros/jazzy/opt/gz_tools_vendor/lib:/opt/ros/jazzy/opt/gz_ogre_next_vendor/lib:/opt/ros/jazzy/opt/gz_dartsim_vendor/lib:/opt/ros/jazzy/opt/gz_cmake_vendor/lib:/opt/ros/jazzy/lib /usr/bin/cmake --install /home/mario/master_ws/build/estun_control
[1.971s] Level 1:colcon.colcon_core.shell:create_environment_hook('estun_control', 'cmake_prefix_path')
[1.971s] INFO:colcon.colcon_core.shell:Creating environment hook '/home/mario/master_ws/install/estun_control/share/estun_control/hook/cmake_prefix_path.ps1'
[1.972s] INFO:colcon.colcon_core.shell:Creating environment descriptor '/home/mario/master_ws/install/estun_control/share/estun_control/hook/cmake_prefix_path.dsv'
[1.972s] INFO:colcon.colcon_core.shell:Creating environment hook '/home/mario/master_ws/install/estun_control/share/estun_control/hook/cmake_prefix_path.sh'
[1.973s] Level 1:colcon.colcon_core.environment:checking '/home/mario/master_ws/install/estun_control/lib'
[1.973s] Level 1:colcon.colcon_core.environment:checking '/home/mario/master_ws/install/estun_control/bin'
[1.973s] Level 1:colcon.colcon_core.environment:checking '/home/mario/master_ws/install/estun_control/lib/pkgconfig/estun_control.pc'
[1.973s] Level 1:colcon.colcon_core.environment:checking '/home/mario/master_ws/install/estun_control/lib/python3.12/site-packages'
[1.973s] Level 1:colcon.colcon_core.environment:checking '/home/mario/master_ws/install/estun_control/bin'
[1.974s] INFO:colcon.colcon_core.shell:Creating package script '/home/mario/master_ws/install/estun_control/share/estun_control/package.ps1'
[1.974s] INFO:colcon.colcon_core.shell:Creating package descriptor '/home/mario/master_ws/install/estun_control/share/estun_control/package.dsv'
[1.975s] INFO:colcon.colcon_core.shell:Creating package script '/home/mario/master_ws/install/estun_control/share/estun_control/package.sh'
[1.975s] INFO:colcon.colcon_core.shell:Creating package script '/home/mario/master_ws/install/estun_control/share/estun_control/package.bash'
[1.975s] INFO:colcon.colcon_core.shell:Creating package script '/home/mario/master_ws/install/estun_control/share/estun_control/package.zsh'
[1.976s] Level 1:colcon.colcon_core.environment:create_file_with_runtime_dependencies(/home/mario/master_ws/install/estun_control/share/colcon-core/packages/estun_control)
[1.980s] Level 1:colcon.colcon_core.environment:create_environment_scripts_only(estun_control)
[1.980s] Level 1:colcon.colcon_core.environment:checking '/home/mario/master_ws/install/estun_control' for CMake module files
[1.981s] Level 1:colcon.colcon_core.environment:checking '/home/mario/master_ws/install/estun_control' for CMake config files
[1.981s] Level 1:colcon.colcon_core.shell:create_environment_hook('estun_control', 'cmake_prefix_path')
[1.981s] INFO:colcon.colcon_core.shell:Creating environment hook '/home/mario/master_ws/install/estun_control/share/estun_control/hook/cmake_prefix_path.ps1'
[1.982s] INFO:colcon.colcon_core.shell:Creating environment descriptor '/home/mario/master_ws/install/estun_control/share/estun_control/hook/cmake_prefix_path.dsv'
[1.982s] INFO:colcon.colcon_core.shell:Creating environment hook '/home/mario/master_ws/install/estun_control/share/estun_control/hook/cmake_prefix_path.sh'
[1.983s] Level 1:colcon.colcon_core.environment:checking '/home/mario/master_ws/install/estun_control/lib'
[1.983s] Level 1:colcon.colcon_core.environment:checking '/home/mario/master_ws/install/estun_control/bin'
[1.983s] Level 1:colcon.colcon_core.environment:checking '/home/mario/master_ws/install/estun_control/lib/pkgconfig/estun_control.pc'
[1.983s] Level 1:colcon.colcon_core.environment:checking '/home/mario/master_ws/install/estun_control/lib/python3.12/site-packages'
[1.984s] Level 1:colcon.colcon_core.environment:checking '/home/mario/master_ws/install/estun_control/bin'
[1.984s] INFO:colcon.colcon_core.shell:Creating package script '/home/mario/master_ws/install/estun_control/share/estun_control/package.ps1'
[1.985s] INFO:colcon.colcon_core.shell:Creating package descriptor '/home/mario/master_ws/install/estun_control/share/estun_control/package.dsv'
[1.985s] INFO:colcon.colcon_core.shell:Creating package script '/home/mario/master_ws/install/estun_control/share/estun_control/package.sh'
[1.986s] INFO:colcon.colcon_core.shell:Creating package script '/home/mario/master_ws/install/estun_control/share/estun_control/package.bash'
[1.986s] INFO:colcon.colcon_core.shell:Creating package script '/home/mario/master_ws/install/estun_control/share/estun_control/package.zsh'
[1.986s] Level 1:colcon.colcon_core.environment:create_file_with_runtime_dependencies(/home/mario/master_ws/install/estun_control/share/colcon-core/packages/estun_control)
[1.989s] DEBUG:colcon.colcon_core.event_handler.log_command:Invoked command in '/home/mario/master_ws/build/moveit_task_constructor_capabilities' returned '0': CMAKE_PREFIX_PATH=/home/mario/master_ws/install/moveit_task_constructor_core:/home/mario/master_ws/install/rviz_marker_tools:/home/mario/master_ws/install/moveit_task_constructor_msgs:/home/mario/master_ws/install/vision_control:/home/mario/master_ws/install/moveit_task_constructor_demo:/home/mario/master_ws/install/moveit_task_constructor_visualization:/home/mario/master_ws/install/moveit_task_constructor_capabilities:/home/mario/master_ws/install/estun_control:/home/mario/master_ws/install/estun_moveit:/opt/ros/jazzy/opt/gz_sim_vendor:/opt/ros/jazzy/opt/gz_sensors_vendor:/opt/ros/jazzy/opt/gz_physics_vendor:/opt/ros/jazzy/opt/sdformat_vendor:/opt/ros/jazzy/opt/gz_gui_vendor:/opt/ros/jazzy/opt/gz_transport_vendor:/opt/ros/jazzy/opt/gz_rendering_vendor:/opt/ros/jazzy/opt/gz_plugin_vendor:/opt/ros/jazzy/opt/gz_fuel_tools_vendor:/opt/ros/jazzy/opt/gz_msgs_vendor:/opt/ros/jazzy/opt/gz_common_vendor:/opt/ros/jazzy/opt/gz_math_vendor:/opt/ros/jazzy/opt/gz_utils_vendor:/opt/ros/jazzy/opt/gz_tools_vendor:/opt/ros/jazzy/opt/gz_ogre_next_vendor:/opt/ros/jazzy/opt/gz_dartsim_vendor:/opt/ros/jazzy/opt/gz_cmake_vendor:/home/mario/master_ws/install/estun_description:/opt/ros/jazzy DEBUGINFOD_URLS=https://debuginfod.ubuntu.com LD_LIBRARY_PATH=/home/mario/master_ws/install/moveit_task_constructor_core/lib:/home/mario/master_ws/install/rviz_marker_tools/lib:/home/mario/master_ws/install/moveit_task_constructor_msgs/lib:/home/mario/master_ws/install/moveit_task_constructor_demo/lib:/home/mario/master_ws/install/moveit_task_constructor_visualization/lib:/home/mario/master_ws/install/moveit_task_constructor_capabilities/lib:/opt/ros/jazzy/opt/gz_sim_vendor/lib:/opt/ros/jazzy/opt/gz_sensors_vendor/lib:/opt/ros/jazzy/opt/gz_physics_vendor/lib:/opt/ros/jazzy/opt/sdformat_vendor/lib:/opt/ros/jazzy/opt/rviz_ogre_vendor/lib:/opt/ros/jazzy/lib/x86_64-linux-gnu:/opt/ros/jazzy/opt/gz_gui_vendor/lib:/opt/ros/jazzy/opt/gz_transport_vendor/lib:/opt/ros/jazzy/opt/gz_rendering_vendor/lib:/opt/ros/jazzy/opt/gz_plugin_vendor/lib:/opt/ros/jazzy/opt/gz_fuel_tools_vendor/lib:/opt/ros/jazzy/opt/gz_msgs_vendor/lib:/opt/ros/jazzy/opt/gz_common_vendor/lib:/opt/ros/jazzy/opt/gz_math_vendor/lib:/opt/ros/jazzy/opt/gz_utils_vendor/lib:/opt/ros/jazzy/opt/gz_tools_vendor/lib:/opt/ros/jazzy/opt/gz_ogre_next_vendor/lib:/opt/ros/jazzy/opt/gz_dartsim_vendor/lib:/opt/ros/jazzy/opt/gz_cmake_vendor/lib:/opt/ros/jazzy/lib /usr/bin/cmake --build /home/mario/master_ws/build/moveit_task_constructor_capabilities -- -j12 -l12
[1.989s] DEBUG:colcon.colcon_core.event_handler.log_command:Invoking command in '/home/mario/master_ws/build/moveit_task_constructor_capabilities': CMAKE_PREFIX_PATH=/home/mario/master_ws/install/moveit_task_constructor_core:/home/mario/master_ws/install/rviz_marker_tools:/home/mario/master_ws/install/moveit_task_constructor_msgs:/home/mario/master_ws/install/vision_control:/home/mario/master_ws/install/moveit_task_constructor_demo:/home/mario/master_ws/install/moveit_task_constructor_visualization:/home/mario/master_ws/install/moveit_task_constructor_capabilities:/home/mario/master_ws/install/estun_control:/home/mario/master_ws/install/estun_moveit:/opt/ros/jazzy/opt/gz_sim_vendor:/opt/ros/jazzy/opt/gz_sensors_vendor:/opt/ros/jazzy/opt/gz_physics_vendor:/opt/ros/jazzy/opt/sdformat_vendor:/opt/ros/jazzy/opt/gz_gui_vendor:/opt/ros/jazzy/opt/gz_transport_vendor:/opt/ros/jazzy/opt/gz_rendering_vendor:/opt/ros/jazzy/opt/gz_plugin_vendor:/opt/ros/jazzy/opt/gz_fuel_tools_vendor:/opt/ros/jazzy/opt/gz_msgs_vendor:/opt/ros/jazzy/opt/gz_common_vendor:/opt/ros/jazzy/opt/gz_math_vendor:/opt/ros/jazzy/opt/gz_utils_vendor:/opt/ros/jazzy/opt/gz_tools_vendor:/opt/ros/jazzy/opt/gz_ogre_next_vendor:/opt/ros/jazzy/opt/gz_dartsim_vendor:/opt/ros/jazzy/opt/gz_cmake_vendor:/home/mario/master_ws/install/estun_description:/opt/ros/jazzy DEBUGINFOD_URLS=https://debuginfod.ubuntu.com LD_LIBRARY_PATH=/home/mario/master_ws/install/moveit_task_constructor_core/lib:/home/mario/master_ws/install/rviz_marker_tools/lib:/home/mario/master_ws/install/moveit_task_constructor_msgs/lib:/home/mario/master_ws/install/moveit_task_constructor_demo/lib:/home/mario/master_ws/install/moveit_task_constructor_visualization/lib:/home/mario/master_ws/install/moveit_task_constructor_capabilities/lib:/opt/ros/jazzy/opt/gz_sim_vendor/lib:/opt/ros/jazzy/opt/gz_sensors_vendor/lib:/opt/ros/jazzy/opt/gz_physics_vendor/lib:/opt/ros/jazzy/opt/sdformat_vendor/lib:/opt/ros/jazzy/opt/rviz_ogre_vendor/lib:/opt/ros/jazzy/lib/x86_64-linux-gnu:/opt/ros/jazzy/opt/gz_gui_vendor/lib:/opt/ros/jazzy/opt/gz_transport_vendor/lib:/opt/ros/jazzy/opt/gz_rendering_vendor/lib:/opt/ros/jazzy/opt/gz_plugin_vendor/lib:/opt/ros/jazzy/opt/gz_fuel_tools_vendor/lib:/opt/ros/jazzy/opt/gz_msgs_vendor/lib:/opt/ros/jazzy/opt/gz_common_vendor/lib:/opt/ros/jazzy/opt/gz_math_vendor/lib:/opt/ros/jazzy/opt/gz_utils_vendor/lib:/opt/ros/jazzy/opt/gz_tools_vendor/lib:/opt/ros/jazzy/opt/gz_ogre_next_vendor/lib:/opt/ros/jazzy/opt/gz_dartsim_vendor/lib:/opt/ros/jazzy/opt/gz_cmake_vendor/lib:/opt/ros/jazzy/lib /usr/bin/cmake --install /home/mario/master_ws/build/moveit_task_constructor_capabilities
[2.011s] Level 1:colcon.colcon_core.environment:create_environment_scripts_only(moveit_task_constructor_capabilities)
[2.011s] Level 1:colcon.colcon_core.environment:checking '/home/mario/master_ws/install/moveit_task_constructor_capabilities' for CMake module files
[2.012s] Level 1:colcon.colcon_core.environment:checking '/home/mario/master_ws/install/moveit_task_constructor_capabilities' for CMake config files
[2.012s] Level 1:colcon.colcon_core.shell:create_environment_hook('moveit_task_constructor_capabilities', 'cmake_prefix_path')
[2.012s] INFO:colcon.colcon_core.shell:Creating environment hook '/home/mario/master_ws/install/moveit_task_constructor_capabilities/share/moveit_task_constructor_capabilities/hook/cmake_prefix_path.ps1'
[2.013s] DEBUG:colcon.colcon_core.event_handler.log_command:Invoked command in '/home/mario/master_ws/build/moveit_task_constructor_capabilities' returned '0': CMAKE_PREFIX_PATH=/home/mario/master_ws/install/moveit_task_constructor_core:/home/mario/master_ws/install/rviz_marker_tools:/home/mario/master_ws/install/moveit_task_constructor_msgs:/home/mario/master_ws/install/vision_control:/home/mario/master_ws/install/moveit_task_constructor_demo:/home/mario/master_ws/install/moveit_task_constructor_visualization:/home/mario/master_ws/install/moveit_task_constructor_capabilities:/home/mario/master_ws/install/estun_control:/home/mario/master_ws/install/estun_moveit:/opt/ros/jazzy/opt/gz_sim_vendor:/opt/ros/jazzy/opt/gz_sensors_vendor:/opt/ros/jazzy/opt/gz_physics_vendor:/opt/ros/jazzy/opt/sdformat_vendor:/opt/ros/jazzy/opt/gz_gui_vendor:/opt/ros/jazzy/opt/gz_transport_vendor:/opt/ros/jazzy/opt/gz_rendering_vendor:/opt/ros/jazzy/opt/gz_plugin_vendor:/opt/ros/jazzy/opt/gz_fuel_tools_vendor:/opt/ros/jazzy/opt/gz_msgs_vendor:/opt/ros/jazzy/opt/gz_common_vendor:/opt/ros/jazzy/opt/gz_math_vendor:/opt/ros/jazzy/opt/gz_utils_vendor:/opt/ros/jazzy/opt/gz_tools_vendor:/opt/ros/jazzy/opt/gz_ogre_next_vendor:/opt/ros/jazzy/opt/gz_dartsim_vendor:/opt/ros/jazzy/opt/gz_cmake_vendor:/home/mario/master_ws/install/estun_description:/opt/ros/jazzy DEBUGINFOD_URLS=https://debuginfod.ubuntu.com LD_LIBRARY_PATH=/home/mario/master_ws/install/moveit_task_constructor_core/lib:/home/mario/master_ws/install/rviz_marker_tools/lib:/home/mario/master_ws/install/moveit_task_constructor_msgs/lib:/home/mario/master_ws/install/moveit_task_constructor_demo/lib:/home/mario/master_ws/install/moveit_task_constructor_visualization/lib:/home/mario/master_ws/install/moveit_task_constructor_capabilities/lib:/opt/ros/jazzy/opt/gz_sim_vendor/lib:/opt/ros/jazzy/opt/gz_sensors_vendor/lib:/opt/ros/jazzy/opt/gz_physics_vendor/lib:/opt/ros/jazzy/opt/sdformat_vendor/lib:/opt/ros/jazzy/opt/rviz_ogre_vendor/lib:/opt/ros/jazzy/lib/x86_64-linux-gnu:/opt/ros/jazzy/opt/gz_gui_vendor/lib:/opt/ros/jazzy/opt/gz_transport_vendor/lib:/opt/ros/jazzy/opt/gz_rendering_vendor/lib:/opt/ros/jazzy/opt/gz_plugin_vendor/lib:/opt/ros/jazzy/opt/gz_fuel_tools_vendor/lib:/opt/ros/jazzy/opt/gz_msgs_vendor/lib:/opt/ros/jazzy/opt/gz_common_vendor/lib:/opt/ros/jazzy/opt/gz_math_vendor/lib:/opt/ros/jazzy/opt/gz_utils_vendor/lib:/opt/ros/jazzy/opt/gz_tools_vendor/lib:/opt/ros/jazzy/opt/gz_ogre_next_vendor/lib:/opt/ros/jazzy/opt/gz_dartsim_vendor/lib:/opt/ros/jazzy/opt/gz_cmake_vendor/lib:/opt/ros/jazzy/lib /usr/bin/cmake --install /home/mario/master_ws/build/moveit_task_constructor_capabilities
[2.013s] INFO:colcon.colcon_core.shell:Creating environment descriptor '/home/mario/master_ws/install/moveit_task_constructor_capabilities/share/moveit_task_constructor_capabilities/hook/cmake_prefix_path.dsv'
[2.014s] INFO:colcon.colcon_core.shell:Creating environment hook '/home/mario/master_ws/install/moveit_task_constructor_capabilities/share/moveit_task_constructor_capabilities/hook/cmake_prefix_path.sh'
[2.015s] Level 1:colcon.colcon_core.environment:checking '/home/mario/master_ws/install/moveit_task_constructor_capabilities/lib'
[2.015s] Level 1:colcon.colcon_core.shell:create_environment_hook('moveit_task_constructor_capabilities', 'ld_library_path_lib')
[2.015s] INFO:colcon.colcon_core.shell:Creating environment hook '/home/mario/master_ws/install/moveit_task_constructor_capabilities/share/moveit_task_constructor_capabilities/hook/ld_library_path_lib.ps1'
[2.015s] INFO:colcon.colcon_core.shell:Creating environment descriptor '/home/mario/master_ws/install/moveit_task_constructor_capabilities/share/moveit_task_constructor_capabilities/hook/ld_library_path_lib.dsv'
[2.016s] INFO:colcon.colcon_core.shell:Creating environment hook '/home/mario/master_ws/install/moveit_task_constructor_capabilities/share/moveit_task_constructor_capabilities/hook/ld_library_path_lib.sh'
[2.016s] Level 1:colcon.colcon_core.environment:checking '/home/mario/master_ws/install/moveit_task_constructor_capabilities/bin'
[2.017s] Level 1:colcon.colcon_core.environment:checking '/home/mario/master_ws/install/moveit_task_constructor_capabilities/lib/pkgconfig/moveit_task_constructor_capabilities.pc'
[2.018s] Level 1:colcon.colcon_core.environment:checking '/home/mario/master_ws/install/moveit_task_constructor_capabilities/lib/python3.12/site-packages'
[2.018s] Level 1:colcon.colcon_core.environment:checking '/home/mario/master_ws/install/moveit_task_constructor_capabilities/bin'
[2.018s] INFO:colcon.colcon_core.shell:Creating package script '/home/mario/master_ws/install/moveit_task_constructor_capabilities/share/moveit_task_constructor_capabilities/package.ps1'
[2.019s] INFO:colcon.colcon_core.shell:Creating package descriptor '/home/mario/master_ws/install/moveit_task_constructor_capabilities/share/moveit_task_constructor_capabilities/package.dsv'
[2.020s] INFO:colcon.colcon_core.shell:Creating package script '/home/mario/master_ws/install/moveit_task_constructor_capabilities/share/moveit_task_constructor_capabilities/package.sh'
[2.022s] INFO:colcon.colcon_core.shell:Creating package script '/home/mario/master_ws/install/moveit_task_constructor_capabilities/share/moveit_task_constructor_capabilities/package.bash'
[2.022s] INFO:colcon.colcon_core.shell:Creating package script '/home/mario/master_ws/install/moveit_task_constructor_capabilities/share/moveit_task_constructor_capabilities/package.zsh'
[2.023s] Level 1:colcon.colcon_core.environment:create_file_with_runtime_dependencies(/home/mario/master_ws/install/moveit_task_constructor_capabilities/share/colcon-core/packages/moveit_task_constructor_capabilities)
[2.024s] Level 1:colcon.colcon_core.environment:create_environment_scripts_only(moveit_task_constructor_capabilities)
[2.024s] Level 1:colcon.colcon_core.environment:checking '/home/mario/master_ws/install/moveit_task_constructor_capabilities' for CMake module files
[2.025s] Level 1:colcon.colcon_core.environment:checking '/home/mario/master_ws/install/moveit_task_constructor_capabilities' for CMake config files
[2.026s] Level 1:colcon.colcon_core.shell:create_environment_hook('moveit_task_constructor_capabilities', 'cmake_prefix_path')
[2.026s] INFO:colcon.colcon_core.shell:Creating environment hook '/home/mario/master_ws/install/moveit_task_constructor_capabilities/share/moveit_task_constructor_capabilities/hook/cmake_prefix_path.ps1'
[2.027s] INFO:colcon.colcon_core.shell:Creating environment descriptor '/home/mario/master_ws/install/moveit_task_constructor_capabilities/share/moveit_task_constructor_capabilities/hook/cmake_prefix_path.dsv'
[2.028s] INFO:colcon.colcon_core.shell:Creating environment hook '/home/mario/master_ws/install/moveit_task_constructor_capabilities/share/moveit_task_constructor_capabilities/hook/cmake_prefix_path.sh'
[2.029s] Level 1:colcon.colcon_core.environment:checking '/home/mario/master_ws/install/moveit_task_constructor_capabilities/lib'
[2.029s] Level 1:colcon.colcon_core.shell:create_environment_hook('moveit_task_constructor_capabilities', 'ld_library_path_lib')
[2.029s] INFO:colcon.colcon_core.shell:Creating environment hook '/home/mario/master_ws/install/moveit_task_constructor_capabilities/share/moveit_task_constructor_capabilities/hook/ld_library_path_lib.ps1'
[2.031s] INFO:colcon.colcon_core.shell:Creating environment descriptor '/home/mario/master_ws/install/moveit_task_constructor_capabilities/share/moveit_task_constructor_capabilities/hook/ld_library_path_lib.dsv'
[2.031s] INFO:colcon.colcon_core.shell:Creating environment hook '/home/mario/master_ws/install/moveit_task_constructor_capabilities/share/moveit_task_constructor_capabilities/hook/ld_library_path_lib.sh'
[2.032s] Level 1:colcon.colcon_core.environment:checking '/home/mario/master_ws/install/moveit_task_constructor_capabilities/bin'
[2.032s] Level 1:colcon.colcon_core.environment:checking '/home/mario/master_ws/install/moveit_task_constructor_capabilities/lib/pkgconfig/moveit_task_constructor_capabilities.pc'
[2.032s] Level 1:colcon.colcon_core.environment:checking '/home/mario/master_ws/install/moveit_task_constructor_capabilities/lib/python3.12/site-packages'
[2.033s] Level 1:colcon.colcon_core.environment:checking '/home/mario/master_ws/install/moveit_task_constructor_capabilities/bin'
[2.033s] INFO:colcon.colcon_core.shell:Creating package script '/home/mario/master_ws/install/moveit_task_constructor_capabilities/share/moveit_task_constructor_capabilities/package.ps1'
[2.034s] INFO:colcon.colcon_core.shell:Creating package descriptor '/home/mario/master_ws/install/moveit_task_constructor_capabilities/share/moveit_task_constructor_capabilities/package.dsv'
[2.035s] INFO:colcon.colcon_core.shell:Creating package script '/home/mario/master_ws/install/moveit_task_constructor_capabilities/share/moveit_task_constructor_capabilities/package.sh'
[2.035s] INFO:colcon.colcon_core.shell:Creating package script '/home/mario/master_ws/install/moveit_task_constructor_capabilities/share/moveit_task_constructor_capabilities/package.bash'
[2.035s] INFO:colcon.colcon_core.shell:Creating package script '/home/mario/master_ws/install/moveit_task_constructor_capabilities/share/moveit_task_constructor_capabilities/package.zsh'
[2.036s] Level 1:colcon.colcon_core.environment:create_file_with_runtime_dependencies(/home/mario/master_ws/install/moveit_task_constructor_capabilities/share/colcon-core/packages/moveit_task_constructor_capabilities)
[2.352s] DEBUG:colcon.colcon_core.event_handler.log_command:Invoked command in '/home/mario/master_ws/build/moveit_task_constructor_visualization' returned '0': CMAKE_PREFIX_PATH=/home/mario/master_ws/install/moveit_task_constructor_core:/home/mario/master_ws/install/rviz_marker_tools:/home/mario/master_ws/install/moveit_task_constructor_msgs:/home/mario/master_ws/install/vision_control:/home/mario/master_ws/install/moveit_task_constructor_demo:/home/mario/master_ws/install/moveit_task_constructor_visualization:/home/mario/master_ws/install/moveit_task_constructor_capabilities:/home/mario/master_ws/install/estun_control:/home/mario/master_ws/install/estun_moveit:/opt/ros/jazzy/opt/gz_sim_vendor:/opt/ros/jazzy/opt/gz_sensors_vendor:/opt/ros/jazzy/opt/gz_physics_vendor:/opt/ros/jazzy/opt/sdformat_vendor:/opt/ros/jazzy/opt/gz_gui_vendor:/opt/ros/jazzy/opt/gz_transport_vendor:/opt/ros/jazzy/opt/gz_rendering_vendor:/opt/ros/jazzy/opt/gz_plugin_vendor:/opt/ros/jazzy/opt/gz_fuel_tools_vendor:/opt/ros/jazzy/opt/gz_msgs_vendor:/opt/ros/jazzy/opt/gz_common_vendor:/opt/ros/jazzy/opt/gz_math_vendor:/opt/ros/jazzy/opt/gz_utils_vendor:/opt/ros/jazzy/opt/gz_tools_vendor:/opt/ros/jazzy/opt/gz_ogre_next_vendor:/opt/ros/jazzy/opt/gz_dartsim_vendor:/opt/ros/jazzy/opt/gz_cmake_vendor:/home/mario/master_ws/install/estun_description:/opt/ros/jazzy DEBUGINFOD_URLS=https://debuginfod.ubuntu.com LD_LIBRARY_PATH=/home/mario/master_ws/install/moveit_task_constructor_core/lib:/home/mario/master_ws/install/rviz_marker_tools/lib:/home/mario/master_ws/install/moveit_task_constructor_msgs/lib:/home/mario/master_ws/install/moveit_task_constructor_demo/lib:/home/mario/master_ws/install/moveit_task_constructor_visualization/lib:/home/mario/master_ws/install/moveit_task_constructor_capabilities/lib:/opt/ros/jazzy/opt/gz_sim_vendor/lib:/opt/ros/jazzy/opt/gz_sensors_vendor/lib:/opt/ros/jazzy/opt/gz_physics_vendor/lib:/opt/ros/jazzy/opt/sdformat_vendor/lib:/opt/ros/jazzy/opt/rviz_ogre_vendor/lib:/opt/ros/jazzy/lib/x86_64-linux-gnu:/opt/ros/jazzy/opt/gz_gui_vendor/lib:/opt/ros/jazzy/opt/gz_transport_vendor/lib:/opt/ros/jazzy/opt/gz_rendering_vendor/lib:/opt/ros/jazzy/opt/gz_plugin_vendor/lib:/opt/ros/jazzy/opt/gz_fuel_tools_vendor/lib:/opt/ros/jazzy/opt/gz_msgs_vendor/lib:/opt/ros/jazzy/opt/gz_common_vendor/lib:/opt/ros/jazzy/opt/gz_math_vendor/lib:/opt/ros/jazzy/opt/gz_utils_vendor/lib:/opt/ros/jazzy/opt/gz_tools_vendor/lib:/opt/ros/jazzy/opt/gz_ogre_next_vendor/lib:/opt/ros/jazzy/opt/gz_dartsim_vendor/lib:/opt/ros/jazzy/opt/gz_cmake_vendor/lib:/opt/ros/jazzy/lib /usr/bin/cmake --build /home/mario/master_ws/build/moveit_task_constructor_visualization -- -j12 -l12
[2.354s] DEBUG:colcon.colcon_core.event_handler.log_command:Invoking command in '/home/mario/master_ws/build/moveit_task_constructor_visualization': CMAKE_PREFIX_PATH=/home/mario/master_ws/install/moveit_task_constructor_core:/home/mario/master_ws/install/rviz_marker_tools:/home/mario/master_ws/install/moveit_task_constructor_msgs:/home/mario/master_ws/install/vision_control:/home/mario/master_ws/install/moveit_task_constructor_demo:/home/mario/master_ws/install/moveit_task_constructor_visualization:/home/mario/master_ws/install/moveit_task_constructor_capabilities:/home/mario/master_ws/install/estun_control:/home/mario/master_ws/install/estun_moveit:/opt/ros/jazzy/opt/gz_sim_vendor:/opt/ros/jazzy/opt/gz_sensors_vendor:/opt/ros/jazzy/opt/gz_physics_vendor:/opt/ros/jazzy/opt/sdformat_vendor:/opt/ros/jazzy/opt/gz_gui_vendor:/opt/ros/jazzy/opt/gz_transport_vendor:/opt/ros/jazzy/opt/gz_rendering_vendor:/opt/ros/jazzy/opt/gz_plugin_vendor:/opt/ros/jazzy/opt/gz_fuel_tools_vendor:/opt/ros/jazzy/opt/gz_msgs_vendor:/opt/ros/jazzy/opt/gz_common_vendor:/opt/ros/jazzy/opt/gz_math_vendor:/opt/ros/jazzy/opt/gz_utils_vendor:/opt/ros/jazzy/opt/gz_tools_vendor:/opt/ros/jazzy/opt/gz_ogre_next_vendor:/opt/ros/jazzy/opt/gz_dartsim_vendor:/opt/ros/jazzy/opt/gz_cmake_vendor:/home/mario/master_ws/install/estun_description:/opt/ros/jazzy DEBUGINFOD_URLS=https://debuginfod.ubuntu.com LD_LIBRARY_PATH=/home/mario/master_ws/install/moveit_task_constructor_core/lib:/home/mario/master_ws/install/rviz_marker_tools/lib:/home/mario/master_ws/install/moveit_task_constructor_msgs/lib:/home/mario/master_ws/install/moveit_task_constructor_demo/lib:/home/mario/master_ws/install/moveit_task_constructor_visualization/lib:/home/mario/master_ws/install/moveit_task_constructor_capabilities/lib:/opt/ros/jazzy/opt/gz_sim_vendor/lib:/opt/ros/jazzy/opt/gz_sensors_vendor/lib:/opt/ros/jazzy/opt/gz_physics_vendor/lib:/opt/ros/jazzy/opt/sdformat_vendor/lib:/opt/ros/jazzy/opt/rviz_ogre_vendor/lib:/opt/ros/jazzy/lib/x86_64-linux-gnu:/opt/ros/jazzy/opt/gz_gui_vendor/lib:/opt/ros/jazzy/opt/gz_transport_vendor/lib:/opt/ros/jazzy/opt/gz_rendering_vendor/lib:/opt/ros/jazzy/opt/gz_plugin_vendor/lib:/opt/ros/jazzy/opt/gz_fuel_tools_vendor/lib:/opt/ros/jazzy/opt/gz_msgs_vendor/lib:/opt/ros/jazzy/opt/gz_common_vendor/lib:/opt/ros/jazzy/opt/gz_math_vendor/lib:/opt/ros/jazzy/opt/gz_utils_vendor/lib:/opt/ros/jazzy/opt/gz_tools_vendor/lib:/opt/ros/jazzy/opt/gz_ogre_next_vendor/lib:/opt/ros/jazzy/opt/gz_dartsim_vendor/lib:/opt/ros/jazzy/opt/gz_cmake_vendor/lib:/opt/ros/jazzy/lib /usr/bin/cmake --install /home/mario/master_ws/build/moveit_task_constructor_visualization
[2.371s] Level 1:colcon.colcon_core.environment:create_environment_scripts_only(moveit_task_constructor_visualization)
[2.372s] Level 1:colcon.colcon_core.environment:checking '/home/mario/master_ws/install/moveit_task_constructor_visualization' for CMake module files
[2.372s] DEBUG:colcon.colcon_core.event_handler.log_command:Invoked command in '/home/mario/master_ws/build/moveit_task_constructor_visualization' returned '0': CMAKE_PREFIX_PATH=/home/mario/master_ws/install/moveit_task_constructor_core:/home/mario/master_ws/install/rviz_marker_tools:/home/mario/master_ws/install/moveit_task_constructor_msgs:/home/mario/master_ws/install/vision_control:/home/mario/master_ws/install/moveit_task_constructor_demo:/home/mario/master_ws/install/moveit_task_constructor_visualization:/home/mario/master_ws/install/moveit_task_constructor_capabilities:/home/mario/master_ws/install/estun_control:/home/mario/master_ws/install/estun_moveit:/opt/ros/jazzy/opt/gz_sim_vendor:/opt/ros/jazzy/opt/gz_sensors_vendor:/opt/ros/jazzy/opt/gz_physics_vendor:/opt/ros/jazzy/opt/sdformat_vendor:/opt/ros/jazzy/opt/gz_gui_vendor:/opt/ros/jazzy/opt/gz_transport_vendor:/opt/ros/jazzy/opt/gz_rendering_vendor:/opt/ros/jazzy/opt/gz_plugin_vendor:/opt/ros/jazzy/opt/gz_fuel_tools_vendor:/opt/ros/jazzy/opt/gz_msgs_vendor:/opt/ros/jazzy/opt/gz_common_vendor:/opt/ros/jazzy/opt/gz_math_vendor:/opt/ros/jazzy/opt/gz_utils_vendor:/opt/ros/jazzy/opt/gz_tools_vendor:/opt/ros/jazzy/opt/gz_ogre_next_vendor:/opt/ros/jazzy/opt/gz_dartsim_vendor:/opt/ros/jazzy/opt/gz_cmake_vendor:/home/mario/master_ws/install/estun_description:/opt/ros/jazzy DEBUGINFOD_URLS=https://debuginfod.ubuntu.com LD_LIBRARY_PATH=/home/mario/master_ws/install/moveit_task_constructor_core/lib:/home/mario/master_ws/install/rviz_marker_tools/lib:/home/mario/master_ws/install/moveit_task_constructor_msgs/lib:/home/mario/master_ws/install/moveit_task_constructor_demo/lib:/home/mario/master_ws/install/moveit_task_constructor_visualization/lib:/home/mario/master_ws/install/moveit_task_constructor_capabilities/lib:/opt/ros/jazzy/opt/gz_sim_vendor/lib:/opt/ros/jazzy/opt/gz_sensors_vendor/lib:/opt/ros/jazzy/opt/gz_physics_vendor/lib:/opt/ros/jazzy/opt/sdformat_vendor/lib:/opt/ros/jazzy/opt/rviz_ogre_vendor/lib:/opt/ros/jazzy/lib/x86_64-linux-gnu:/opt/ros/jazzy/opt/gz_gui_vendor/lib:/opt/ros/jazzy/opt/gz_transport_vendor/lib:/opt/ros/jazzy/opt/gz_rendering_vendor/lib:/opt/ros/jazzy/opt/gz_plugin_vendor/lib:/opt/ros/jazzy/opt/gz_fuel_tools_vendor/lib:/opt/ros/jazzy/opt/gz_msgs_vendor/lib:/opt/ros/jazzy/opt/gz_common_vendor/lib:/opt/ros/jazzy/opt/gz_math_vendor/lib:/opt/ros/jazzy/opt/gz_utils_vendor/lib:/opt/ros/jazzy/opt/gz_tools_vendor/lib:/opt/ros/jazzy/opt/gz_ogre_next_vendor/lib:/opt/ros/jazzy/opt/gz_dartsim_vendor/lib:/opt/ros/jazzy/opt/gz_cmake_vendor/lib:/opt/ros/jazzy/lib /usr/bin/cmake --install /home/mario/master_ws/build/moveit_task_constructor_visualization
[2.373s] Level 1:colcon.colcon_core.environment:checking '/home/mario/master_ws/install/moveit_task_constructor_visualization' for CMake config files
[2.373s] Level 1:colcon.colcon_core.shell:create_environment_hook('moveit_task_constructor_visualization', 'cmake_prefix_path')
[2.373s] INFO:colcon.colcon_core.shell:Creating environment hook '/home/mario/master_ws/install/moveit_task_constructor_visualization/share/moveit_task_constructor_visualization/hook/cmake_prefix_path.ps1'
[2.374s] INFO:colcon.colcon_core.shell:Creating environment descriptor '/home/mario/master_ws/install/moveit_task_constructor_visualization/share/moveit_task_constructor_visualization/hook/cmake_prefix_path.dsv'
[2.374s] INFO:colcon.colcon_core.shell:Creating environment hook '/home/mario/master_ws/install/moveit_task_constructor_visualization/share/moveit_task_constructor_visualization/hook/cmake_prefix_path.sh'
[2.375s] Level 1:colcon.colcon_core.environment:checking '/home/mario/master_ws/install/moveit_task_constructor_visualization/lib'
[2.375s] Level 1:colcon.colcon_core.shell:create_environment_hook('moveit_task_constructor_visualization', 'ld_library_path_lib')
[2.375s] INFO:colcon.colcon_core.shell:Creating environment hook '/home/mario/master_ws/install/moveit_task_constructor_visualization/share/moveit_task_constructor_visualization/hook/ld_library_path_lib.ps1'
[2.375s] INFO:colcon.colcon_core.shell:Creating environment descriptor '/home/mario/master_ws/install/moveit_task_constructor_visualization/share/moveit_task_constructor_visualization/hook/ld_library_path_lib.dsv'
[2.375s] INFO:colcon.colcon_core.shell:Creating environment hook '/home/mario/master_ws/install/moveit_task_constructor_visualization/share/moveit_task_constructor_visualization/hook/ld_library_path_lib.sh'
[2.376s] Level 1:colcon.colcon_core.environment:checking '/home/mario/master_ws/install/moveit_task_constructor_visualization/bin'
[2.376s] Level 1:colcon.colcon_core.environment:checking '/home/mario/master_ws/install/moveit_task_constructor_visualization/lib/pkgconfig/moveit_task_constructor_visualization.pc'
[2.376s] Level 1:colcon.colcon_core.environment:checking '/home/mario/master_ws/install/moveit_task_constructor_visualization/lib/python3.12/site-packages'
[2.377s] Level 1:colcon.colcon_core.environment:checking '/home/mario/master_ws/install/moveit_task_constructor_visualization/bin'
[2.377s] INFO:colcon.colcon_core.shell:Creating package script '/home/mario/master_ws/install/moveit_task_constructor_visualization/share/moveit_task_constructor_visualization/package.ps1'
[2.378s] INFO:colcon.colcon_core.shell:Creating package descriptor '/home/mario/master_ws/install/moveit_task_constructor_visualization/share/moveit_task_constructor_visualization/package.dsv'
[2.378s] INFO:colcon.colcon_core.shell:Creating package script '/home/mario/master_ws/install/moveit_task_constructor_visualization/share/moveit_task_constructor_visualization/package.sh'
[2.378s] INFO:colcon.colcon_core.shell:Creating package script '/home/mario/master_ws/install/moveit_task_constructor_visualization/share/moveit_task_constructor_visualization/package.bash'
[2.379s] INFO:colcon.colcon_core.shell:Creating package script '/home/mario/master_ws/install/moveit_task_constructor_visualization/share/moveit_task_constructor_visualization/package.zsh'
[2.379s] Level 1:colcon.colcon_core.environment:create_file_with_runtime_dependencies(/home/mario/master_ws/install/moveit_task_constructor_visualization/share/colcon-core/packages/moveit_task_constructor_visualization)
[2.380s] Level 1:colcon.colcon_core.environment:create_environment_scripts_only(moveit_task_constructor_visualization)
[2.380s] Level 1:colcon.colcon_core.environment:checking '/home/mario/master_ws/install/moveit_task_constructor_visualization' for CMake module files
[2.381s] Level 1:colcon.colcon_core.environment:checking '/home/mario/master_ws/install/moveit_task_constructor_visualization' for CMake config files
[2.381s] Level 1:colcon.colcon_core.shell:create_environment_hook('moveit_task_constructor_visualization', 'cmake_prefix_path')
[2.381s] INFO:colcon.colcon_core.shell:Creating environment hook '/home/mario/master_ws/install/moveit_task_constructor_visualization/share/moveit_task_constructor_visualization/hook/cmake_prefix_path.ps1'
[2.381s] INFO:colcon.colcon_core.shell:Creating environment descriptor '/home/mario/master_ws/install/moveit_task_constructor_visualization/share/moveit_task_constructor_visualization/hook/cmake_prefix_path.dsv'
[2.382s] INFO:colcon.colcon_core.shell:Creating environment hook '/home/mario/master_ws/install/moveit_task_constructor_visualization/share/moveit_task_constructor_visualization/hook/cmake_prefix_path.sh'
[2.383s] Level 1:colcon.colcon_core.environment:checking '/home/mario/master_ws/install/moveit_task_constructor_visualization/lib'
[2.383s] Level 1:colcon.colcon_core.shell:create_environment_hook('moveit_task_constructor_visualization', 'ld_library_path_lib')
[2.383s] INFO:colcon.colcon_core.shell:Creating environment hook '/home/mario/master_ws/install/moveit_task_constructor_visualization/share/moveit_task_constructor_visualization/hook/ld_library_path_lib.ps1'
[2.383s] INFO:colcon.colcon_core.shell:Creating environment descriptor '/home/mario/master_ws/install/moveit_task_constructor_visualization/share/moveit_task_constructor_visualization/hook/ld_library_path_lib.dsv'
[2.384s] INFO:colcon.colcon_core.shell:Creating environment hook '/home/mario/master_ws/install/moveit_task_constructor_visualization/share/moveit_task_constructor_visualization/hook/ld_library_path_lib.sh'
[2.384s] Level 1:colcon.colcon_core.environment:checking '/home/mario/master_ws/install/moveit_task_constructor_visualization/bin'
[2.384s] Level 1:colcon.colcon_core.environment:checking '/home/mario/master_ws/install/moveit_task_constructor_visualization/lib/pkgconfig/moveit_task_constructor_visualization.pc'
[2.384s] Level 1:colcon.colcon_core.environment:checking '/home/mario/master_ws/install/moveit_task_constructor_visualization/lib/python3.12/site-packages'
[2.385s] Level 1:colcon.colcon_core.environment:checking '/home/mario/master_ws/install/moveit_task_constructor_visualization/bin'
[2.385s] INFO:colcon.colcon_core.shell:Creating package script '/home/mario/master_ws/install/moveit_task_constructor_visualization/share/moveit_task_constructor_visualization/package.ps1'
[2.386s] INFO:colcon.colcon_core.shell:Creating package descriptor '/home/mario/master_ws/install/moveit_task_constructor_visualization/share/moveit_task_constructor_visualization/package.dsv'
[2.386s] INFO:colcon.colcon_core.shell:Creating package script '/home/mario/master_ws/install/moveit_task_constructor_visualization/share/moveit_task_constructor_visualization/package.sh'
[2.386s] INFO:colcon.colcon_core.shell:Creating package script '/home/mario/master_ws/install/moveit_task_constructor_visualization/share/moveit_task_constructor_visualization/package.bash'
[2.387s] INFO:colcon.colcon_core.shell:Creating package script '/home/mario/master_ws/install/moveit_task_constructor_visualization/share/moveit_task_constructor_visualization/package.zsh'
[2.387s] Level 1:colcon.colcon_core.environment:create_file_with_runtime_dependencies(/home/mario/master_ws/install/moveit_task_constructor_visualization/share/colcon-core/packages/moveit_task_constructor_visualization)
[2.388s] INFO:colcon.colcon_ros.task.ament_cmake.build:Building ROS package in '/home/mario/master_ws/src/moveit_task_constructor/demo' with build type 'ament_cmake'
[2.388s] INFO:colcon.colcon_cmake.task.cmake.build:Building CMake package in '/home/mario/master_ws/src/moveit_task_constructor/demo'
[2.388s] INFO:colcon.colcon_core.shell:Skip shell extension 'powershell' for command environment: Not usable outside of PowerShell
[2.388s] DEBUG:colcon.colcon_core.shell:Skip shell extension 'dsv' for command environment
[2.395s] Level 1:colcon.colcon_core.environment:checking '/home/mario/master_ws/install/estun_description' for CMake module files
[2.396s] DEBUG:colcon.colcon_core.event_handler.log_command:Invoked command in '/home/mario/master_ws/src/estun_description' returned '0': DEBUGINFOD_URLS=https://debuginfod.ubuntu.com PYTHONPATH=/home/mario/master_ws/build/estun_description/prefix_override:/usr/lib/python3/dist-packages/colcon_core/task/python/colcon_distutils_commands:/home/mario/master_ws/install/estun_description/lib/python3.12/site-packages:${PYTHONPATH} /usr/bin/python3 -W ignore:setup.py install is deprecated -W ignore:easy_install command is deprecated setup.py egg_info --egg-base ../../build/estun_description build --build-base /home/mario/master_ws/build/estun_description/build install --record /home/mario/master_ws/build/estun_description/install.log --install-scripts $base/lib/fusion2urdf_ros2 --single-version-externally-managed install_data
[2.396s] Level 1:colcon.colcon_core.environment:checking '/home/mario/master_ws/install/estun_description' for CMake config files
[2.396s] Level 1:colcon.colcon_core.environment:checking '/home/mario/master_ws/install/estun_description/lib'
[2.396s] Level 1:colcon.colcon_core.environment:checking '/home/mario/master_ws/install/estun_description/bin'
[2.396s] Level 1:colcon.colcon_core.environment:checking '/home/mario/master_ws/install/estun_description/lib/pkgconfig/estun_description.pc'
[2.397s] Level 1:colcon.colcon_core.environment:checking '/home/mario/master_ws/install/estun_description/lib/python3.12/site-packages'
[2.397s] Level 1:colcon.colcon_core.shell:create_environment_hook('estun_description', 'pythonpath')
[2.397s] INFO:colcon.colcon_core.shell:Creating environment hook '/home/mario/master_ws/install/estun_description/share/estun_description/hook/pythonpath.ps1'
[2.397s] INFO:colcon.colcon_core.shell:Creating environment descriptor '/home/mario/master_ws/install/estun_description/share/estun_description/hook/pythonpath.dsv'
[2.398s] INFO:colcon.colcon_core.shell:Creating environment hook '/home/mario/master_ws/install/estun_description/share/estun_description/hook/pythonpath.sh'
[2.398s] Level 1:colcon.colcon_core.environment:checking '/home/mario/master_ws/install/estun_description/bin'
[2.398s] Level 1:colcon.colcon_core.environment:create_environment_scripts_only(estun_description)
[2.399s] INFO:colcon.colcon_core.shell:Creating package script '/home/mario/master_ws/install/estun_description/share/estun_description/package.ps1'
[2.399s] INFO:colcon.colcon_core.shell:Creating package descriptor '/home/mario/master_ws/install/estun_description/share/estun_description/package.dsv'
[2.399s] INFO:colcon.colcon_core.shell:Creating package script '/home/mario/master_ws/install/estun_description/share/estun_description/package.sh'
[2.400s] INFO:colcon.colcon_core.shell:Creating package script '/home/mario/master_ws/install/estun_description/share/estun_description/package.bash'
[2.400s] INFO:colcon.colcon_core.shell:Creating package script '/home/mario/master_ws/install/estun_description/share/estun_description/package.zsh'
[2.400s] Level 1:colcon.colcon_core.environment:create_file_with_runtime_dependencies(/home/mario/master_ws/install/estun_description/share/colcon-core/packages/estun_description)
[2.401s] INFO:colcon.colcon_ros.task.ament_cmake.build:Building ROS package in '/home/mario/master_ws/src/estun_moveit' with build type 'ament_cmake'
[2.401s] INFO:colcon.colcon_cmake.task.cmake.build:Building CMake package in '/home/mario/master_ws/src/estun_moveit'
[2.401s] INFO:colcon.colcon_core.shell:Skip shell extension 'powershell' for command environment: Not usable outside of PowerShell
[2.401s] DEBUG:colcon.colcon_core.shell:Skip shell extension 'dsv' for command environment
[2.412s] DEBUG:colcon.colcon_core.event_handler.log_command:Invoking command in '/home/mario/master_ws/build/estun_moveit': AMENT_PREFIX_PATH=/home/mario/master_ws/install/estun_description:/home/mario/master_ws/install/vision_control:/home/mario/master_ws/install/moveit_task_constructor_demo:/home/mario/master_ws/install/moveit_task_constructor_visualization:/home/mario/master_ws/install/moveit_task_constructor_capabilities:/home/mario/master_ws/install/estun_control:/home/mario/master_ws/install/moveit_task_constructor_core:/home/mario/master_ws/install/rviz_marker_tools:/home/mario/master_ws/install/moveit_task_constructor_msgs:/home/mario/master_ws/install/estun_moveit:/opt/ros/jazzy CMAKE_PREFIX_PATH=${CMAKE_PREFIX_PATH}:/home/mario/master_ws/install/estun_description:/opt/ros/jazzy DEBUGINFOD_URLS=https://debuginfod.ubuntu.com PYTHONPATH=/home/mario/master_ws/install/estun_description/lib/python3.12/site-packages:/home/mario/master_ws/install/moveit_task_constructor_core/lib/python3.12/site-packages:/home/mario/master_ws/install/moveit_task_constructor_msgs/lib/python3.12/site-packages:/opt/ros/jazzy/opt/gz_sim_vendor/lib/python:/opt/ros/jazzy/opt/sdformat_vendor/lib/python:/opt/ros/jazzy/opt/gz_transport_vendor/lib/python:/opt/ros/jazzy/opt/gz_msgs_vendor/lib/python:/opt/ros/jazzy/opt/gz_math_vendor/lib/python:/opt/ros/jazzy/lib/python3.12/site-packages /usr/bin/cmake --build /home/mario/master_ws/build/estun_moveit -- -j12 -l12
[2.415s] DEBUG:colcon.colcon_core.event_handler.log_command:Invoking command in '/home/mario/master_ws/build/moveit_task_constructor_demo': CMAKE_PREFIX_PATH=/home/mario/master_ws/install/moveit_task_constructor_visualization:/home/mario/master_ws/install/moveit_task_constructor_capabilities:/home/mario/master_ws/install/moveit_task_constructor_core:/home/mario/master_ws/install/rviz_marker_tools:/home/mario/master_ws/install/moveit_task_constructor_msgs:/home/mario/master_ws/install/vision_control:/home/mario/master_ws/install/moveit_task_constructor_demo:/home/mario/master_ws/install/estun_control:/home/mario/master_ws/install/estun_moveit:/opt/ros/jazzy/opt/gz_sim_vendor:/opt/ros/jazzy/opt/gz_sensors_vendor:/opt/ros/jazzy/opt/gz_physics_vendor:/opt/ros/jazzy/opt/sdformat_vendor:/opt/ros/jazzy/opt/gz_gui_vendor:/opt/ros/jazzy/opt/gz_transport_vendor:/opt/ros/jazzy/opt/gz_rendering_vendor:/opt/ros/jazzy/opt/gz_plugin_vendor:/opt/ros/jazzy/opt/gz_fuel_tools_vendor:/opt/ros/jazzy/opt/gz_msgs_vendor:/opt/ros/jazzy/opt/gz_common_vendor:/opt/ros/jazzy/opt/gz_math_vendor:/opt/ros/jazzy/opt/gz_utils_vendor:/opt/ros/jazzy/opt/gz_tools_vendor:/opt/ros/jazzy/opt/gz_ogre_next_vendor:/opt/ros/jazzy/opt/gz_dartsim_vendor:/opt/ros/jazzy/opt/gz_cmake_vendor:/home/mario/master_ws/install/estun_description:/opt/ros/jazzy DEBUGINFOD_URLS=https://debuginfod.ubuntu.com LD_LIBRARY_PATH=/home/mario/master_ws/install/moveit_task_constructor_visualization/lib:/home/mario/master_ws/install/moveit_task_constructor_capabilities/lib:/home/mario/master_ws/install/moveit_task_constructor_core/lib:/home/mario/master_ws/install/rviz_marker_tools/lib:/home/mario/master_ws/install/moveit_task_constructor_msgs/lib:/home/mario/master_ws/install/moveit_task_constructor_demo/lib:/opt/ros/jazzy/opt/gz_sim_vendor/lib:/opt/ros/jazzy/opt/gz_sensors_vendor/lib:/opt/ros/jazzy/opt/gz_physics_vendor/lib:/opt/ros/jazzy/opt/sdformat_vendor/lib:/opt/ros/jazzy/opt/rviz_ogre_vendor/lib:/opt/ros/jazzy/lib/x86_64-linux-gnu:/opt/ros/jazzy/opt/gz_gui_vendor/lib:/opt/ros/jazzy/opt/gz_transport_vendor/lib:/opt/ros/jazzy/opt/gz_rendering_vendor/lib:/opt/ros/jazzy/opt/gz_plugin_vendor/lib:/opt/ros/jazzy/opt/gz_fuel_tools_vendor/lib:/opt/ros/jazzy/opt/gz_msgs_vendor/lib:/opt/ros/jazzy/opt/gz_common_vendor/lib:/opt/ros/jazzy/opt/gz_math_vendor/lib:/opt/ros/jazzy/opt/gz_utils_vendor/lib:/opt/ros/jazzy/opt/gz_tools_vendor/lib:/opt/ros/jazzy/opt/gz_ogre_next_vendor/lib:/opt/ros/jazzy/opt/gz_dartsim_vendor/lib:/opt/ros/jazzy/opt/gz_cmake_vendor/lib:/opt/ros/jazzy/lib /usr/bin/cmake --build /home/mario/master_ws/build/moveit_task_constructor_demo -- -j12 -l12
[2.465s] DEBUG:colcon.colcon_core.event_handler.log_command:Invoked command in '/home/mario/master_ws/build/estun_moveit' returned '0': AMENT_PREFIX_PATH=/home/mario/master_ws/install/estun_description:/home/mario/master_ws/install/vision_control:/home/mario/master_ws/install/moveit_task_constructor_demo:/home/mario/master_ws/install/moveit_task_constructor_visualization:/home/mario/master_ws/install/moveit_task_constructor_capabilities:/home/mario/master_ws/install/estun_control:/home/mario/master_ws/install/moveit_task_constructor_core:/home/mario/master_ws/install/rviz_marker_tools:/home/mario/master_ws/install/moveit_task_constructor_msgs:/home/mario/master_ws/install/estun_moveit:/opt/ros/jazzy CMAKE_PREFIX_PATH=${CMAKE_PREFIX_PATH}:/home/mario/master_ws/install/estun_description:/opt/ros/jazzy DEBUGINFOD_URLS=https://debuginfod.ubuntu.com PYTHONPATH=/home/mario/master_ws/install/estun_description/lib/python3.12/site-packages:/home/mario/master_ws/install/moveit_task_constructor_core/lib/python3.12/site-packages:/home/mario/master_ws/install/moveit_task_constructor_msgs/lib/python3.12/site-packages:/opt/ros/jazzy/opt/gz_sim_vendor/lib/python:/opt/ros/jazzy/opt/sdformat_vendor/lib/python:/opt/ros/jazzy/opt/gz_transport_vendor/lib/python:/opt/ros/jazzy/opt/gz_msgs_vendor/lib/python:/opt/ros/jazzy/opt/gz_math_vendor/lib/python:/opt/ros/jazzy/lib/python3.12/site-packages /usr/bin/cmake --build /home/mario/master_ws/build/estun_moveit -- -j12 -l12
[2.465s] DEBUG:colcon.colcon_core.event_handler.log_command:Invoking command in '/home/mario/master_ws/build/estun_moveit': AMENT_PREFIX_PATH=/home/mario/master_ws/install/estun_description:/home/mario/master_ws/install/vision_control:/home/mario/master_ws/install/moveit_task_constructor_demo:/home/mario/master_ws/install/moveit_task_constructor_visualization:/home/mario/master_ws/install/moveit_task_constructor_capabilities:/home/mario/master_ws/install/estun_control:/home/mario/master_ws/install/moveit_task_constructor_core:/home/mario/master_ws/install/rviz_marker_tools:/home/mario/master_ws/install/moveit_task_constructor_msgs:/home/mario/master_ws/install/estun_moveit:/opt/ros/jazzy CMAKE_PREFIX_PATH=${CMAKE_PREFIX_PATH}:/home/mario/master_ws/install/estun_description:/opt/ros/jazzy DEBUGINFOD_URLS=https://debuginfod.ubuntu.com PYTHONPATH=/home/mario/master_ws/install/estun_description/lib/python3.12/site-packages:/home/mario/master_ws/install/moveit_task_constructor_core/lib/python3.12/site-packages:/home/mario/master_ws/install/moveit_task_constructor_msgs/lib/python3.12/site-packages:/opt/ros/jazzy/opt/gz_sim_vendor/lib/python:/opt/ros/jazzy/opt/sdformat_vendor/lib/python:/opt/ros/jazzy/opt/gz_transport_vendor/lib/python:/opt/ros/jazzy/opt/gz_msgs_vendor/lib/python:/opt/ros/jazzy/opt/gz_math_vendor/lib/python:/opt/ros/jazzy/lib/python3.12/site-packages /usr/bin/cmake --install /home/mario/master_ws/build/estun_moveit
[2.489s] Level 1:colcon.colcon_core.environment:create_environment_scripts_only(estun_moveit)
[2.489s] Level 1:colcon.colcon_core.environment:checking '/home/mario/master_ws/install/estun_moveit' for CMake module files
[2.490s] Level 1:colcon.colcon_core.environment:checking '/home/mario/master_ws/install/estun_moveit' for CMake config files
[2.490s] Level 1:colcon.colcon_core.shell:create_environment_hook('estun_moveit', 'cmake_prefix_path')
[2.490s] INFO:colcon.colcon_core.shell:Creating environment hook '/home/mario/master_ws/install/estun_moveit/share/estun_moveit/hook/cmake_prefix_path.ps1'
[2.492s] INFO:colcon.colcon_core.shell:Creating environment descriptor '/home/mario/master_ws/install/estun_moveit/share/estun_moveit/hook/cmake_prefix_path.dsv'
[2.494s] DEBUG:colcon.colcon_core.event_handler.log_command:Invoked command in '/home/mario/master_ws/build/estun_moveit' returned '0': AMENT_PREFIX_PATH=/home/mario/master_ws/install/estun_description:/home/mario/master_ws/install/vision_control:/home/mario/master_ws/install/moveit_task_constructor_demo:/home/mario/master_ws/install/moveit_task_constructor_visualization:/home/mario/master_ws/install/moveit_task_constructor_capabilities:/home/mario/master_ws/install/estun_control:/home/mario/master_ws/install/moveit_task_constructor_core:/home/mario/master_ws/install/rviz_marker_tools:/home/mario/master_ws/install/moveit_task_constructor_msgs:/home/mario/master_ws/install/estun_moveit:/opt/ros/jazzy CMAKE_PREFIX_PATH=${CMAKE_PREFIX_PATH}:/home/mario/master_ws/install/estun_description:/opt/ros/jazzy DEBUGINFOD_URLS=https://debuginfod.ubuntu.com PYTHONPATH=/home/mario/master_ws/install/estun_description/lib/python3.12/site-packages:/home/mario/master_ws/install/moveit_task_constructor_core/lib/python3.12/site-packages:/home/mario/master_ws/install/moveit_task_constructor_msgs/lib/python3.12/site-packages:/opt/ros/jazzy/opt/gz_sim_vendor/lib/python:/opt/ros/jazzy/opt/sdformat_vendor/lib/python:/opt/ros/jazzy/opt/gz_transport_vendor/lib/python:/opt/ros/jazzy/opt/gz_msgs_vendor/lib/python:/opt/ros/jazzy/opt/gz_math_vendor/lib/python:/opt/ros/jazzy/lib/python3.12/site-packages /usr/bin/cmake --install /home/mario/master_ws/build/estun_moveit
[2.494s] INFO:colcon.colcon_core.shell:Creating environment hook '/home/mario/master_ws/install/estun_moveit/share/estun_moveit/hook/cmake_prefix_path.sh'
[2.495s] Level 1:colcon.colcon_core.environment:checking '/home/mario/master_ws/install/estun_moveit/bin'
[2.495s] Level 1:colcon.colcon_core.environment:checking '/home/mario/master_ws/install/estun_moveit/lib/pkgconfig/estun_moveit.pc'
[2.495s] Level 1:colcon.colcon_core.environment:checking '/home/mario/master_ws/install/estun_moveit/lib/python3.12/site-packages'
[2.496s] Level 1:colcon.colcon_core.environment:checking '/home/mario/master_ws/install/estun_moveit/bin'
[2.496s] INFO:colcon.colcon_core.shell:Creating package script '/home/mario/master_ws/install/estun_moveit/share/estun_moveit/package.ps1'
[2.497s] INFO:colcon.colcon_core.shell:Creating package descriptor '/home/mario/master_ws/install/estun_moveit/share/estun_moveit/package.dsv'
[2.497s] INFO:colcon.colcon_core.shell:Creating package script '/home/mario/master_ws/install/estun_moveit/share/estun_moveit/package.sh'
[2.498s] INFO:colcon.colcon_core.shell:Creating package script '/home/mario/master_ws/install/estun_moveit/share/estun_moveit/package.bash'
[2.498s] INFO:colcon.colcon_core.shell:Creating package script '/home/mario/master_ws/install/estun_moveit/share/estun_moveit/package.zsh'
[2.498s] Level 1:colcon.colcon_core.environment:create_file_with_runtime_dependencies(/home/mario/master_ws/install/estun_moveit/share/colcon-core/packages/estun_moveit)
[2.499s] Level 1:colcon.colcon_core.environment:create_environment_scripts_only(estun_moveit)
[2.499s] Level 1:colcon.colcon_core.environment:checking '/home/mario/master_ws/install/estun_moveit' for CMake module files
[2.500s] Level 1:colcon.colcon_core.environment:checking '/home/mario/master_ws/install/estun_moveit' for CMake config files
[2.500s] Level 1:colcon.colcon_core.shell:create_environment_hook('estun_moveit', 'cmake_prefix_path')
[2.500s] INFO:colcon.colcon_core.shell:Creating environment hook '/home/mario/master_ws/install/estun_moveit/share/estun_moveit/hook/cmake_prefix_path.ps1'
[2.501s] INFO:colcon.colcon_core.shell:Creating environment descriptor '/home/mario/master_ws/install/estun_moveit/share/estun_moveit/hook/cmake_prefix_path.dsv'
[2.501s] INFO:colcon.colcon_core.shell:Creating environment hook '/home/mario/master_ws/install/estun_moveit/share/estun_moveit/hook/cmake_prefix_path.sh'
[2.502s] Level 1:colcon.colcon_core.environment:checking '/home/mario/master_ws/install/estun_moveit/bin'
[2.502s] Level 1:colcon.colcon_core.environment:checking '/home/mario/master_ws/install/estun_moveit/lib/pkgconfig/estun_moveit.pc'
[2.502s] Level 1:colcon.colcon_core.environment:checking '/home/mario/master_ws/install/estun_moveit/lib/python3.12/site-packages'
[2.502s] Level 1:colcon.colcon_core.environment:checking '/home/mario/master_ws/install/estun_moveit/bin'
[2.502s] INFO:colcon.colcon_core.shell:Creating package script '/home/mario/master_ws/install/estun_moveit/share/estun_moveit/package.ps1'
[2.503s] INFO:colcon.colcon_core.shell:Creating package descriptor '/home/mario/master_ws/install/estun_moveit/share/estun_moveit/package.dsv'
[2.504s] INFO:colcon.colcon_core.shell:Creating package script '/home/mario/master_ws/install/estun_moveit/share/estun_moveit/package.sh'
[2.504s] INFO:colcon.colcon_core.shell:Creating package script '/home/mario/master_ws/install/estun_moveit/share/estun_moveit/package.bash'
[2.505s] INFO:colcon.colcon_core.shell:Creating package script '/home/mario/master_ws/install/estun_moveit/share/estun_moveit/package.zsh'
[2.505s] Level 1:colcon.colcon_core.environment:create_file_with_runtime_dependencies(/home/mario/master_ws/install/estun_moveit/share/colcon-core/packages/estun_moveit)
[2.612s] DEBUG:colcon.colcon_core.event_handler.log_command:Invoked command in '/home/mario/master_ws/build/moveit_task_constructor_demo' returned '0': CMAKE_PREFIX_PATH=/home/mario/master_ws/install/moveit_task_constructor_visualization:/home/mario/master_ws/install/moveit_task_constructor_capabilities:/home/mario/master_ws/install/moveit_task_constructor_core:/home/mario/master_ws/install/rviz_marker_tools:/home/mario/master_ws/install/moveit_task_constructor_msgs:/home/mario/master_ws/install/vision_control:/home/mario/master_ws/install/moveit_task_constructor_demo:/home/mario/master_ws/install/estun_control:/home/mario/master_ws/install/estun_moveit:/opt/ros/jazzy/opt/gz_sim_vendor:/opt/ros/jazzy/opt/gz_sensors_vendor:/opt/ros/jazzy/opt/gz_physics_vendor:/opt/ros/jazzy/opt/sdformat_vendor:/opt/ros/jazzy/opt/gz_gui_vendor:/opt/ros/jazzy/opt/gz_transport_vendor:/opt/ros/jazzy/opt/gz_rendering_vendor:/opt/ros/jazzy/opt/gz_plugin_vendor:/opt/ros/jazzy/opt/gz_fuel_tools_vendor:/opt/ros/jazzy/opt/gz_msgs_vendor:/opt/ros/jazzy/opt/gz_common_vendor:/opt/ros/jazzy/opt/gz_math_vendor:/opt/ros/jazzy/opt/gz_utils_vendor:/opt/ros/jazzy/opt/gz_tools_vendor:/opt/ros/jazzy/opt/gz_ogre_next_vendor:/opt/ros/jazzy/opt/gz_dartsim_vendor:/opt/ros/jazzy/opt/gz_cmake_vendor:/home/mario/master_ws/install/estun_description:/opt/ros/jazzy DEBUGINFOD_URLS=https://debuginfod.ubuntu.com LD_LIBRARY_PATH=/home/mario/master_ws/install/moveit_task_constructor_visualization/lib:/home/mario/master_ws/install/moveit_task_constructor_capabilities/lib:/home/mario/master_ws/install/moveit_task_constructor_core/lib:/home/mario/master_ws/install/rviz_marker_tools/lib:/home/mario/master_ws/install/moveit_task_constructor_msgs/lib:/home/mario/master_ws/install/moveit_task_constructor_demo/lib:/opt/ros/jazzy/opt/gz_sim_vendor/lib:/opt/ros/jazzy/opt/gz_sensors_vendor/lib:/opt/ros/jazzy/opt/gz_physics_vendor/lib:/opt/ros/jazzy/opt/sdformat_vendor/lib:/opt/ros/jazzy/opt/rviz_ogre_vendor/lib:/opt/ros/jazzy/lib/x86_64-linux-gnu:/opt/ros/jazzy/opt/gz_gui_vendor/lib:/opt/ros/jazzy/opt/gz_transport_vendor/lib:/opt/ros/jazzy/opt/gz_rendering_vendor/lib:/opt/ros/jazzy/opt/gz_plugin_vendor/lib:/opt/ros/jazzy/opt/gz_fuel_tools_vendor/lib:/opt/ros/jazzy/opt/gz_msgs_vendor/lib:/opt/ros/jazzy/opt/gz_common_vendor/lib:/opt/ros/jazzy/opt/gz_math_vendor/lib:/opt/ros/jazzy/opt/gz_utils_vendor/lib:/opt/ros/jazzy/opt/gz_tools_vendor/lib:/opt/ros/jazzy/opt/gz_ogre_next_vendor/lib:/opt/ros/jazzy/opt/gz_dartsim_vendor/lib:/opt/ros/jazzy/opt/gz_cmake_vendor/lib:/opt/ros/jazzy/lib /usr/bin/cmake --build /home/mario/master_ws/build/moveit_task_constructor_demo -- -j12 -l12
[2.612s] DEBUG:colcon.colcon_core.event_handler.log_command:Invoking command in '/home/mario/master_ws/build/moveit_task_constructor_demo': CMAKE_PREFIX_PATH=/home/mario/master_ws/install/moveit_task_constructor_visualization:/home/mario/master_ws/install/moveit_task_constructor_capabilities:/home/mario/master_ws/install/moveit_task_constructor_core:/home/mario/master_ws/install/rviz_marker_tools:/home/mario/master_ws/install/moveit_task_constructor_msgs:/home/mario/master_ws/install/vision_control:/home/mario/master_ws/install/moveit_task_constructor_demo:/home/mario/master_ws/install/estun_control:/home/mario/master_ws/install/estun_moveit:/opt/ros/jazzy/opt/gz_sim_vendor:/opt/ros/jazzy/opt/gz_sensors_vendor:/opt/ros/jazzy/opt/gz_physics_vendor:/opt/ros/jazzy/opt/sdformat_vendor:/opt/ros/jazzy/opt/gz_gui_vendor:/opt/ros/jazzy/opt/gz_transport_vendor:/opt/ros/jazzy/opt/gz_rendering_vendor:/opt/ros/jazzy/opt/gz_plugin_vendor:/opt/ros/jazzy/opt/gz_fuel_tools_vendor:/opt/ros/jazzy/opt/gz_msgs_vendor:/opt/ros/jazzy/opt/gz_common_vendor:/opt/ros/jazzy/opt/gz_math_vendor:/opt/ros/jazzy/opt/gz_utils_vendor:/opt/ros/jazzy/opt/gz_tools_vendor:/opt/ros/jazzy/opt/gz_ogre_next_vendor:/opt/ros/jazzy/opt/gz_dartsim_vendor:/opt/ros/jazzy/opt/gz_cmake_vendor:/home/mario/master_ws/install/estun_description:/opt/ros/jazzy DEBUGINFOD_URLS=https://debuginfod.ubuntu.com LD_LIBRARY_PATH=/home/mario/master_ws/install/moveit_task_constructor_visualization/lib:/home/mario/master_ws/install/moveit_task_constructor_capabilities/lib:/home/mario/master_ws/install/moveit_task_constructor_core/lib:/home/mario/master_ws/install/rviz_marker_tools/lib:/home/mario/master_ws/install/moveit_task_constructor_msgs/lib:/home/mario/master_ws/install/moveit_task_constructor_demo/lib:/opt/ros/jazzy/opt/gz_sim_vendor/lib:/opt/ros/jazzy/opt/gz_sensors_vendor/lib:/opt/ros/jazzy/opt/gz_physics_vendor/lib:/opt/ros/jazzy/opt/sdformat_vendor/lib:/opt/ros/jazzy/opt/rviz_ogre_vendor/lib:/opt/ros/jazzy/lib/x86_64-linux-gnu:/opt/ros/jazzy/opt/gz_gui_vendor/lib:/opt/ros/jazzy/opt/gz_transport_vendor/lib:/opt/ros/jazzy/opt/gz_rendering_vendor/lib:/opt/ros/jazzy/opt/gz_plugin_vendor/lib:/opt/ros/jazzy/opt/gz_fuel_tools_vendor/lib:/opt/ros/jazzy/opt/gz_msgs_vendor/lib:/opt/ros/jazzy/opt/gz_common_vendor/lib:/opt/ros/jazzy/opt/gz_math_vendor/lib:/opt/ros/jazzy/opt/gz_utils_vendor/lib:/opt/ros/jazzy/opt/gz_tools_vendor/lib:/opt/ros/jazzy/opt/gz_ogre_next_vendor/lib:/opt/ros/jazzy/opt/gz_dartsim_vendor/lib:/opt/ros/jazzy/opt/gz_cmake_vendor/lib:/opt/ros/jazzy/lib /usr/bin/cmake --install /home/mario/master_ws/build/moveit_task_constructor_demo
[2.629s] Level 1:colcon.colcon_core.environment:create_environment_scripts_only(moveit_task_constructor_demo)
[2.630s] Level 1:colcon.colcon_core.environment:checking '/home/mario/master_ws/install/moveit_task_constructor_demo' for CMake module files
[2.630s] DEBUG:colcon.colcon_core.event_handler.log_command:Invoked command in '/home/mario/master_ws/build/moveit_task_constructor_demo' returned '0': CMAKE_PREFIX_PATH=/home/mario/master_ws/install/moveit_task_constructor_visualization:/home/mario/master_ws/install/moveit_task_constructor_capabilities:/home/mario/master_ws/install/moveit_task_constructor_core:/home/mario/master_ws/install/rviz_marker_tools:/home/mario/master_ws/install/moveit_task_constructor_msgs:/home/mario/master_ws/install/vision_control:/home/mario/master_ws/install/moveit_task_constructor_demo:/home/mario/master_ws/install/estun_control:/home/mario/master_ws/install/estun_moveit:/opt/ros/jazzy/opt/gz_sim_vendor:/opt/ros/jazzy/opt/gz_sensors_vendor:/opt/ros/jazzy/opt/gz_physics_vendor:/opt/ros/jazzy/opt/sdformat_vendor:/opt/ros/jazzy/opt/gz_gui_vendor:/opt/ros/jazzy/opt/gz_transport_vendor:/opt/ros/jazzy/opt/gz_rendering_vendor:/opt/ros/jazzy/opt/gz_plugin_vendor:/opt/ros/jazzy/opt/gz_fuel_tools_vendor:/opt/ros/jazzy/opt/gz_msgs_vendor:/opt/ros/jazzy/opt/gz_common_vendor:/opt/ros/jazzy/opt/gz_math_vendor:/opt/ros/jazzy/opt/gz_utils_vendor:/opt/ros/jazzy/opt/gz_tools_vendor:/opt/ros/jazzy/opt/gz_ogre_next_vendor:/opt/ros/jazzy/opt/gz_dartsim_vendor:/opt/ros/jazzy/opt/gz_cmake_vendor:/home/mario/master_ws/install/estun_description:/opt/ros/jazzy DEBUGINFOD_URLS=https://debuginfod.ubuntu.com LD_LIBRARY_PATH=/home/mario/master_ws/install/moveit_task_constructor_visualization/lib:/home/mario/master_ws/install/moveit_task_constructor_capabilities/lib:/home/mario/master_ws/install/moveit_task_constructor_core/lib:/home/mario/master_ws/install/rviz_marker_tools/lib:/home/mario/master_ws/install/moveit_task_constructor_msgs/lib:/home/mario/master_ws/install/moveit_task_constructor_demo/lib:/opt/ros/jazzy/opt/gz_sim_vendor/lib:/opt/ros/jazzy/opt/gz_sensors_vendor/lib:/opt/ros/jazzy/opt/gz_physics_vendor/lib:/opt/ros/jazzy/opt/sdformat_vendor/lib:/opt/ros/jazzy/opt/rviz_ogre_vendor/lib:/opt/ros/jazzy/lib/x86_64-linux-gnu:/opt/ros/jazzy/opt/gz_gui_vendor/lib:/opt/ros/jazzy/opt/gz_transport_vendor/lib:/opt/ros/jazzy/opt/gz_rendering_vendor/lib:/opt/ros/jazzy/opt/gz_plugin_vendor/lib:/opt/ros/jazzy/opt/gz_fuel_tools_vendor/lib:/opt/ros/jazzy/opt/gz_msgs_vendor/lib:/opt/ros/jazzy/opt/gz_common_vendor/lib:/opt/ros/jazzy/opt/gz_math_vendor/lib:/opt/ros/jazzy/opt/gz_utils_vendor/lib:/opt/ros/jazzy/opt/gz_tools_vendor/lib:/opt/ros/jazzy/opt/gz_ogre_next_vendor/lib:/opt/ros/jazzy/opt/gz_dartsim_vendor/lib:/opt/ros/jazzy/opt/gz_cmake_vendor/lib:/opt/ros/jazzy/lib /usr/bin/cmake --install /home/mario/master_ws/build/moveit_task_constructor_demo
[2.631s] Level 1:colcon.colcon_core.environment:checking '/home/mario/master_ws/install/moveit_task_constructor_demo' for CMake config files
[2.631s] Level 1:colcon.colcon_core.shell:create_environment_hook('moveit_task_constructor_demo', 'cmake_prefix_path')
[2.631s] INFO:colcon.colcon_core.shell:Creating environment hook '/home/mario/master_ws/install/moveit_task_constructor_demo/share/moveit_task_constructor_demo/hook/cmake_prefix_path.ps1'
[2.631s] INFO:colcon.colcon_core.shell:Creating environment descriptor '/home/mario/master_ws/install/moveit_task_constructor_demo/share/moveit_task_constructor_demo/hook/cmake_prefix_path.dsv'
[2.632s] INFO:colcon.colcon_core.shell:Creating environment hook '/home/mario/master_ws/install/moveit_task_constructor_demo/share/moveit_task_constructor_demo/hook/cmake_prefix_path.sh'
[2.632s] Level 1:colcon.colcon_core.environment:checking '/home/mario/master_ws/install/moveit_task_constructor_demo/lib'
[2.632s] Level 1:colcon.colcon_core.shell:create_environment_hook('moveit_task_constructor_demo', 'ld_library_path_lib')
[2.633s] INFO:colcon.colcon_core.shell:Creating environment hook '/home/mario/master_ws/install/moveit_task_constructor_demo/share/moveit_task_constructor_demo/hook/ld_library_path_lib.ps1'
[2.633s] INFO:colcon.colcon_core.shell:Creating environment descriptor '/home/mario/master_ws/install/moveit_task_constructor_demo/share/moveit_task_constructor_demo/hook/ld_library_path_lib.dsv'
[2.633s] INFO:colcon.colcon_core.shell:Creating environment hook '/home/mario/master_ws/install/moveit_task_constructor_demo/share/moveit_task_constructor_demo/hook/ld_library_path_lib.sh'
[2.634s] Level 1:colcon.colcon_core.environment:checking '/home/mario/master_ws/install/moveit_task_constructor_demo/bin'
[2.634s] Level 1:colcon.colcon_core.environment:checking '/home/mario/master_ws/install/moveit_task_constructor_demo/lib/pkgconfig/moveit_task_constructor_demo.pc'
[2.634s] Level 1:colcon.colcon_core.environment:checking '/home/mario/master_ws/install/moveit_task_constructor_demo/lib/python3.12/site-packages'
[2.634s] Level 1:colcon.colcon_core.environment:checking '/home/mario/master_ws/install/moveit_task_constructor_demo/bin'
[2.634s] INFO:colcon.colcon_core.shell:Creating package script '/home/mario/master_ws/install/moveit_task_constructor_demo/share/moveit_task_constructor_demo/package.ps1'
[2.635s] INFO:colcon.colcon_core.shell:Creating package descriptor '/home/mario/master_ws/install/moveit_task_constructor_demo/share/moveit_task_constructor_demo/package.dsv'
[2.635s] INFO:colcon.colcon_core.shell:Creating package script '/home/mario/master_ws/install/moveit_task_constructor_demo/share/moveit_task_constructor_demo/package.sh'
[2.635s] INFO:colcon.colcon_core.shell:Creating package script '/home/mario/master_ws/install/moveit_task_constructor_demo/share/moveit_task_constructor_demo/package.bash'
[2.636s] INFO:colcon.colcon_core.shell:Creating package script '/home/mario/master_ws/install/moveit_task_constructor_demo/share/moveit_task_constructor_demo/package.zsh'
[2.636s] Level 1:colcon.colcon_core.environment:create_file_with_runtime_dependencies(/home/mario/master_ws/install/moveit_task_constructor_demo/share/colcon-core/packages/moveit_task_constructor_demo)
[2.637s] Level 1:colcon.colcon_core.environment:create_environment_scripts_only(moveit_task_constructor_demo)
[2.637s] Level 1:colcon.colcon_core.environment:checking '/home/mario/master_ws/install/moveit_task_constructor_demo' for CMake module files
[2.638s] Level 1:colcon.colcon_core.environment:checking '/home/mario/master_ws/install/moveit_task_constructor_demo' for CMake config files
[2.638s] Level 1:colcon.colcon_core.shell:create_environment_hook('moveit_task_constructor_demo', 'cmake_prefix_path')
[2.638s] INFO:colcon.colcon_core.shell:Creating environment hook '/home/mario/master_ws/install/moveit_task_constructor_demo/share/moveit_task_constructor_demo/hook/cmake_prefix_path.ps1'
[2.638s] INFO:colcon.colcon_core.shell:Creating environment descriptor '/home/mario/master_ws/install/moveit_task_constructor_demo/share/moveit_task_constructor_demo/hook/cmake_prefix_path.dsv'
[2.639s] INFO:colcon.colcon_core.shell:Creating environment hook '/home/mario/master_ws/install/moveit_task_constructor_demo/share/moveit_task_constructor_demo/hook/cmake_prefix_path.sh'
[2.639s] Level 1:colcon.colcon_core.environment:checking '/home/mario/master_ws/install/moveit_task_constructor_demo/lib'
[2.639s] Level 1:colcon.colcon_core.shell:create_environment_hook('moveit_task_constructor_demo', 'ld_library_path_lib')
[2.639s] INFO:colcon.colcon_core.shell:Creating environment hook '/home/mario/master_ws/install/moveit_task_constructor_demo/share/moveit_task_constructor_demo/hook/ld_library_path_lib.ps1'
[2.640s] INFO:colcon.colcon_core.shell:Creating environment descriptor '/home/mario/master_ws/install/moveit_task_constructor_demo/share/moveit_task_constructor_demo/hook/ld_library_path_lib.dsv'
[2.640s] INFO:colcon.colcon_core.shell:Creating environment hook '/home/mario/master_ws/install/moveit_task_constructor_demo/share/moveit_task_constructor_demo/hook/ld_library_path_lib.sh'
[2.641s] Level 1:colcon.colcon_core.environment:checking '/home/mario/master_ws/install/moveit_task_constructor_demo/bin'
[2.641s] Level 1:colcon.colcon_core.environment:checking '/home/mario/master_ws/install/moveit_task_constructor_demo/lib/pkgconfig/moveit_task_constructor_demo.pc'
[2.641s] Level 1:colcon.colcon_core.environment:checking '/home/mario/master_ws/install/moveit_task_constructor_demo/lib/python3.12/site-packages'
[2.641s] Level 1:colcon.colcon_core.environment:checking '/home/mario/master_ws/install/moveit_task_constructor_demo/bin'
[2.641s] INFO:colcon.colcon_core.shell:Creating package script '/home/mario/master_ws/install/moveit_task_constructor_demo/share/moveit_task_constructor_demo/package.ps1'
[2.642s] INFO:colcon.colcon_core.shell:Creating package descriptor '/home/mario/master_ws/install/moveit_task_constructor_demo/share/moveit_task_constructor_demo/package.dsv'
[2.643s] INFO:colcon.colcon_core.shell:Creating package script '/home/mario/master_ws/install/moveit_task_constructor_demo/share/moveit_task_constructor_demo/package.sh'
[2.644s] INFO:colcon.colcon_core.shell:Creating package script '/home/mario/master_ws/install/moveit_task_constructor_demo/share/moveit_task_constructor_demo/package.bash'
[2.644s] INFO:colcon.colcon_core.shell:Creating package script '/home/mario/master_ws/install/moveit_task_constructor_demo/share/moveit_task_constructor_demo/package.zsh'
[2.644s] Level 1:colcon.colcon_core.environment:create_file_with_runtime_dependencies(/home/mario/master_ws/install/moveit_task_constructor_demo/share/colcon-core/packages/moveit_task_constructor_demo)
[24.661s] DEBUG:colcon.colcon_core.event_handler.log_command:Invoked command in '/home/mario/master_ws/build/vision_control' returned '0': CMAKE_PREFIX_PATH=${CMAKE_PREFIX_PATH}:/home/mario/master_ws/install/estun_description:/opt/ros/jazzy DEBUGINFOD_URLS=https://debuginfod.ubuntu.com /usr/bin/cmake --build /home/mario/master_ws/build/vision_control -- -j12 -l12
[24.662s] DEBUG:colcon.colcon_core.event_handler.log_command:Invoking command in '/home/mario/master_ws/build/vision_control': CMAKE_PREFIX_PATH=${CMAKE_PREFIX_PATH}:/home/mario/master_ws/install/estun_description:/opt/ros/jazzy DEBUGINFOD_URLS=https://debuginfod.ubuntu.com /usr/bin/cmake --install /home/mario/master_ws/build/vision_control
[24.685s] Level 1:colcon.colcon_core.environment:create_environment_scripts_only(vision_control)
[24.685s] Level 1:colcon.colcon_core.environment:checking '/home/mario/master_ws/install/vision_control' for CMake module files
[24.685s] DEBUG:colcon.colcon_core.event_handler.log_command:Invoked command in '/home/mario/master_ws/build/vision_control' returned '0': CMAKE_PREFIX_PATH=${CMAKE_PREFIX_PATH}:/home/mario/master_ws/install/estun_description:/opt/ros/jazzy DEBUGINFOD_URLS=https://debuginfod.ubuntu.com /usr/bin/cmake --install /home/mario/master_ws/build/vision_control
[24.686s] Level 1:colcon.colcon_core.environment:checking '/home/mario/master_ws/install/vision_control' for CMake config files
[24.687s] Level 1:colcon.colcon_core.shell:create_environment_hook('vision_control', 'cmake_prefix_path')
[24.687s] INFO:colcon.colcon_core.shell:Creating environment hook '/home/mario/master_ws/install/vision_control/share/vision_control/hook/cmake_prefix_path.ps1'
[24.688s] INFO:colcon.colcon_core.shell:Creating environment descriptor '/home/mario/master_ws/install/vision_control/share/vision_control/hook/cmake_prefix_path.dsv'
[24.688s] INFO:colcon.colcon_core.shell:Creating environment hook '/home/mario/master_ws/install/vision_control/share/vision_control/hook/cmake_prefix_path.sh'
[24.689s] Level 1:colcon.colcon_core.environment:checking '/home/mario/master_ws/install/vision_control/lib'
[24.690s] Level 1:colcon.colcon_core.environment:checking '/home/mario/master_ws/install/vision_control/bin'
[24.690s] Level 1:colcon.colcon_core.environment:checking '/home/mario/master_ws/install/vision_control/lib/pkgconfig/vision_control.pc'
[24.690s] Level 1:colcon.colcon_core.environment:checking '/home/mario/master_ws/install/vision_control/lib/python3.12/site-packages'
[24.691s] Level 1:colcon.colcon_core.environment:checking '/home/mario/master_ws/install/vision_control/bin'
[24.691s] INFO:colcon.colcon_core.shell:Creating package script '/home/mario/master_ws/install/vision_control/share/vision_control/package.ps1'
[24.692s] INFO:colcon.colcon_core.shell:Creating package descriptor '/home/mario/master_ws/install/vision_control/share/vision_control/package.dsv'
[24.693s] INFO:colcon.colcon_core.shell:Creating package script '/home/mario/master_ws/install/vision_control/share/vision_control/package.sh'
[24.694s] INFO:colcon.colcon_core.shell:Creating package script '/home/mario/master_ws/install/vision_control/share/vision_control/package.bash'
[24.694s] INFO:colcon.colcon_core.shell:Creating package script '/home/mario/master_ws/install/vision_control/share/vision_control/package.zsh'
[24.695s] Level 1:colcon.colcon_core.environment:create_file_with_runtime_dependencies(/home/mario/master_ws/install/vision_control/share/colcon-core/packages/vision_control)
[24.695s] Level 1:colcon.colcon_core.environment:create_environment_scripts_only(vision_control)
[24.696s] Level 1:colcon.colcon_core.environment:checking '/home/mario/master_ws/install/vision_control' for CMake module files
[24.696s] Level 1:colcon.colcon_core.environment:checking '/home/mario/master_ws/install/vision_control' for CMake config files
[24.697s] Level 1:colcon.colcon_core.shell:create_environment_hook('vision_control', 'cmake_prefix_path')
[24.697s] INFO:colcon.colcon_core.shell:Creating environment hook '/home/mario/master_ws/install/vision_control/share/vision_control/hook/cmake_prefix_path.ps1'
[24.697s] INFO:colcon.colcon_core.shell:Creating environment descriptor '/home/mario/master_ws/install/vision_control/share/vision_control/hook/cmake_prefix_path.dsv'
[24.698s] INFO:colcon.colcon_core.shell:Creating environment hook '/home/mario/master_ws/install/vision_control/share/vision_control/hook/cmake_prefix_path.sh'
[24.699s] Level 1:colcon.colcon_core.environment:checking '/home/mario/master_ws/install/vision_control/lib'
[24.699s] Level 1:colcon.colcon_core.environment:checking '/home/mario/master_ws/install/vision_control/bin'
[24.699s] Level 1:colcon.colcon_core.environment:checking '/home/mario/master_ws/install/vision_control/lib/pkgconfig/vision_control.pc'
[24.699s] Level 1:colcon.colcon_core.environment:checking '/home/mario/master_ws/install/vision_control/lib/python3.12/site-packages'
[24.700s] Level 1:colcon.colcon_core.environment:checking '/home/mario/master_ws/install/vision_control/bin'
[24.700s] INFO:colcon.colcon_core.shell:Creating package script '/home/mario/master_ws/install/vision_control/share/vision_control/package.ps1'
[24.701s] INFO:colcon.colcon_core.shell:Creating package descriptor '/home/mario/master_ws/install/vision_control/share/vision_control/package.dsv'
[24.702s] INFO:colcon.colcon_core.shell:Creating package script '/home/mario/master_ws/install/vision_control/share/vision_control/package.sh'
[24.703s] INFO:colcon.colcon_core.shell:Creating package script '/home/mario/master_ws/install/vision_control/share/vision_control/package.bash'
[24.703s] INFO:colcon.colcon_core.shell:Creating package script '/home/mario/master_ws/install/vision_control/share/vision_control/package.zsh'
[24.704s] Level 1:colcon.colcon_core.environment:create_file_with_runtime_dependencies(/home/mario/master_ws/install/vision_control/share/colcon-core/packages/vision_control)
[24.704s] DEBUG:colcon.colcon_parallel_executor.executor.parallel:closing loop
[24.705s] DEBUG:colcon.colcon_parallel_executor.executor.parallel:loop closed
[24.705s] DEBUG:colcon.colcon_parallel_executor.executor.parallel:run_until_complete finished with '0'
[24.705s] DEBUG:colcon.colcon_core.event_reactor:joining thread
[24.711s] INFO:colcon.colcon_core.plugin_system:Skipping extension 'colcon_notification.desktop_notification.terminal_notifier': Not used on non-Darwin systems
[24.711s] INFO:colcon.colcon_core.plugin_system:Skipping extension 'colcon_notification.desktop_notification.win32': Not used on non-Windows systems
[24.711s] INFO:colcon.colcon_notification.desktop_notification:Sending desktop notification using 'notify2'
[24.734s] DEBUG:colcon.colcon_core.event_reactor:joined thread
[24.734s] INFO:colcon.colcon_core.shell:Creating prefix script '/home/mario/master_ws/install/local_setup.ps1'
[24.736s] INFO:colcon.colcon_core.shell:Creating prefix util module '/home/mario/master_ws/install/_local_setup_util_ps1.py'
[24.738s] INFO:colcon.colcon_core.shell:Creating prefix chain script '/home/mario/master_ws/install/setup.ps1'
[24.740s] INFO:colcon.colcon_core.shell:Creating prefix script '/home/mario/master_ws/install/local_setup.sh'
[24.741s] INFO:colcon.colcon_core.shell:Creating prefix util module '/home/mario/master_ws/install/_local_setup_util_sh.py'
[24.741s] INFO:colcon.colcon_core.shell:Creating prefix chain script '/home/mario/master_ws/install/setup.sh'
[24.744s] INFO:colcon.colcon_core.shell:Creating prefix script '/home/mario/master_ws/install/local_setup.bash'
[24.744s] INFO:colcon.colcon_core.shell:Creating prefix chain script '/home/mario/master_ws/install/setup.bash'
[24.746s] INFO:colcon.colcon_core.shell:Creating prefix script '/home/mario/master_ws/install/local_setup.zsh'
[24.747s] INFO:colcon.colcon_core.shell:Creating prefix chain script '/home/mario/master_ws/install/setup.zsh'
