[0.120s] DEBUG:colcon:Command line arguments: ['/usr/bin/colcon', 'build']
[0.120s] DEBUG:colcon:Parsed command line arguments: Namespace(log_base=None, log_level=None, verb_name='build', build_base='build', install_base='install', merge_install=False, symlink_install=False, test_result_base=None, continue_on_error=False, executor='parallel', parallel_workers=12, event_handlers=None, ignore_user_meta=False, metas=['./colcon.meta'], base_paths=['.'], packages_ignore=None, packages_ignore_regex=None, paths=None, packages_up_to=None, packages_up_to_regex=None, packages_above=None, packages_above_and_dependencies=None, packages_above_depth=None, packages_select_by_dep=None, packages_skip_by_dep=None, packages_skip_up_to=None, packages_select_build_failed=False, packages_skip_build_finished=False, packages_select_test_failures=False, packages_skip_test_passed=False, packages_select=None, packages_skip=None, packages_select_regex=None, packages_skip_regex=None, packages_start=None, packages_end=None, allow_overriding=[], cmake_args=None, cmake_target=None, cmake_target_skip_unavailable=False, cmake_clean_cache=False, cmake_clean_first=False, cmake_force_configure=False, ament_cmake_args=None, catkin_cmake_args=None, catkin_skip_building_tests=False, mixin_files=None, mixin=None, verb_parser=<colcon_mixin.mixin.mixin_argument.MixinArgumentDecorator object at 0x72208d1ab620>, verb_extension=<colcon_core.verb.build.BuildVerb object at 0x72208d0cfd40>, main=<bound method BuildVerb.main of <colcon_core.verb.build.BuildVerb object at 0x72208d0cfd40>>, mixin_verb=('build',))
[0.156s] Level 1:colcon.colcon_core.package_discovery:discover_packages(colcon_meta) check parameters
[0.156s] Level 1:colcon.colcon_core.package_discovery:discover_packages(recursive) check parameters
[0.156s] Level 1:colcon.colcon_core.package_discovery:discover_packages(ignore) check parameters
[0.156s] Level 1:colcon.colcon_core.package_discovery:discover_packages(path) check parameters
[0.156s] Level 1:colcon.colcon_core.package_discovery:discover_packages(colcon_meta) discover
[0.156s] Level 1:colcon.colcon_core.package_discovery:discover_packages(recursive) discover
[0.156s] INFO:colcon.colcon_core.package_discovery:Crawling recursively for packages in '/home/mario/master_ws'
[0.156s] Level 1:colcon.colcon_core.package_identification:_identify(.) by extensions ['ignore', 'ignore_ament_install']
[0.156s] Level 1:colcon.colcon_core.package_identification:_identify(.) by extension 'ignore'
[0.156s] Level 1:colcon.colcon_core.package_identification:_identify(.) by extension 'ignore_ament_install'
[0.156s] Level 1:colcon.colcon_core.package_identification:_identify(.) by extensions ['colcon_pkg']
[0.156s] Level 1:colcon.colcon_core.package_identification:_identify(.) by extension 'colcon_pkg'
[0.156s] Level 1:colcon.colcon_core.package_identification:_identify(.) by extensions ['colcon_meta']
[0.157s] Level 1:colcon.colcon_core.package_identification:_identify(.) by extension 'colcon_meta'
[0.157s] Level 1:colcon.colcon_core.package_identification:_identify(.) by extensions ['ros']
[0.157s] Level 1:colcon.colcon_core.package_identification:_identify(.) by extension 'ros'
[0.179s] Level 1:colcon.colcon_core.package_identification:_identify(.) by extensions ['cmake', 'python']
[0.179s] Level 1:colcon.colcon_core.package_identification:_identify(.) by extension 'cmake'
[0.180s] Level 1:colcon.colcon_core.package_identification:_identify(.) by extension 'python'
[0.180s] Level 1:colcon.colcon_core.package_identification:_identify(.) by extensions ['python_setup_py']
[0.180s] Level 1:colcon.colcon_core.package_identification:_identify(.) by extension 'python_setup_py'
[0.180s] Level 1:colcon.colcon_core.package_identification:_identify(build) by extensions ['ignore', 'ignore_ament_install']
[0.180s] Level 1:colcon.colcon_core.package_identification:_identify(build) by extension 'ignore'
[0.180s] Level 1:colcon.colcon_core.package_identification:_identify(build) ignored
[0.180s] Level 1:colcon.colcon_core.package_identification:_identify(install) by extensions ['ignore', 'ignore_ament_install']
[0.180s] Level 1:colcon.colcon_core.package_identification:_identify(install) by extension 'ignore'
[0.180s] Level 1:colcon.colcon_core.package_identification:_identify(install) ignored
[0.180s] Level 1:colcon.colcon_core.package_identification:_identify(log) by extensions ['ignore', 'ignore_ament_install']
[0.180s] Level 1:colcon.colcon_core.package_identification:_identify(log) by extension 'ignore'
[0.181s] Level 1:colcon.colcon_core.package_identification:_identify(log) ignored
[0.181s] Level 1:colcon.colcon_core.package_identification:_identify(src) by extensions ['ignore', 'ignore_ament_install']
[0.181s] Level 1:colcon.colcon_core.package_identification:_identify(src) by extension 'ignore'
[0.181s] Level 1:colcon.colcon_core.package_identification:_identify(src) by extension 'ignore_ament_install'
[0.181s] Level 1:colcon.colcon_core.package_identification:_identify(src) by extensions ['colcon_pkg']
[0.181s] Level 1:colcon.colcon_core.package_identification:_identify(src) by extension 'colcon_pkg'
[0.181s] Level 1:colcon.colcon_core.package_identification:_identify(src) by extensions ['colcon_meta']
[0.181s] Level 1:colcon.colcon_core.package_identification:_identify(src) by extension 'colcon_meta'
[0.181s] Level 1:colcon.colcon_core.package_identification:_identify(src) by extensions ['ros']
[0.181s] Level 1:colcon.colcon_core.package_identification:_identify(src) by extension 'ros'
[0.181s] Level 1:colcon.colcon_core.package_identification:_identify(src) by extensions ['cmake', 'python']
[0.181s] Level 1:colcon.colcon_core.package_identification:_identify(src) by extension 'cmake'
[0.181s] Level 1:colcon.colcon_core.package_identification:_identify(src) by extension 'python'
[0.181s] Level 1:colcon.colcon_core.package_identification:_identify(src) by extensions ['python_setup_py']
[0.181s] Level 1:colcon.colcon_core.package_identification:_identify(src) by extension 'python_setup_py'
[0.181s] Level 1:colcon.colcon_core.package_identification:_identify(src/estun_control) by extensions ['ignore', 'ignore_ament_install']
[0.181s] Level 1:colcon.colcon_core.package_identification:_identify(src/estun_control) by extension 'ignore'
[0.181s] Level 1:colcon.colcon_core.package_identification:_identify(src/estun_control) by extension 'ignore_ament_install'
[0.182s] Level 1:colcon.colcon_core.package_identification:_identify(src/estun_control) by extensions ['colcon_pkg']
[0.182s] Level 1:colcon.colcon_core.package_identification:_identify(src/estun_control) by extension 'colcon_pkg'
[0.182s] Level 1:colcon.colcon_core.package_identification:_identify(src/estun_control) by extensions ['colcon_meta']
[0.182s] Level 1:colcon.colcon_core.package_identification:_identify(src/estun_control) by extension 'colcon_meta'
[0.182s] Level 1:colcon.colcon_core.package_identification:_identify(src/estun_control) by extensions ['ros']
[0.182s] Level 1:colcon.colcon_core.package_identification:_identify(src/estun_control) by extension 'ros'
[0.184s] DEBUG:colcon.colcon_core.package_identification:Package 'src/estun_control' with type 'ros.ament_cmake' and name 'estun_control'
[0.185s] Level 1:colcon.colcon_core.package_identification:_identify(src/estun_description) by extensions ['ignore', 'ignore_ament_install']
[0.185s] Level 1:colcon.colcon_core.package_identification:_identify(src/estun_description) by extension 'ignore'
[0.185s] Level 1:colcon.colcon_core.package_identification:_identify(src/estun_description) by extension 'ignore_ament_install'
[0.185s] Level 1:colcon.colcon_core.package_identification:_identify(src/estun_description) by extensions ['colcon_pkg']
[0.185s] Level 1:colcon.colcon_core.package_identification:_identify(src/estun_description) by extension 'colcon_pkg'
[0.185s] Level 1:colcon.colcon_core.package_identification:_identify(src/estun_description) by extensions ['colcon_meta']
[0.185s] Level 1:colcon.colcon_core.package_identification:_identify(src/estun_description) by extension 'colcon_meta'
[0.185s] Level 1:colcon.colcon_core.package_identification:_identify(src/estun_description) by extensions ['ros']
[0.185s] Level 1:colcon.colcon_core.package_identification:_identify(src/estun_description) by extension 'ros'
[0.186s] DEBUG:colcon.colcon_core.package_identification:Package 'src/estun_description' with type 'ros.ament_python' and name 'estun_description'
[0.186s] Level 1:colcon.colcon_core.package_identification:_identify(src/estun_moveit) by extensions ['ignore', 'ignore_ament_install']
[0.186s] Level 1:colcon.colcon_core.package_identification:_identify(src/estun_moveit) by extension 'ignore'
[0.186s] Level 1:colcon.colcon_core.package_identification:_identify(src/estun_moveit) by extension 'ignore_ament_install'
[0.186s] Level 1:colcon.colcon_core.package_identification:_identify(src/estun_moveit) by extensions ['colcon_pkg']
[0.186s] Level 1:colcon.colcon_core.package_identification:_identify(src/estun_moveit) by extension 'colcon_pkg'
[0.186s] Level 1:colcon.colcon_core.package_identification:_identify(src/estun_moveit) by extensions ['colcon_meta']
[0.186s] Level 1:colcon.colcon_core.package_identification:_identify(src/estun_moveit) by extension 'colcon_meta'
[0.186s] Level 1:colcon.colcon_core.package_identification:_identify(src/estun_moveit) by extensions ['ros']
[0.186s] Level 1:colcon.colcon_core.package_identification:_identify(src/estun_moveit) by extension 'ros'
[0.187s] DEBUG:colcon.colcon_core.package_identification:Package 'src/estun_moveit' with type 'ros.ament_cmake' and name 'estun_moveit'
[0.187s] Level 1:colcon.colcon_core.package_identification:_identify(src/moveit_task_constructor) by extensions ['ignore', 'ignore_ament_install']
[0.187s] Level 1:colcon.colcon_core.package_identification:_identify(src/moveit_task_constructor) by extension 'ignore'
[0.187s] Level 1:colcon.colcon_core.package_identification:_identify(src/moveit_task_constructor) by extension 'ignore_ament_install'
[0.187s] Level 1:colcon.colcon_core.package_identification:_identify(src/moveit_task_constructor) by extensions ['colcon_pkg']
[0.187s] Level 1:colcon.colcon_core.package_identification:_identify(src/moveit_task_constructor) by extension 'colcon_pkg'
[0.187s] Level 1:colcon.colcon_core.package_identification:_identify(src/moveit_task_constructor) by extensions ['colcon_meta']
[0.187s] Level 1:colcon.colcon_core.package_identification:_identify(src/moveit_task_constructor) by extension 'colcon_meta'
[0.187s] Level 1:colcon.colcon_core.package_identification:_identify(src/moveit_task_constructor) by extensions ['ros']
[0.187s] Level 1:colcon.colcon_core.package_identification:_identify(src/moveit_task_constructor) by extension 'ros'
[0.187s] Level 1:colcon.colcon_core.package_identification:_identify(src/moveit_task_constructor) by extensions ['cmake', 'python']
[0.187s] Level 1:colcon.colcon_core.package_identification:_identify(src/moveit_task_constructor) by extension 'cmake'
[0.187s] Level 1:colcon.colcon_core.package_identification:_identify(src/moveit_task_constructor) by extension 'python'
[0.187s] Level 1:colcon.colcon_core.package_identification:_identify(src/moveit_task_constructor) by extensions ['python_setup_py']
[0.187s] Level 1:colcon.colcon_core.package_identification:_identify(src/moveit_task_constructor) by extension 'python_setup_py'
[0.187s] Level 1:colcon.colcon_core.package_identification:_identify(src/moveit_task_constructor/capabilities) by extensions ['ignore', 'ignore_ament_install']
[0.188s] Level 1:colcon.colcon_core.package_identification:_identify(src/moveit_task_constructor/capabilities) by extension 'ignore'
[0.188s] Level 1:colcon.colcon_core.package_identification:_identify(src/moveit_task_constructor/capabilities) by extension 'ignore_ament_install'
[0.188s] Level 1:colcon.colcon_core.package_identification:_identify(src/moveit_task_constructor/capabilities) by extensions ['colcon_pkg']
[0.188s] Level 1:colcon.colcon_core.package_identification:_identify(src/moveit_task_constructor/capabilities) by extension 'colcon_pkg'
[0.188s] Level 1:colcon.colcon_core.package_identification:_identify(src/moveit_task_constructor/capabilities) by extensions ['colcon_meta']
[0.188s] Level 1:colcon.colcon_core.package_identification:_identify(src/moveit_task_constructor/capabilities) by extension 'colcon_meta'
[0.188s] Level 1:colcon.colcon_core.package_identification:_identify(src/moveit_task_constructor/capabilities) by extensions ['ros']
[0.188s] Level 1:colcon.colcon_core.package_identification:_identify(src/moveit_task_constructor/capabilities) by extension 'ros'
[0.189s] DEBUG:colcon.colcon_core.package_identification:Package 'src/moveit_task_constructor/capabilities' with type 'ros.ament_cmake' and name 'moveit_task_constructor_capabilities'
[0.189s] Level 1:colcon.colcon_core.package_identification:_identify(src/moveit_task_constructor/core) by extensions ['ignore', 'ignore_ament_install']
[0.189s] Level 1:colcon.colcon_core.package_identification:_identify(src/moveit_task_constructor/core) by extension 'ignore'
[0.189s] Level 1:colcon.colcon_core.package_identification:_identify(src/moveit_task_constructor/core) by extension 'ignore_ament_install'
[0.189s] Level 1:colcon.colcon_core.package_identification:_identify(src/moveit_task_constructor/core) by extensions ['colcon_pkg']
[0.189s] Level 1:colcon.colcon_core.package_identification:_identify(src/moveit_task_constructor/core) by extension 'colcon_pkg'
[0.189s] Level 1:colcon.colcon_core.package_identification:_identify(src/moveit_task_constructor/core) by extensions ['colcon_meta']
[0.189s] Level 1:colcon.colcon_core.package_identification:_identify(src/moveit_task_constructor/core) by extension 'colcon_meta'
[0.189s] Level 1:colcon.colcon_core.package_identification:_identify(src/moveit_task_constructor/core) by extensions ['ros']
[0.189s] Level 1:colcon.colcon_core.package_identification:_identify(src/moveit_task_constructor/core) by extension 'ros'
[0.190s] DEBUG:colcon.colcon_core.package_identification:Package 'src/moveit_task_constructor/core' with type 'ros.ament_cmake' and name 'moveit_task_constructor_core'
[0.190s] Level 1:colcon.colcon_core.package_identification:_identify(src/moveit_task_constructor/demo) by extensions ['ignore', 'ignore_ament_install']
[0.190s] Level 1:colcon.colcon_core.package_identification:_identify(src/moveit_task_constructor/demo) by extension 'ignore'
[0.190s] Level 1:colcon.colcon_core.package_identification:_identify(src/moveit_task_constructor/demo) by extension 'ignore_ament_install'
[0.190s] Level 1:colcon.colcon_core.package_identification:_identify(src/moveit_task_constructor/demo) by extensions ['colcon_pkg']
[0.190s] Level 1:colcon.colcon_core.package_identification:_identify(src/moveit_task_constructor/demo) by extension 'colcon_pkg'
[0.190s] Level 1:colcon.colcon_core.package_identification:_identify(src/moveit_task_constructor/demo) by extensions ['colcon_meta']
[0.190s] Level 1:colcon.colcon_core.package_identification:_identify(src/moveit_task_constructor/demo) by extension 'colcon_meta'
[0.191s] Level 1:colcon.colcon_core.package_identification:_identify(src/moveit_task_constructor/demo) by extensions ['ros']
[0.191s] Level 1:colcon.colcon_core.package_identification:_identify(src/moveit_task_constructor/demo) by extension 'ros'
[0.191s] DEBUG:colcon.colcon_core.package_identification:Package 'src/moveit_task_constructor/demo' with type 'ros.ament_cmake' and name 'moveit_task_constructor_demo'
[0.191s] Level 1:colcon.colcon_core.package_identification:_identify(src/moveit_task_constructor/msgs) by extensions ['ignore', 'ignore_ament_install']
[0.191s] Level 1:colcon.colcon_core.package_identification:_identify(src/moveit_task_constructor/msgs) by extension 'ignore'
[0.191s] Level 1:colcon.colcon_core.package_identification:_identify(src/moveit_task_constructor/msgs) by extension 'ignore_ament_install'
[0.192s] Level 1:colcon.colcon_core.package_identification:_identify(src/moveit_task_constructor/msgs) by extensions ['colcon_pkg']
[0.192s] Level 1:colcon.colcon_core.package_identification:_identify(src/moveit_task_constructor/msgs) by extension 'colcon_pkg'
[0.192s] Level 1:colcon.colcon_core.package_identification:_identify(src/moveit_task_constructor/msgs) by extensions ['colcon_meta']
[0.192s] Level 1:colcon.colcon_core.package_identification:_identify(src/moveit_task_constructor/msgs) by extension 'colcon_meta'
[0.192s] Level 1:colcon.colcon_core.package_identification:_identify(src/moveit_task_constructor/msgs) by extensions ['ros']
[0.192s] Level 1:colcon.colcon_core.package_identification:_identify(src/moveit_task_constructor/msgs) by extension 'ros'
[0.192s] DEBUG:colcon.colcon_core.package_identification:Package 'src/moveit_task_constructor/msgs' with type 'ros.ament_cmake' and name 'moveit_task_constructor_msgs'
[0.192s] Level 1:colcon.colcon_core.package_identification:_identify(src/moveit_task_constructor/rviz_marker_tools) by extensions ['ignore', 'ignore_ament_install']
[0.192s] Level 1:colcon.colcon_core.package_identification:_identify(src/moveit_task_constructor/rviz_marker_tools) by extension 'ignore'
[0.192s] Level 1:colcon.colcon_core.package_identification:_identify(src/moveit_task_constructor/rviz_marker_tools) by extension 'ignore_ament_install'
[0.192s] Level 1:colcon.colcon_core.package_identification:_identify(src/moveit_task_constructor/rviz_marker_tools) by extensions ['colcon_pkg']
[0.192s] Level 1:colcon.colcon_core.package_identification:_identify(src/moveit_task_constructor/rviz_marker_tools) by extension 'colcon_pkg'
[0.192s] Level 1:colcon.colcon_core.package_identification:_identify(src/moveit_task_constructor/rviz_marker_tools) by extensions ['colcon_meta']
[0.192s] Level 1:colcon.colcon_core.package_identification:_identify(src/moveit_task_constructor/rviz_marker_tools) by extension 'colcon_meta'
[0.193s] Level 1:colcon.colcon_core.package_identification:_identify(src/moveit_task_constructor/rviz_marker_tools) by extensions ['ros']
[0.193s] Level 1:colcon.colcon_core.package_identification:_identify(src/moveit_task_constructor/rviz_marker_tools) by extension 'ros'
[0.193s] DEBUG:colcon.colcon_core.package_identification:Package 'src/moveit_task_constructor/rviz_marker_tools' with type 'ros.ament_cmake' and name 'rviz_marker_tools'
[0.193s] Level 1:colcon.colcon_core.package_identification:_identify(src/moveit_task_constructor/visualization) by extensions ['ignore', 'ignore_ament_install']
[0.193s] Level 1:colcon.colcon_core.package_identification:_identify(src/moveit_task_constructor/visualization) by extension 'ignore'
[0.193s] Level 1:colcon.colcon_core.package_identification:_identify(src/moveit_task_constructor/visualization) by extension 'ignore_ament_install'
[0.193s] Level 1:colcon.colcon_core.package_identification:_identify(src/moveit_task_constructor/visualization) by extensions ['colcon_pkg']
[0.193s] Level 1:colcon.colcon_core.package_identification:_identify(src/moveit_task_constructor/visualization) by extension 'colcon_pkg'
[0.194s] Level 1:colcon.colcon_core.package_identification:_identify(src/moveit_task_constructor/visualization) by extensions ['colcon_meta']
[0.194s] Level 1:colcon.colcon_core.package_identification:_identify(src/moveit_task_constructor/visualization) by extension 'colcon_meta'
[0.194s] Level 1:colcon.colcon_core.package_identification:_identify(src/moveit_task_constructor/visualization) by extensions ['ros']
[0.194s] Level 1:colcon.colcon_core.package_identification:_identify(src/moveit_task_constructor/visualization) by extension 'ros'
[0.194s] DEBUG:colcon.colcon_core.package_identification:Package 'src/moveit_task_constructor/visualization' with type 'ros.ament_cmake' and name 'moveit_task_constructor_visualization'
[0.194s] Level 1:colcon.colcon_core.package_identification:_identify(src/vision_control) by extensions ['ignore', 'ignore_ament_install']
[0.195s] Level 1:colcon.colcon_core.package_identification:_identify(src/vision_control) by extension 'ignore'
[0.195s] Level 1:colcon.colcon_core.package_identification:_identify(src/vision_control) by extension 'ignore_ament_install'
[0.195s] Level 1:colcon.colcon_core.package_identification:_identify(src/vision_control) by extensions ['colcon_pkg']
[0.195s] Level 1:colcon.colcon_core.package_identification:_identify(src/vision_control) by extension 'colcon_pkg'
[0.195s] Level 1:colcon.colcon_core.package_identification:_identify(src/vision_control) by extensions ['colcon_meta']
[0.195s] Level 1:colcon.colcon_core.package_identification:_identify(src/vision_control) by extension 'colcon_meta'
[0.195s] Level 1:colcon.colcon_core.package_identification:_identify(src/vision_control) by extensions ['ros']
[0.195s] Level 1:colcon.colcon_core.package_identification:_identify(src/vision_control) by extension 'ros'
[0.195s] DEBUG:colcon.colcon_core.package_identification:Package 'src/vision_control' with type 'ros.ament_cmake' and name 'vision_control'
[0.195s] Level 1:colcon.colcon_core.package_discovery:discover_packages(recursive) using defaults
[0.195s] Level 1:colcon.colcon_core.package_discovery:discover_packages(ignore) discover
[0.195s] Level 1:colcon.colcon_core.package_discovery:discover_packages(ignore) using defaults
[0.195s] Level 1:colcon.colcon_core.package_discovery:discover_packages(path) discover
[0.195s] Level 1:colcon.colcon_core.package_discovery:discover_packages(path) using defaults
[0.216s] Level 1:colcon.colcon_core.package_discovery:discover_packages(prefix_path) check parameters
[0.216s] Level 1:colcon.colcon_core.package_discovery:discover_packages(prefix_path) discover
[0.218s] DEBUG:colcon.colcon_installed_package_information.package_discovery:Found 10 installed packages in /home/mario/master_ws/install
[0.220s] DEBUG:colcon.colcon_installed_package_information.package_discovery:Found 542 installed packages in /opt/ros/jazzy
[0.222s] Level 1:colcon.colcon_core.package_discovery:discover_packages(prefix_path) using defaults
[0.306s] Level 5:colcon.colcon_core.verb:set package 'estun_description' build argument 'cmake_args' from command line to 'None'
[0.306s] Level 5:colcon.colcon_core.verb:set package 'estun_description' build argument 'cmake_target' from command line to 'None'
[0.306s] Level 5:colcon.colcon_core.verb:set package 'estun_description' build argument 'cmake_target_skip_unavailable' from command line to 'False'
[0.306s] Level 5:colcon.colcon_core.verb:set package 'estun_description' build argument 'cmake_clean_cache' from command line to 'False'
[0.306s] Level 5:colcon.colcon_core.verb:set package 'estun_description' build argument 'cmake_clean_first' from command line to 'False'
[0.306s] Level 5:colcon.colcon_core.verb:set package 'estun_description' build argument 'cmake_force_configure' from command line to 'False'
[0.306s] Level 5:colcon.colcon_core.verb:set package 'estun_description' build argument 'ament_cmake_args' from command line to 'None'
[0.306s] Level 5:colcon.colcon_core.verb:set package 'estun_description' build argument 'catkin_cmake_args' from command line to 'None'
[0.306s] Level 5:colcon.colcon_core.verb:set package 'estun_description' build argument 'catkin_skip_building_tests' from command line to 'False'
[0.306s] DEBUG:colcon.colcon_core.verb:Building package 'estun_description' with the following arguments: {'ament_cmake_args': None, 'build_base': '/home/mario/master_ws/build/estun_description', 'catkin_cmake_args': None, 'catkin_skip_building_tests': False, 'cmake_args': None, 'cmake_clean_cache': False, 'cmake_clean_first': False, 'cmake_force_configure': False, 'cmake_target': None, 'cmake_target_skip_unavailable': False, 'install_base': '/home/mario/master_ws/install/estun_description', 'merge_install': False, 'path': '/home/mario/master_ws/src/estun_description', 'symlink_install': False, 'test_result_base': None}
[0.306s] Level 5:colcon.colcon_core.verb:set package 'moveit_task_constructor_msgs' build argument 'cmake_args' from command line to 'None'
[0.306s] Level 5:colcon.colcon_core.verb:set package 'moveit_task_constructor_msgs' build argument 'cmake_target' from command line to 'None'
[0.306s] Level 5:colcon.colcon_core.verb:set package 'moveit_task_constructor_msgs' build argument 'cmake_target_skip_unavailable' from command line to 'False'
[0.306s] Level 5:colcon.colcon_core.verb:set package 'moveit_task_constructor_msgs' build argument 'cmake_clean_cache' from command line to 'False'
[0.306s] Level 5:colcon.colcon_core.verb:set package 'moveit_task_constructor_msgs' build argument 'cmake_clean_first' from command line to 'False'
[0.306s] Level 5:colcon.colcon_core.verb:set package 'moveit_task_constructor_msgs' build argument 'cmake_force_configure' from command line to 'False'
[0.306s] Level 5:colcon.colcon_core.verb:set package 'moveit_task_constructor_msgs' build argument 'ament_cmake_args' from command line to 'None'
[0.306s] Level 5:colcon.colcon_core.verb:set package 'moveit_task_constructor_msgs' build argument 'catkin_cmake_args' from command line to 'None'
[0.306s] Level 5:colcon.colcon_core.verb:set package 'moveit_task_constructor_msgs' build argument 'catkin_skip_building_tests' from command line to 'False'
[0.307s] DEBUG:colcon.colcon_core.verb:Building package 'moveit_task_constructor_msgs' with the following arguments: {'ament_cmake_args': None, 'build_base': '/home/mario/master_ws/build/moveit_task_constructor_msgs', 'catkin_cmake_args': None, 'catkin_skip_building_tests': False, 'cmake_args': None, 'cmake_clean_cache': False, 'cmake_clean_first': False, 'cmake_force_configure': False, 'cmake_target': None, 'cmake_target_skip_unavailable': False, 'install_base': '/home/mario/master_ws/install/moveit_task_constructor_msgs', 'merge_install': False, 'path': '/home/mario/master_ws/src/moveit_task_constructor/msgs', 'symlink_install': False, 'test_result_base': None}
[0.307s] Level 5:colcon.colcon_core.verb:set package 'rviz_marker_tools' build argument 'cmake_args' from command line to 'None'
[0.307s] Level 5:colcon.colcon_core.verb:set package 'rviz_marker_tools' build argument 'cmake_target' from command line to 'None'
[0.307s] Level 5:colcon.colcon_core.verb:set package 'rviz_marker_tools' build argument 'cmake_target_skip_unavailable' from command line to 'False'
[0.307s] Level 5:colcon.colcon_core.verb:set package 'rviz_marker_tools' build argument 'cmake_clean_cache' from command line to 'False'
[0.307s] Level 5:colcon.colcon_core.verb:set package 'rviz_marker_tools' build argument 'cmake_clean_first' from command line to 'False'
[0.307s] Level 5:colcon.colcon_core.verb:set package 'rviz_marker_tools' build argument 'cmake_force_configure' from command line to 'False'
[0.307s] Level 5:colcon.colcon_core.verb:set package 'rviz_marker_tools' build argument 'ament_cmake_args' from command line to 'None'
[0.307s] Level 5:colcon.colcon_core.verb:set package 'rviz_marker_tools' build argument 'catkin_cmake_args' from command line to 'None'
[0.307s] Level 5:colcon.colcon_core.verb:set package 'rviz_marker_tools' build argument 'catkin_skip_building_tests' from command line to 'False'
[0.307s] DEBUG:colcon.colcon_core.verb:Building package 'rviz_marker_tools' with the following arguments: {'ament_cmake_args': None, 'build_base': '/home/mario/master_ws/build/rviz_marker_tools', 'catkin_cmake_args': None, 'catkin_skip_building_tests': False, 'cmake_args': None, 'cmake_clean_cache': False, 'cmake_clean_first': False, 'cmake_force_configure': False, 'cmake_target': None, 'cmake_target_skip_unavailable': False, 'install_base': '/home/mario/master_ws/install/rviz_marker_tools', 'merge_install': False, 'path': '/home/mario/master_ws/src/moveit_task_constructor/rviz_marker_tools', 'symlink_install': False, 'test_result_base': None}
[0.307s] Level 5:colcon.colcon_core.verb:set package 'vision_control' build argument 'cmake_args' from command line to 'None'
[0.307s] Level 5:colcon.colcon_core.verb:set package 'vision_control' build argument 'cmake_target' from command line to 'None'
[0.307s] Level 5:colcon.colcon_core.verb:set package 'vision_control' build argument 'cmake_target_skip_unavailable' from command line to 'False'
[0.307s] Level 5:colcon.colcon_core.verb:set package 'vision_control' build argument 'cmake_clean_cache' from command line to 'False'
[0.307s] Level 5:colcon.colcon_core.verb:set package 'vision_control' build argument 'cmake_clean_first' from command line to 'False'
[0.307s] Level 5:colcon.colcon_core.verb:set package 'vision_control' build argument 'cmake_force_configure' from command line to 'False'
[0.307s] Level 5:colcon.colcon_core.verb:set package 'vision_control' build argument 'ament_cmake_args' from command line to 'None'
[0.307s] Level 5:colcon.colcon_core.verb:set package 'vision_control' build argument 'catkin_cmake_args' from command line to 'None'
[0.307s] Level 5:colcon.colcon_core.verb:set package 'vision_control' build argument 'catkin_skip_building_tests' from command line to 'False'
[0.307s] DEBUG:colcon.colcon_core.verb:Building package 'vision_control' with the following arguments: {'ament_cmake_args': None, 'build_base': '/home/mario/master_ws/build/vision_control', 'catkin_cmake_args': None, 'catkin_skip_building_tests': False, 'cmake_args': None, 'cmake_clean_cache': False, 'cmake_clean_first': False, 'cmake_force_configure': False, 'cmake_target': None, 'cmake_target_skip_unavailable': False, 'install_base': '/home/mario/master_ws/install/vision_control', 'merge_install': False, 'path': '/home/mario/master_ws/src/vision_control', 'symlink_install': False, 'test_result_base': None}
[0.308s] Level 5:colcon.colcon_core.verb:set package 'estun_moveit' build argument 'cmake_args' from command line to 'None'
[0.308s] Level 5:colcon.colcon_core.verb:set package 'estun_moveit' build argument 'cmake_target' from command line to 'None'
[0.308s] Level 5:colcon.colcon_core.verb:set package 'estun_moveit' build argument 'cmake_target_skip_unavailable' from command line to 'False'
[0.308s] Level 5:colcon.colcon_core.verb:set package 'estun_moveit' build argument 'cmake_clean_cache' from command line to 'False'
[0.308s] Level 5:colcon.colcon_core.verb:set package 'estun_moveit' build argument 'cmake_clean_first' from command line to 'False'
[0.308s] Level 5:colcon.colcon_core.verb:set package 'estun_moveit' build argument 'cmake_force_configure' from command line to 'False'
[0.308s] Level 5:colcon.colcon_core.verb:set package 'estun_moveit' build argument 'ament_cmake_args' from command line to 'None'
[0.308s] Level 5:colcon.colcon_core.verb:set package 'estun_moveit' build argument 'catkin_cmake_args' from command line to 'None'
[0.308s] Level 5:colcon.colcon_core.verb:set package 'estun_moveit' build argument 'catkin_skip_building_tests' from command line to 'False'
[0.308s] DEBUG:colcon.colcon_core.verb:Building package 'estun_moveit' with the following arguments: {'ament_cmake_args': None, 'build_base': '/home/mario/master_ws/build/estun_moveit', 'catkin_cmake_args': None, 'catkin_skip_building_tests': False, 'cmake_args': None, 'cmake_clean_cache': False, 'cmake_clean_first': False, 'cmake_force_configure': False, 'cmake_target': None, 'cmake_target_skip_unavailable': False, 'install_base': '/home/mario/master_ws/install/estun_moveit', 'merge_install': False, 'path': '/home/mario/master_ws/src/estun_moveit', 'symlink_install': False, 'test_result_base': None}
[0.308s] Level 5:colcon.colcon_core.verb:set package 'moveit_task_constructor_core' build argument 'cmake_args' from command line to 'None'
[0.308s] Level 5:colcon.colcon_core.verb:set package 'moveit_task_constructor_core' build argument 'cmake_target' from command line to 'None'
[0.308s] Level 5:colcon.colcon_core.verb:set package 'moveit_task_constructor_core' build argument 'cmake_target_skip_unavailable' from command line to 'False'
[0.308s] Level 5:colcon.colcon_core.verb:set package 'moveit_task_constructor_core' build argument 'cmake_clean_cache' from command line to 'False'
[0.308s] Level 5:colcon.colcon_core.verb:set package 'moveit_task_constructor_core' build argument 'cmake_clean_first' from command line to 'False'
[0.308s] Level 5:colcon.colcon_core.verb:set package 'moveit_task_constructor_core' build argument 'cmake_force_configure' from command line to 'False'
[0.308s] Level 5:colcon.colcon_core.verb:set package 'moveit_task_constructor_core' build argument 'ament_cmake_args' from command line to 'None'
[0.308s] Level 5:colcon.colcon_core.verb:set package 'moveit_task_constructor_core' build argument 'catkin_cmake_args' from command line to 'None'
[0.308s] Level 5:colcon.colcon_core.verb:set package 'moveit_task_constructor_core' build argument 'catkin_skip_building_tests' from command line to 'False'
[0.308s] DEBUG:colcon.colcon_core.verb:Building package 'moveit_task_constructor_core' with the following arguments: {'ament_cmake_args': None, 'build_base': '/home/mario/master_ws/build/moveit_task_constructor_core', 'catkin_cmake_args': None, 'catkin_skip_building_tests': False, 'cmake_args': None, 'cmake_clean_cache': False, 'cmake_clean_first': False, 'cmake_force_configure': False, 'cmake_target': None, 'cmake_target_skip_unavailable': False, 'install_base': '/home/mario/master_ws/install/moveit_task_constructor_core', 'merge_install': False, 'path': '/home/mario/master_ws/src/moveit_task_constructor/core', 'symlink_install': False, 'test_result_base': None}
[0.308s] Level 5:colcon.colcon_core.verb:set package 'estun_control' build argument 'cmake_args' from command line to 'None'
[0.308s] Level 5:colcon.colcon_core.verb:set package 'estun_control' build argument 'cmake_target' from command line to 'None'
[0.308s] Level 5:colcon.colcon_core.verb:set package 'estun_control' build argument 'cmake_target_skip_unavailable' from command line to 'False'
[0.308s] Level 5:colcon.colcon_core.verb:set package 'estun_control' build argument 'cmake_clean_cache' from command line to 'False'
[0.308s] Level 5:colcon.colcon_core.verb:set package 'estun_control' build argument 'cmake_clean_first' from command line to 'False'
[0.308s] Level 5:colcon.colcon_core.verb:set package 'estun_control' build argument 'cmake_force_configure' from command line to 'False'
[0.308s] Level 5:colcon.colcon_core.verb:set package 'estun_control' build argument 'ament_cmake_args' from command line to 'None'
[0.309s] Level 5:colcon.colcon_core.verb:set package 'estun_control' build argument 'catkin_cmake_args' from command line to 'None'
[0.309s] Level 5:colcon.colcon_core.verb:set package 'estun_control' build argument 'catkin_skip_building_tests' from command line to 'False'
[0.309s] DEBUG:colcon.colcon_core.verb:Building package 'estun_control' with the following arguments: {'ament_cmake_args': None, 'build_base': '/home/mario/master_ws/build/estun_control', 'catkin_cmake_args': None, 'catkin_skip_building_tests': False, 'cmake_args': None, 'cmake_clean_cache': False, 'cmake_clean_first': False, 'cmake_force_configure': False, 'cmake_target': None, 'cmake_target_skip_unavailable': False, 'install_base': '/home/mario/master_ws/install/estun_control', 'merge_install': False, 'path': '/home/mario/master_ws/src/estun_control', 'symlink_install': False, 'test_result_base': None}
[0.309s] Level 5:colcon.colcon_core.verb:set package 'moveit_task_constructor_capabilities' build argument 'cmake_args' from command line to 'None'
[0.309s] Level 5:colcon.colcon_core.verb:set package 'moveit_task_constructor_capabilities' build argument 'cmake_target' from command line to 'None'
[0.309s] Level 5:colcon.colcon_core.verb:set package 'moveit_task_constructor_capabilities' build argument 'cmake_target_skip_unavailable' from command line to 'False'
[0.309s] Level 5:colcon.colcon_core.verb:set package 'moveit_task_constructor_capabilities' build argument 'cmake_clean_cache' from command line to 'False'
[0.309s] Level 5:colcon.colcon_core.verb:set package 'moveit_task_constructor_capabilities' build argument 'cmake_clean_first' from command line to 'False'
[0.309s] Level 5:colcon.colcon_core.verb:set package 'moveit_task_constructor_capabilities' build argument 'cmake_force_configure' from command line to 'False'
[0.309s] Level 5:colcon.colcon_core.verb:set package 'moveit_task_constructor_capabilities' build argument 'ament_cmake_args' from command line to 'None'
[0.309s] Level 5:colcon.colcon_core.verb:set package 'moveit_task_constructor_capabilities' build argument 'catkin_cmake_args' from command line to 'None'
[0.309s] Level 5:colcon.colcon_core.verb:set package 'moveit_task_constructor_capabilities' build argument 'catkin_skip_building_tests' from command line to 'False'
[0.309s] DEBUG:colcon.colcon_core.verb:Building package 'moveit_task_constructor_capabilities' with the following arguments: {'ament_cmake_args': None, 'build_base': '/home/mario/master_ws/build/moveit_task_constructor_capabilities', 'catkin_cmake_args': None, 'catkin_skip_building_tests': False, 'cmake_args': None, 'cmake_clean_cache': False, 'cmake_clean_first': False, 'cmake_force_configure': False, 'cmake_target': None, 'cmake_target_skip_unavailable': False, 'install_base': '/home/mario/master_ws/install/moveit_task_constructor_capabilities', 'merge_install': False, 'path': '/home/mario/master_ws/src/moveit_task_constructor/capabilities', 'symlink_install': False, 'test_result_base': None}
[0.309s] Level 5:colcon.colcon_core.verb:set package 'moveit_task_constructor_visualization' build argument 'cmake_args' from command line to 'None'
[0.309s] Level 5:colcon.colcon_core.verb:set package 'moveit_task_constructor_visualization' build argument 'cmake_target' from command line to 'None'
[0.309s] Level 5:colcon.colcon_core.verb:set package 'moveit_task_constructor_visualization' build argument 'cmake_target_skip_unavailable' from command line to 'False'
[0.309s] Level 5:colcon.colcon_core.verb:set package 'moveit_task_constructor_visualization' build argument 'cmake_clean_cache' from command line to 'False'
[0.309s] Level 5:colcon.colcon_core.verb:set package 'moveit_task_constructor_visualization' build argument 'cmake_clean_first' from command line to 'False'
[0.309s] Level 5:colcon.colcon_core.verb:set package 'moveit_task_constructor_visualization' build argument 'cmake_force_configure' from command line to 'False'
[0.309s] Level 5:colcon.colcon_core.verb:set package 'moveit_task_constructor_visualization' build argument 'ament_cmake_args' from command line to 'None'
[0.309s] Level 5:colcon.colcon_core.verb:set package 'moveit_task_constructor_visualization' build argument 'catkin_cmake_args' from command line to 'None'
[0.309s] Level 5:colcon.colcon_core.verb:set package 'moveit_task_constructor_visualization' build argument 'catkin_skip_building_tests' from command line to 'False'
[0.310s] DEBUG:colcon.colcon_core.verb:Building package 'moveit_task_constructor_visualization' with the following arguments: {'ament_cmake_args': None, 'build_base': '/home/mario/master_ws/build/moveit_task_constructor_visualization', 'catkin_cmake_args': None, 'catkin_skip_building_tests': False, 'cmake_args': None, 'cmake_clean_cache': False, 'cmake_clean_first': False, 'cmake_force_configure': False, 'cmake_target': None, 'cmake_target_skip_unavailable': False, 'install_base': '/home/mario/master_ws/install/moveit_task_constructor_visualization', 'merge_install': False, 'path': '/home/mario/master_ws/src/moveit_task_constructor/visualization', 'symlink_install': False, 'test_result_base': None}
[0.310s] Level 5:colcon.colcon_core.verb:set package 'moveit_task_constructor_demo' build argument 'cmake_args' from command line to 'None'
[0.310s] Level 5:colcon.colcon_core.verb:set package 'moveit_task_constructor_demo' build argument 'cmake_target' from command line to 'None'
[0.310s] Level 5:colcon.colcon_core.verb:set package 'moveit_task_constructor_demo' build argument 'cmake_target_skip_unavailable' from command line to 'False'
[0.310s] Level 5:colcon.colcon_core.verb:set package 'moveit_task_constructor_demo' build argument 'cmake_clean_cache' from command line to 'False'
[0.310s] Level 5:colcon.colcon_core.verb:set package 'moveit_task_constructor_demo' build argument 'cmake_clean_first' from command line to 'False'
[0.310s] Level 5:colcon.colcon_core.verb:set package 'moveit_task_constructor_demo' build argument 'cmake_force_configure' from command line to 'False'
[0.310s] Level 5:colcon.colcon_core.verb:set package 'moveit_task_constructor_demo' build argument 'ament_cmake_args' from command line to 'None'
[0.310s] Level 5:colcon.colcon_core.verb:set package 'moveit_task_constructor_demo' build argument 'catkin_cmake_args' from command line to 'None'
[0.310s] Level 5:colcon.colcon_core.verb:set package 'moveit_task_constructor_demo' build argument 'catkin_skip_building_tests' from command line to 'False'
[0.310s] DEBUG:colcon.colcon_core.verb:Building package 'moveit_task_constructor_demo' with the following arguments: {'ament_cmake_args': None, 'build_base': '/home/mario/master_ws/build/moveit_task_constructor_demo', 'catkin_cmake_args': None, 'catkin_skip_building_tests': False, 'cmake_args': None, 'cmake_clean_cache': False, 'cmake_clean_first': False, 'cmake_force_configure': False, 'cmake_target': None, 'cmake_target_skip_unavailable': False, 'install_base': '/home/mario/master_ws/install/moveit_task_constructor_demo', 'merge_install': False, 'path': '/home/mario/master_ws/src/moveit_task_constructor/demo', 'symlink_install': False, 'test_result_base': None}
[0.310s] INFO:colcon.colcon_core.executor:Executing jobs using 'parallel' executor
[0.311s] DEBUG:colcon.colcon_parallel_executor.executor.parallel:run_until_complete
[0.311s] INFO:colcon.colcon_ros.task.ament_cmake.build:Building ROS package in '/home/mario/master_ws/src/moveit_task_constructor/msgs' with build type 'ament_cmake'
[0.311s] INFO:colcon.colcon_cmake.task.cmake.build:Building CMake package in '/home/mario/master_ws/src/moveit_task_constructor/msgs'
[0.313s] INFO:colcon.colcon_core.plugin_system:Skipping extension 'colcon_core.shell.bat': Not used on non-Windows systems
[0.313s] INFO:colcon.colcon_core.shell:Skip shell extension 'powershell' for command environment: Not usable outside of PowerShell
[0.313s] DEBUG:colcon.colcon_core.shell:Skip shell extension 'dsv' for command environment
[0.318s] INFO:colcon.colcon_ros.task.ament_cmake.build:Building ROS package in '/home/mario/master_ws/src/moveit_task_constructor/rviz_marker_tools' with build type 'ament_cmake'
[0.318s] INFO:colcon.colcon_cmake.task.cmake.build:Building CMake package in '/home/mario/master_ws/src/moveit_task_constructor/rviz_marker_tools'
[0.319s] INFO:colcon.colcon_core.shell:Skip shell extension 'powershell' for command environment: Not usable outside of PowerShell
[0.319s] DEBUG:colcon.colcon_core.shell:Skip shell extension 'dsv' for command environment
[0.323s] INFO:colcon.colcon_ros.task.ament_python.build:Building ROS package in '/home/mario/master_ws/src/estun_description' with build type 'ament_python'
[0.323s] Level 1:colcon.colcon_core.shell:create_environment_hook('estun_description', 'ament_prefix_path')
[0.323s] INFO:colcon.colcon_core.shell:Creating environment hook '/home/mario/master_ws/install/estun_description/share/estun_description/hook/ament_prefix_path.ps1'
[0.324s] INFO:colcon.colcon_core.shell:Creating environment descriptor '/home/mario/master_ws/install/estun_description/share/estun_description/hook/ament_prefix_path.dsv'
[0.325s] INFO:colcon.colcon_core.shell:Creating environment hook '/home/mario/master_ws/install/estun_description/share/estun_description/hook/ament_prefix_path.sh'
[0.326s] INFO:colcon.colcon_core.shell:Skip shell extension 'powershell' for command environment: Not usable outside of PowerShell
[0.326s] DEBUG:colcon.colcon_core.shell:Skip shell extension 'dsv' for command environment
[0.330s] INFO:colcon.colcon_ros.task.ament_cmake.build:Building ROS package in '/home/mario/master_ws/src/vision_control' with build type 'ament_cmake'
[0.330s] INFO:colcon.colcon_cmake.task.cmake.build:Building CMake package in '/home/mario/master_ws/src/vision_control'
[0.330s] INFO:colcon.colcon_core.shell:Skip shell extension 'powershell' for command environment: Not usable outside of PowerShell
[0.330s] DEBUG:colcon.colcon_core.shell:Skip shell extension 'dsv' for command environment
[0.339s] DEBUG:colcon.colcon_core.event_handler.log_command:Invoking command in '/home/mario/master_ws/build/moveit_task_constructor_msgs': CMAKE_PREFIX_PATH=${CMAKE_PREFIX_PATH}:/home/mario/master_ws/install/estun_description:/opt/ros/jazzy DEBUGINFOD_URLS=https://debuginfod.ubuntu.com /usr/bin/cmake --build /home/mario/master_ws/build/moveit_task_constructor_msgs -- -j12 -l12
[0.342s] DEBUG:colcon.colcon_core.event_handler.log_command:Invoking command in '/home/mario/master_ws/build/rviz_marker_tools': CMAKE_PREFIX_PATH=${CMAKE_PREFIX_PATH}:/home/mario/master_ws/install/estun_description:/opt/ros/jazzy DEBUGINFOD_URLS=https://debuginfod.ubuntu.com /usr/bin/cmake --build /home/mario/master_ws/build/rviz_marker_tools -- -j12 -l12
[0.632s] INFO:colcon.colcon_core.task.python.build:Building Python package in '/home/mario/master_ws/src/estun_description'
[0.632s] INFO:colcon.colcon_core.shell:Skip shell extension 'powershell' for command environment: Not usable outside of PowerShell
[0.632s] DEBUG:colcon.colcon_core.shell:Skip shell extension 'dsv' for command environment
[0.645s] DEBUG:colcon.colcon_core.event_handler.log_command:Invoking command in '/home/mario/master_ws/build/vision_control': CMAKE_PREFIX_PATH=${CMAKE_PREFIX_PATH}:/home/mario/master_ws/install/estun_description:/opt/ros/jazzy DEBUGINFOD_URLS=https://debuginfod.ubuntu.com /usr/bin/cmake --build /home/mario/master_ws/build/vision_control -- -j12 -l12
[0.645s] DEBUG:colcon.colcon_core.event_handler.log_command:Invoked command in '/home/mario/master_ws/build/rviz_marker_tools' returned '0': CMAKE_PREFIX_PATH=${CMAKE_PREFIX_PATH}:/home/mario/master_ws/install/estun_description:/opt/ros/jazzy DEBUGINFOD_URLS=https://debuginfod.ubuntu.com /usr/bin/cmake --build /home/mario/master_ws/build/rviz_marker_tools -- -j12 -l12
[0.656s] DEBUG:colcon.colcon_core.event_handler.log_command:Invoking command in '/home/mario/master_ws/build/rviz_marker_tools': CMAKE_PREFIX_PATH=${CMAKE_PREFIX_PATH}:/home/mario/master_ws/install/estun_description:/opt/ros/jazzy DEBUGINFOD_URLS=https://debuginfod.ubuntu.com /usr/bin/cmake --install /home/mario/master_ws/build/rviz_marker_tools
[0.670s] Level 1:colcon.colcon_core.environment:create_environment_scripts_only(rviz_marker_tools)
[0.671s] DEBUG:colcon.colcon_core.event_handler.log_command:Invoked command in '/home/mario/master_ws/build/rviz_marker_tools' returned '0': CMAKE_PREFIX_PATH=${CMAKE_PREFIX_PATH}:/home/mario/master_ws/install/estun_description:/opt/ros/jazzy DEBUGINFOD_URLS=https://debuginfod.ubuntu.com /usr/bin/cmake --install /home/mario/master_ws/build/rviz_marker_tools
[0.673s] Level 1:colcon.colcon_core.environment:checking '/home/mario/master_ws/install/rviz_marker_tools' for CMake module files
[0.673s] Level 1:colcon.colcon_core.environment:checking '/home/mario/master_ws/install/rviz_marker_tools' for CMake config files
[0.673s] Level 1:colcon.colcon_core.shell:create_environment_hook('rviz_marker_tools', 'cmake_prefix_path')
[0.673s] INFO:colcon.colcon_core.shell:Creating environment hook '/home/mario/master_ws/install/rviz_marker_tools/share/rviz_marker_tools/hook/cmake_prefix_path.ps1'
[0.674s] INFO:colcon.colcon_core.shell:Creating environment descriptor '/home/mario/master_ws/install/rviz_marker_tools/share/rviz_marker_tools/hook/cmake_prefix_path.dsv'
[0.674s] INFO:colcon.colcon_core.shell:Creating environment hook '/home/mario/master_ws/install/rviz_marker_tools/share/rviz_marker_tools/hook/cmake_prefix_path.sh'
[0.675s] Level 1:colcon.colcon_core.environment:checking '/home/mario/master_ws/install/rviz_marker_tools/lib'
[0.675s] Level 1:colcon.colcon_core.shell:create_environment_hook('rviz_marker_tools', 'ld_library_path_lib')
[0.675s] INFO:colcon.colcon_core.shell:Creating environment hook '/home/mario/master_ws/install/rviz_marker_tools/share/rviz_marker_tools/hook/ld_library_path_lib.ps1'
[0.675s] INFO:colcon.colcon_core.shell:Creating environment descriptor '/home/mario/master_ws/install/rviz_marker_tools/share/rviz_marker_tools/hook/ld_library_path_lib.dsv'
[0.676s] INFO:colcon.colcon_core.shell:Creating environment hook '/home/mario/master_ws/install/rviz_marker_tools/share/rviz_marker_tools/hook/ld_library_path_lib.sh'
[0.676s] Level 1:colcon.colcon_core.environment:checking '/home/mario/master_ws/install/rviz_marker_tools/bin'
[0.676s] Level 1:colcon.colcon_core.environment:checking '/home/mario/master_ws/install/rviz_marker_tools/lib/pkgconfig/rviz_marker_tools.pc'
[0.676s] Level 1:colcon.colcon_core.environment:checking '/home/mario/master_ws/install/rviz_marker_tools/lib/python3.12/site-packages'
[0.677s] Level 1:colcon.colcon_core.environment:checking '/home/mario/master_ws/install/rviz_marker_tools/bin'
[0.677s] INFO:colcon.colcon_core.shell:Creating package script '/home/mario/master_ws/install/rviz_marker_tools/share/rviz_marker_tools/package.ps1'
[0.678s] INFO:colcon.colcon_core.shell:Creating package descriptor '/home/mario/master_ws/install/rviz_marker_tools/share/rviz_marker_tools/package.dsv'
[0.678s] INFO:colcon.colcon_core.shell:Creating package script '/home/mario/master_ws/install/rviz_marker_tools/share/rviz_marker_tools/package.sh'
[0.679s] INFO:colcon.colcon_core.shell:Creating package script '/home/mario/master_ws/install/rviz_marker_tools/share/rviz_marker_tools/package.bash'
[0.679s] INFO:colcon.colcon_core.shell:Creating package script '/home/mario/master_ws/install/rviz_marker_tools/share/rviz_marker_tools/package.zsh'
[0.679s] Level 1:colcon.colcon_core.environment:create_file_with_runtime_dependencies(/home/mario/master_ws/install/rviz_marker_tools/share/colcon-core/packages/rviz_marker_tools)
[0.680s] Level 1:colcon.colcon_core.environment:create_environment_scripts_only(rviz_marker_tools)
[0.680s] Level 1:colcon.colcon_core.environment:checking '/home/mario/master_ws/install/rviz_marker_tools' for CMake module files
[0.680s] Level 1:colcon.colcon_core.environment:checking '/home/mario/master_ws/install/rviz_marker_tools' for CMake config files
[0.681s] Level 1:colcon.colcon_core.shell:create_environment_hook('rviz_marker_tools', 'cmake_prefix_path')
[0.681s] INFO:colcon.colcon_core.shell:Creating environment hook '/home/mario/master_ws/install/rviz_marker_tools/share/rviz_marker_tools/hook/cmake_prefix_path.ps1'
[0.681s] INFO:colcon.colcon_core.shell:Creating environment descriptor '/home/mario/master_ws/install/rviz_marker_tools/share/rviz_marker_tools/hook/cmake_prefix_path.dsv'
[0.681s] INFO:colcon.colcon_core.shell:Creating environment hook '/home/mario/master_ws/install/rviz_marker_tools/share/rviz_marker_tools/hook/cmake_prefix_path.sh'
[0.682s] Level 1:colcon.colcon_core.environment:checking '/home/mario/master_ws/install/rviz_marker_tools/lib'
[0.682s] Level 1:colcon.colcon_core.shell:create_environment_hook('rviz_marker_tools', 'ld_library_path_lib')
[0.682s] INFO:colcon.colcon_core.shell:Creating environment hook '/home/mario/master_ws/install/rviz_marker_tools/share/rviz_marker_tools/hook/ld_library_path_lib.ps1'
[0.682s] INFO:colcon.colcon_core.shell:Creating environment descriptor '/home/mario/master_ws/install/rviz_marker_tools/share/rviz_marker_tools/hook/ld_library_path_lib.dsv'
[0.683s] INFO:colcon.colcon_core.shell:Creating environment hook '/home/mario/master_ws/install/rviz_marker_tools/share/rviz_marker_tools/hook/ld_library_path_lib.sh'
[0.683s] Level 1:colcon.colcon_core.environment:checking '/home/mario/master_ws/install/rviz_marker_tools/bin'
[0.683s] Level 1:colcon.colcon_core.environment:checking '/home/mario/master_ws/install/rviz_marker_tools/lib/pkgconfig/rviz_marker_tools.pc'
[0.683s] Level 1:colcon.colcon_core.environment:checking '/home/mario/master_ws/install/rviz_marker_tools/lib/python3.12/site-packages'
[0.684s] Level 1:colcon.colcon_core.environment:checking '/home/mario/master_ws/install/rviz_marker_tools/bin'
[0.684s] INFO:colcon.colcon_core.shell:Creating package script '/home/mario/master_ws/install/rviz_marker_tools/share/rviz_marker_tools/package.ps1'
[0.684s] INFO:colcon.colcon_core.shell:Creating package descriptor '/home/mario/master_ws/install/rviz_marker_tools/share/rviz_marker_tools/package.dsv'
[0.685s] INFO:colcon.colcon_core.shell:Creating package script '/home/mario/master_ws/install/rviz_marker_tools/share/rviz_marker_tools/package.sh'
[0.686s] INFO:colcon.colcon_core.shell:Creating package script '/home/mario/master_ws/install/rviz_marker_tools/share/rviz_marker_tools/package.bash'
[0.686s] INFO:colcon.colcon_core.shell:Creating package script '/home/mario/master_ws/install/rviz_marker_tools/share/rviz_marker_tools/package.zsh'
[0.686s] Level 1:colcon.colcon_core.environment:create_file_with_runtime_dependencies(/home/mario/master_ws/install/rviz_marker_tools/share/colcon-core/packages/rviz_marker_tools)
[0.942s] DEBUG:colcon.colcon_core.event_handler.log_command:Invoked command in '/home/mario/master_ws/build/moveit_task_constructor_msgs' returned '0': CMAKE_PREFIX_PATH=${CMAKE_PREFIX_PATH}:/home/mario/master_ws/install/estun_description:/opt/ros/jazzy DEBUGINFOD_URLS=https://debuginfod.ubuntu.com /usr/bin/cmake --build /home/mario/master_ws/build/moveit_task_constructor_msgs -- -j12 -l12
[0.943s] DEBUG:colcon.colcon_core.event_handler.log_command:Invoking command in '/home/mario/master_ws/build/moveit_task_constructor_msgs': CMAKE_PREFIX_PATH=${CMAKE_PREFIX_PATH}:/home/mario/master_ws/install/estun_description:/opt/ros/jazzy DEBUGINFOD_URLS=https://debuginfod.ubuntu.com /usr/bin/cmake --install /home/mario/master_ws/build/moveit_task_constructor_msgs
[1.021s] Level 1:colcon.colcon_core.environment:create_environment_scripts_only(moveit_task_constructor_msgs)
[1.021s] Level 1:colcon.colcon_core.environment:checking '/home/mario/master_ws/install/moveit_task_constructor_msgs' for CMake module files
[1.022s] DEBUG:colcon.colcon_core.event_handler.log_command:Invoked command in '/home/mario/master_ws/build/moveit_task_constructor_msgs' returned '0': CMAKE_PREFIX_PATH=${CMAKE_PREFIX_PATH}:/home/mario/master_ws/install/estun_description:/opt/ros/jazzy DEBUGINFOD_URLS=https://debuginfod.ubuntu.com /usr/bin/cmake --install /home/mario/master_ws/build/moveit_task_constructor_msgs
[1.022s] Level 1:colcon.colcon_core.environment:checking '/home/mario/master_ws/install/moveit_task_constructor_msgs' for CMake config files
[1.023s] Level 1:colcon.colcon_core.shell:create_environment_hook('moveit_task_constructor_msgs', 'cmake_prefix_path')
[1.023s] INFO:colcon.colcon_core.shell:Creating environment hook '/home/mario/master_ws/install/moveit_task_constructor_msgs/share/moveit_task_constructor_msgs/hook/cmake_prefix_path.ps1'
[1.024s] INFO:colcon.colcon_core.shell:Creating environment descriptor '/home/mario/master_ws/install/moveit_task_constructor_msgs/share/moveit_task_constructor_msgs/hook/cmake_prefix_path.dsv'
[1.024s] INFO:colcon.colcon_core.shell:Creating environment hook '/home/mario/master_ws/install/moveit_task_constructor_msgs/share/moveit_task_constructor_msgs/hook/cmake_prefix_path.sh'
[1.024s] Level 1:colcon.colcon_core.environment:checking '/home/mario/master_ws/install/moveit_task_constructor_msgs/lib'
[1.024s] Level 1:colcon.colcon_core.shell:create_environment_hook('moveit_task_constructor_msgs', 'ld_library_path_lib')
[1.025s] INFO:colcon.colcon_core.shell:Creating environment hook '/home/mario/master_ws/install/moveit_task_constructor_msgs/share/moveit_task_constructor_msgs/hook/ld_library_path_lib.ps1'
[1.025s] INFO:colcon.colcon_core.shell:Creating environment descriptor '/home/mario/master_ws/install/moveit_task_constructor_msgs/share/moveit_task_constructor_msgs/hook/ld_library_path_lib.dsv'
[1.025s] INFO:colcon.colcon_core.shell:Creating environment hook '/home/mario/master_ws/install/moveit_task_constructor_msgs/share/moveit_task_constructor_msgs/hook/ld_library_path_lib.sh'
[1.025s] Level 1:colcon.colcon_core.environment:checking '/home/mario/master_ws/install/moveit_task_constructor_msgs/bin'
[1.026s] Level 1:colcon.colcon_core.environment:checking '/home/mario/master_ws/install/moveit_task_constructor_msgs/lib/pkgconfig/moveit_task_constructor_msgs.pc'
[1.026s] Level 1:colcon.colcon_core.environment:checking '/home/mario/master_ws/install/moveit_task_constructor_msgs/lib/python3.12/site-packages'
[1.026s] Level 1:colcon.colcon_core.shell:create_environment_hook('moveit_task_constructor_msgs', 'pythonpath')
[1.026s] INFO:colcon.colcon_core.shell:Creating environment hook '/home/mario/master_ws/install/moveit_task_constructor_msgs/share/moveit_task_constructor_msgs/hook/pythonpath.ps1'
[1.026s] INFO:colcon.colcon_core.shell:Creating environment descriptor '/home/mario/master_ws/install/moveit_task_constructor_msgs/share/moveit_task_constructor_msgs/hook/pythonpath.dsv'
[1.026s] INFO:colcon.colcon_core.shell:Creating environment hook '/home/mario/master_ws/install/moveit_task_constructor_msgs/share/moveit_task_constructor_msgs/hook/pythonpath.sh'
[1.027s] Level 1:colcon.colcon_core.environment:checking '/home/mario/master_ws/install/moveit_task_constructor_msgs/bin'
[1.027s] INFO:colcon.colcon_core.shell:Creating package script '/home/mario/master_ws/install/moveit_task_constructor_msgs/share/moveit_task_constructor_msgs/package.ps1'
[1.028s] INFO:colcon.colcon_core.shell:Creating package descriptor '/home/mario/master_ws/install/moveit_task_constructor_msgs/share/moveit_task_constructor_msgs/package.dsv'
[1.028s] INFO:colcon.colcon_core.shell:Creating package script '/home/mario/master_ws/install/moveit_task_constructor_msgs/share/moveit_task_constructor_msgs/package.sh'
[1.028s] INFO:colcon.colcon_core.shell:Creating package script '/home/mario/master_ws/install/moveit_task_constructor_msgs/share/moveit_task_constructor_msgs/package.bash'
[1.029s] INFO:colcon.colcon_core.shell:Creating package script '/home/mario/master_ws/install/moveit_task_constructor_msgs/share/moveit_task_constructor_msgs/package.zsh'
[1.029s] Level 1:colcon.colcon_core.environment:create_file_with_runtime_dependencies(/home/mario/master_ws/install/moveit_task_constructor_msgs/share/colcon-core/packages/moveit_task_constructor_msgs)
[1.030s] Level 1:colcon.colcon_core.environment:create_environment_scripts_only(moveit_task_constructor_msgs)
[1.030s] Level 1:colcon.colcon_core.environment:checking '/home/mario/master_ws/install/moveit_task_constructor_msgs' for CMake module files
[1.030s] Level 1:colcon.colcon_core.environment:checking '/home/mario/master_ws/install/moveit_task_constructor_msgs' for CMake config files
[1.031s] Level 1:colcon.colcon_core.shell:create_environment_hook('moveit_task_constructor_msgs', 'cmake_prefix_path')
[1.031s] INFO:colcon.colcon_core.shell:Creating environment hook '/home/mario/master_ws/install/moveit_task_constructor_msgs/share/moveit_task_constructor_msgs/hook/cmake_prefix_path.ps1'
[1.031s] INFO:colcon.colcon_core.shell:Creating environment descriptor '/home/mario/master_ws/install/moveit_task_constructor_msgs/share/moveit_task_constructor_msgs/hook/cmake_prefix_path.dsv'
[1.031s] INFO:colcon.colcon_core.shell:Creating environment hook '/home/mario/master_ws/install/moveit_task_constructor_msgs/share/moveit_task_constructor_msgs/hook/cmake_prefix_path.sh'
[1.032s] Level 1:colcon.colcon_core.environment:checking '/home/mario/master_ws/install/moveit_task_constructor_msgs/lib'
[1.032s] Level 1:colcon.colcon_core.shell:create_environment_hook('moveit_task_constructor_msgs', 'ld_library_path_lib')
[1.032s] INFO:colcon.colcon_core.shell:Creating environment hook '/home/mario/master_ws/install/moveit_task_constructor_msgs/share/moveit_task_constructor_msgs/hook/ld_library_path_lib.ps1'
[1.033s] INFO:colcon.colcon_core.shell:Creating environment descriptor '/home/mario/master_ws/install/moveit_task_constructor_msgs/share/moveit_task_constructor_msgs/hook/ld_library_path_lib.dsv'
[1.033s] INFO:colcon.colcon_core.shell:Creating environment hook '/home/mario/master_ws/install/moveit_task_constructor_msgs/share/moveit_task_constructor_msgs/hook/ld_library_path_lib.sh'
[1.033s] Level 1:colcon.colcon_core.environment:checking '/home/mario/master_ws/install/moveit_task_constructor_msgs/bin'
[1.033s] Level 1:colcon.colcon_core.environment:checking '/home/mario/master_ws/install/moveit_task_constructor_msgs/lib/pkgconfig/moveit_task_constructor_msgs.pc'
[1.033s] Level 1:colcon.colcon_core.environment:checking '/home/mario/master_ws/install/moveit_task_constructor_msgs/lib/python3.12/site-packages'
[1.033s] Level 1:colcon.colcon_core.shell:create_environment_hook('moveit_task_constructor_msgs', 'pythonpath')
[1.034s] INFO:colcon.colcon_core.shell:Creating environment hook '/home/mario/master_ws/install/moveit_task_constructor_msgs/share/moveit_task_constructor_msgs/hook/pythonpath.ps1'
[1.034s] INFO:colcon.colcon_core.shell:Creating environment descriptor '/home/mario/master_ws/install/moveit_task_constructor_msgs/share/moveit_task_constructor_msgs/hook/pythonpath.dsv'
[1.034s] INFO:colcon.colcon_core.shell:Creating environment hook '/home/mario/master_ws/install/moveit_task_constructor_msgs/share/moveit_task_constructor_msgs/hook/pythonpath.sh'
[1.035s] Level 1:colcon.colcon_core.environment:checking '/home/mario/master_ws/install/moveit_task_constructor_msgs/bin'
[1.035s] INFO:colcon.colcon_core.shell:Creating package script '/home/mario/master_ws/install/moveit_task_constructor_msgs/share/moveit_task_constructor_msgs/package.ps1'
[1.036s] INFO:colcon.colcon_core.shell:Creating package descriptor '/home/mario/master_ws/install/moveit_task_constructor_msgs/share/moveit_task_constructor_msgs/package.dsv'
[1.036s] INFO:colcon.colcon_core.shell:Creating package script '/home/mario/master_ws/install/moveit_task_constructor_msgs/share/moveit_task_constructor_msgs/package.sh'
[1.036s] INFO:colcon.colcon_core.shell:Creating package script '/home/mario/master_ws/install/moveit_task_constructor_msgs/share/moveit_task_constructor_msgs/package.bash'
[1.037s] INFO:colcon.colcon_core.shell:Creating package script '/home/mario/master_ws/install/moveit_task_constructor_msgs/share/moveit_task_constructor_msgs/package.zsh'
[1.037s] Level 1:colcon.colcon_core.environment:create_file_with_runtime_dependencies(/home/mario/master_ws/install/moveit_task_constructor_msgs/share/colcon-core/packages/moveit_task_constructor_msgs)
[1.037s] INFO:colcon.colcon_ros.task.ament_cmake.build:Building ROS package in '/home/mario/master_ws/src/moveit_task_constructor/core' with build type 'ament_cmake'
[1.038s] INFO:colcon.colcon_cmake.task.cmake.build:Building CMake package in '/home/mario/master_ws/src/moveit_task_constructor/core'
[1.038s] INFO:colcon.colcon_core.shell:Skip shell extension 'powershell' for command environment: Not usable outside of PowerShell
[1.038s] DEBUG:colcon.colcon_core.shell:Skip shell extension 'dsv' for command environment
[1.055s] DEBUG:colcon.colcon_core.event_handler.log_command:Invoking command in '/home/mario/master_ws/build/moveit_task_constructor_core': CMAKE_PREFIX_PATH=/home/mario/master_ws/install/rviz_marker_tools:/home/mario/master_ws/install/moveit_task_constructor_msgs:/home/mario/master_ws/install/vision_control:/home/mario/master_ws/install/moveit_task_constructor_demo:/home/mario/master_ws/install/moveit_task_constructor_visualization:/home/mario/master_ws/install/moveit_task_constructor_capabilities:/home/mario/master_ws/install/estun_control:/home/mario/master_ws/install/moveit_task_constructor_core:/home/mario/master_ws/install/estun_moveit:/opt/ros/jazzy/opt/gz_sim_vendor:/opt/ros/jazzy/opt/gz_sensors_vendor:/opt/ros/jazzy/opt/gz_physics_vendor:/opt/ros/jazzy/opt/sdformat_vendor:/opt/ros/jazzy/opt/gz_gui_vendor:/opt/ros/jazzy/opt/gz_transport_vendor:/opt/ros/jazzy/opt/gz_rendering_vendor:/opt/ros/jazzy/opt/gz_plugin_vendor:/opt/ros/jazzy/opt/gz_fuel_tools_vendor:/opt/ros/jazzy/opt/gz_msgs_vendor:/opt/ros/jazzy/opt/gz_common_vendor:/opt/ros/jazzy/opt/gz_math_vendor:/opt/ros/jazzy/opt/gz_utils_vendor:/opt/ros/jazzy/opt/gz_tools_vendor:/opt/ros/jazzy/opt/gz_ogre_next_vendor:/opt/ros/jazzy/opt/gz_dartsim_vendor:/opt/ros/jazzy/opt/gz_cmake_vendor:/home/mario/master_ws/install/estun_description:/opt/ros/jazzy DEBUGINFOD_URLS=https://debuginfod.ubuntu.com LD_LIBRARY_PATH=/home/mario/master_ws/install/rviz_marker_tools/lib:/home/mario/master_ws/install/moveit_task_constructor_msgs/lib:/home/mario/master_ws/install/moveit_task_constructor_demo/lib:/home/mario/master_ws/install/moveit_task_constructor_visualization/lib:/home/mario/master_ws/install/moveit_task_constructor_capabilities/lib:/home/mario/master_ws/install/moveit_task_constructor_core/lib:/opt/ros/jazzy/opt/gz_sim_vendor/lib:/opt/ros/jazzy/opt/gz_sensors_vendor/lib:/opt/ros/jazzy/opt/gz_physics_vendor/lib:/opt/ros/jazzy/opt/sdformat_vendor/lib:/opt/ros/jazzy/opt/rviz_ogre_vendor/lib:/opt/ros/jazzy/lib/x86_64-linux-gnu:/opt/ros/jazzy/opt/gz_gui_vendor/lib:/opt/ros/jazzy/opt/gz_transport_vendor/lib:/opt/ros/jazzy/opt/gz_rendering_vendor/lib:/opt/ros/jazzy/opt/gz_plugin_vendor/lib:/opt/ros/jazzy/opt/gz_fuel_tools_vendor/lib:/opt/ros/jazzy/opt/gz_msgs_vendor/lib:/opt/ros/jazzy/opt/gz_common_vendor/lib:/opt/ros/jazzy/opt/gz_math_vendor/lib:/opt/ros/jazzy/opt/gz_utils_vendor/lib:/opt/ros/jazzy/opt/gz_tools_vendor/lib:/opt/ros/jazzy/opt/gz_ogre_next_vendor/lib:/opt/ros/jazzy/opt/gz_dartsim_vendor/lib:/opt/ros/jazzy/opt/gz_cmake_vendor/lib:/opt/ros/jazzy/lib PYTHONPATH=/home/mario/master_ws/install/moveit_task_constructor_msgs/lib/python3.12/site-packages:/home/mario/master_ws/install/moveit_task_constructor_core/lib/python3.12/site-packages:/home/mario/master_ws/install/estun_description/lib/python3.12/site-packages:/opt/ros/jazzy/opt/gz_sim_vendor/lib/python:/opt/ros/jazzy/opt/sdformat_vendor/lib/python:/opt/ros/jazzy/opt/gz_transport_vendor/lib/python:/opt/ros/jazzy/opt/gz_msgs_vendor/lib/python:/opt/ros/jazzy/opt/gz_math_vendor/lib/python:/opt/ros/jazzy/lib/python3.12/site-packages /usr/bin/cmake --build /home/mario/master_ws/build/moveit_task_constructor_core -- -j12 -l12
[1.552s] DEBUG:colcon.colcon_core.task.python.build:Available setuptools commands: update_catalog, install_lib, install_headers, bdist, upload, register, test, upload_docs, dist_info, bdist_rpm, init_catalog, setopt, egg_info, install_egg_info, build_clib, build_scripts, bdist_dumb, install_scripts, build_py, compile_catalog, bdist_egg, develop, build_ext, symlink_data, sdist, editable_wheel, saveopts, alias, install, build, rotate, clean, install_data, extract_messages, easy_install, check
[1.555s] DEBUG:colcon.colcon_core.event_handler.log_command:Invoking command in '/home/mario/master_ws/src/estun_description': DEBUGINFOD_URLS=https://debuginfod.ubuntu.com PYTHONPATH=/home/mario/master_ws/build/estun_description/prefix_override:/usr/lib/python3/dist-packages/colcon_core/task/python/colcon_distutils_commands:/home/mario/master_ws/install/estun_description/lib/python3.12/site-packages:${PYTHONPATH} /usr/bin/python3 -W ignore:setup.py install is deprecated -W ignore:easy_install command is deprecated setup.py egg_info --egg-base ../../build/estun_description build --build-base /home/mario/master_ws/build/estun_description/build install --record /home/mario/master_ws/build/estun_description/install.log --install-scripts $base/lib/fusion2urdf_ros2 --single-version-externally-managed install_data
[1.693s] DEBUG:colcon.colcon_core.event_handler.log_command:Invoked command in '/home/mario/master_ws/build/moveit_task_constructor_core' returned '0': CMAKE_PREFIX_PATH=/home/mario/master_ws/install/rviz_marker_tools:/home/mario/master_ws/install/moveit_task_constructor_msgs:/home/mario/master_ws/install/vision_control:/home/mario/master_ws/install/moveit_task_constructor_demo:/home/mario/master_ws/install/moveit_task_constructor_visualization:/home/mario/master_ws/install/moveit_task_constructor_capabilities:/home/mario/master_ws/install/estun_control:/home/mario/master_ws/install/moveit_task_constructor_core:/home/mario/master_ws/install/estun_moveit:/opt/ros/jazzy/opt/gz_sim_vendor:/opt/ros/jazzy/opt/gz_sensors_vendor:/opt/ros/jazzy/opt/gz_physics_vendor:/opt/ros/jazzy/opt/sdformat_vendor:/opt/ros/jazzy/opt/gz_gui_vendor:/opt/ros/jazzy/opt/gz_transport_vendor:/opt/ros/jazzy/opt/gz_rendering_vendor:/opt/ros/jazzy/opt/gz_plugin_vendor:/opt/ros/jazzy/opt/gz_fuel_tools_vendor:/opt/ros/jazzy/opt/gz_msgs_vendor:/opt/ros/jazzy/opt/gz_common_vendor:/opt/ros/jazzy/opt/gz_math_vendor:/opt/ros/jazzy/opt/gz_utils_vendor:/opt/ros/jazzy/opt/gz_tools_vendor:/opt/ros/jazzy/opt/gz_ogre_next_vendor:/opt/ros/jazzy/opt/gz_dartsim_vendor:/opt/ros/jazzy/opt/gz_cmake_vendor:/home/mario/master_ws/install/estun_description:/opt/ros/jazzy DEBUGINFOD_URLS=https://debuginfod.ubuntu.com LD_LIBRARY_PATH=/home/mario/master_ws/install/rviz_marker_tools/lib:/home/mario/master_ws/install/moveit_task_constructor_msgs/lib:/home/mario/master_ws/install/moveit_task_constructor_demo/lib:/home/mario/master_ws/install/moveit_task_constructor_visualization/lib:/home/mario/master_ws/install/moveit_task_constructor_capabilities/lib:/home/mario/master_ws/install/moveit_task_constructor_core/lib:/opt/ros/jazzy/opt/gz_sim_vendor/lib:/opt/ros/jazzy/opt/gz_sensors_vendor/lib:/opt/ros/jazzy/opt/gz_physics_vendor/lib:/opt/ros/jazzy/opt/sdformat_vendor/lib:/opt/ros/jazzy/opt/rviz_ogre_vendor/lib:/opt/ros/jazzy/lib/x86_64-linux-gnu:/opt/ros/jazzy/opt/gz_gui_vendor/lib:/opt/ros/jazzy/opt/gz_transport_vendor/lib:/opt/ros/jazzy/opt/gz_rendering_vendor/lib:/opt/ros/jazzy/opt/gz_plugin_vendor/lib:/opt/ros/jazzy/opt/gz_fuel_tools_vendor/lib:/opt/ros/jazzy/opt/gz_msgs_vendor/lib:/opt/ros/jazzy/opt/gz_common_vendor/lib:/opt/ros/jazzy/opt/gz_math_vendor/lib:/opt/ros/jazzy/opt/gz_utils_vendor/lib:/opt/ros/jazzy/opt/gz_tools_vendor/lib:/opt/ros/jazzy/opt/gz_ogre_next_vendor/lib:/opt/ros/jazzy/opt/gz_dartsim_vendor/lib:/opt/ros/jazzy/opt/gz_cmake_vendor/lib:/opt/ros/jazzy/lib PYTHONPATH=/home/mario/master_ws/install/moveit_task_constructor_msgs/lib/python3.12/site-packages:/home/mario/master_ws/install/moveit_task_constructor_core/lib/python3.12/site-packages:/home/mario/master_ws/install/estun_description/lib/python3.12/site-packages:/opt/ros/jazzy/opt/gz_sim_vendor/lib/python:/opt/ros/jazzy/opt/sdformat_vendor/lib/python:/opt/ros/jazzy/opt/gz_transport_vendor/lib/python:/opt/ros/jazzy/opt/gz_msgs_vendor/lib/python:/opt/ros/jazzy/opt/gz_math_vendor/lib/python:/opt/ros/jazzy/lib/python3.12/site-packages /usr/bin/cmake --build /home/mario/master_ws/build/moveit_task_constructor_core -- -j12 -l12
[1.695s] DEBUG:colcon.colcon_core.event_handler.log_command:Invoking command in '/home/mario/master_ws/build/moveit_task_constructor_core': CMAKE_PREFIX_PATH=/home/mario/master_ws/install/rviz_marker_tools:/home/mario/master_ws/install/moveit_task_constructor_msgs:/home/mario/master_ws/install/vision_control:/home/mario/master_ws/install/moveit_task_constructor_demo:/home/mario/master_ws/install/moveit_task_constructor_visualization:/home/mario/master_ws/install/moveit_task_constructor_capabilities:/home/mario/master_ws/install/estun_control:/home/mario/master_ws/install/moveit_task_constructor_core:/home/mario/master_ws/install/estun_moveit:/opt/ros/jazzy/opt/gz_sim_vendor:/opt/ros/jazzy/opt/gz_sensors_vendor:/opt/ros/jazzy/opt/gz_physics_vendor:/opt/ros/jazzy/opt/sdformat_vendor:/opt/ros/jazzy/opt/gz_gui_vendor:/opt/ros/jazzy/opt/gz_transport_vendor:/opt/ros/jazzy/opt/gz_rendering_vendor:/opt/ros/jazzy/opt/gz_plugin_vendor:/opt/ros/jazzy/opt/gz_fuel_tools_vendor:/opt/ros/jazzy/opt/gz_msgs_vendor:/opt/ros/jazzy/opt/gz_common_vendor:/opt/ros/jazzy/opt/gz_math_vendor:/opt/ros/jazzy/opt/gz_utils_vendor:/opt/ros/jazzy/opt/gz_tools_vendor:/opt/ros/jazzy/opt/gz_ogre_next_vendor:/opt/ros/jazzy/opt/gz_dartsim_vendor:/opt/ros/jazzy/opt/gz_cmake_vendor:/home/mario/master_ws/install/estun_description:/opt/ros/jazzy DEBUGINFOD_URLS=https://debuginfod.ubuntu.com LD_LIBRARY_PATH=/home/mario/master_ws/install/rviz_marker_tools/lib:/home/mario/master_ws/install/moveit_task_constructor_msgs/lib:/home/mario/master_ws/install/moveit_task_constructor_demo/lib:/home/mario/master_ws/install/moveit_task_constructor_visualization/lib:/home/mario/master_ws/install/moveit_task_constructor_capabilities/lib:/home/mario/master_ws/install/moveit_task_constructor_core/lib:/opt/ros/jazzy/opt/gz_sim_vendor/lib:/opt/ros/jazzy/opt/gz_sensors_vendor/lib:/opt/ros/jazzy/opt/gz_physics_vendor/lib:/opt/ros/jazzy/opt/sdformat_vendor/lib:/opt/ros/jazzy/opt/rviz_ogre_vendor/lib:/opt/ros/jazzy/lib/x86_64-linux-gnu:/opt/ros/jazzy/opt/gz_gui_vendor/lib:/opt/ros/jazzy/opt/gz_transport_vendor/lib:/opt/ros/jazzy/opt/gz_rendering_vendor/lib:/opt/ros/jazzy/opt/gz_plugin_vendor/lib:/opt/ros/jazzy/opt/gz_fuel_tools_vendor/lib:/opt/ros/jazzy/opt/gz_msgs_vendor/lib:/opt/ros/jazzy/opt/gz_common_vendor/lib:/opt/ros/jazzy/opt/gz_math_vendor/lib:/opt/ros/jazzy/opt/gz_utils_vendor/lib:/opt/ros/jazzy/opt/gz_tools_vendor/lib:/opt/ros/jazzy/opt/gz_ogre_next_vendor/lib:/opt/ros/jazzy/opt/gz_dartsim_vendor/lib:/opt/ros/jazzy/opt/gz_cmake_vendor/lib:/opt/ros/jazzy/lib PYTHONPATH=/home/mario/master_ws/install/moveit_task_constructor_msgs/lib/python3.12/site-packages:/home/mario/master_ws/install/moveit_task_constructor_core/lib/python3.12/site-packages:/home/mario/master_ws/install/estun_description/lib/python3.12/site-packages:/opt/ros/jazzy/opt/gz_sim_vendor/lib/python:/opt/ros/jazzy/opt/sdformat_vendor/lib/python:/opt/ros/jazzy/opt/gz_transport_vendor/lib/python:/opt/ros/jazzy/opt/gz_msgs_vendor/lib/python:/opt/ros/jazzy/opt/gz_math_vendor/lib/python:/opt/ros/jazzy/lib/python3.12/site-packages /usr/bin/cmake --install /home/mario/master_ws/build/moveit_task_constructor_core
[1.758s] Level 1:colcon.colcon_core.environment:create_environment_scripts_only(moveit_task_constructor_core)
[1.758s] Level 1:colcon.colcon_core.environment:checking '/home/mario/master_ws/install/moveit_task_constructor_core' for CMake module files
[1.759s] Level 1:colcon.colcon_core.environment:checking '/home/mario/master_ws/install/moveit_task_constructor_core' for CMake config files
[1.760s] Level 1:colcon.colcon_core.shell:create_environment_hook('moveit_task_constructor_core', 'cmake_prefix_path')
[1.760s] INFO:colcon.colcon_core.shell:Creating environment hook '/home/mario/master_ws/install/moveit_task_constructor_core/share/moveit_task_constructor_core/hook/cmake_prefix_path.ps1'
[1.761s] INFO:colcon.colcon_core.shell:Creating environment descriptor '/home/mario/master_ws/install/moveit_task_constructor_core/share/moveit_task_constructor_core/hook/cmake_prefix_path.dsv'
[1.761s] INFO:colcon.colcon_core.shell:Creating environment hook '/home/mario/master_ws/install/moveit_task_constructor_core/share/moveit_task_constructor_core/hook/cmake_prefix_path.sh'
[1.762s] Level 1:colcon.colcon_core.environment:checking '/home/mario/master_ws/install/moveit_task_constructor_core/lib'
[1.763s] Level 1:colcon.colcon_core.shell:create_environment_hook('moveit_task_constructor_core', 'ld_library_path_lib')
[1.763s] INFO:colcon.colcon_core.shell:Creating environment hook '/home/mario/master_ws/install/moveit_task_constructor_core/share/moveit_task_constructor_core/hook/ld_library_path_lib.ps1'
[1.764s] INFO:colcon.colcon_core.shell:Creating environment descriptor '/home/mario/master_ws/install/moveit_task_constructor_core/share/moveit_task_constructor_core/hook/ld_library_path_lib.dsv'
[1.764s] INFO:colcon.colcon_core.shell:Creating environment hook '/home/mario/master_ws/install/moveit_task_constructor_core/share/moveit_task_constructor_core/hook/ld_library_path_lib.sh'
[1.765s] DEBUG:colcon.colcon_core.event_handler.log_command:Invoked command in '/home/mario/master_ws/build/moveit_task_constructor_core' returned '0': CMAKE_PREFIX_PATH=/home/mario/master_ws/install/rviz_marker_tools:/home/mario/master_ws/install/moveit_task_constructor_msgs:/home/mario/master_ws/install/vision_control:/home/mario/master_ws/install/moveit_task_constructor_demo:/home/mario/master_ws/install/moveit_task_constructor_visualization:/home/mario/master_ws/install/moveit_task_constructor_capabilities:/home/mario/master_ws/install/estun_control:/home/mario/master_ws/install/moveit_task_constructor_core:/home/mario/master_ws/install/estun_moveit:/opt/ros/jazzy/opt/gz_sim_vendor:/opt/ros/jazzy/opt/gz_sensors_vendor:/opt/ros/jazzy/opt/gz_physics_vendor:/opt/ros/jazzy/opt/sdformat_vendor:/opt/ros/jazzy/opt/gz_gui_vendor:/opt/ros/jazzy/opt/gz_transport_vendor:/opt/ros/jazzy/opt/gz_rendering_vendor:/opt/ros/jazzy/opt/gz_plugin_vendor:/opt/ros/jazzy/opt/gz_fuel_tools_vendor:/opt/ros/jazzy/opt/gz_msgs_vendor:/opt/ros/jazzy/opt/gz_common_vendor:/opt/ros/jazzy/opt/gz_math_vendor:/opt/ros/jazzy/opt/gz_utils_vendor:/opt/ros/jazzy/opt/gz_tools_vendor:/opt/ros/jazzy/opt/gz_ogre_next_vendor:/opt/ros/jazzy/opt/gz_dartsim_vendor:/opt/ros/jazzy/opt/gz_cmake_vendor:/home/mario/master_ws/install/estun_description:/opt/ros/jazzy DEBUGINFOD_URLS=https://debuginfod.ubuntu.com LD_LIBRARY_PATH=/home/mario/master_ws/install/rviz_marker_tools/lib:/home/mario/master_ws/install/moveit_task_constructor_msgs/lib:/home/mario/master_ws/install/moveit_task_constructor_demo/lib:/home/mario/master_ws/install/moveit_task_constructor_visualization/lib:/home/mario/master_ws/install/moveit_task_constructor_capabilities/lib:/home/mario/master_ws/install/moveit_task_constructor_core/lib:/opt/ros/jazzy/opt/gz_sim_vendor/lib:/opt/ros/jazzy/opt/gz_sensors_vendor/lib:/opt/ros/jazzy/opt/gz_physics_vendor/lib:/opt/ros/jazzy/opt/sdformat_vendor/lib:/opt/ros/jazzy/opt/rviz_ogre_vendor/lib:/opt/ros/jazzy/lib/x86_64-linux-gnu:/opt/ros/jazzy/opt/gz_gui_vendor/lib:/opt/ros/jazzy/opt/gz_transport_vendor/lib:/opt/ros/jazzy/opt/gz_rendering_vendor/lib:/opt/ros/jazzy/opt/gz_plugin_vendor/lib:/opt/ros/jazzy/opt/gz_fuel_tools_vendor/lib:/opt/ros/jazzy/opt/gz_msgs_vendor/lib:/opt/ros/jazzy/opt/gz_common_vendor/lib:/opt/ros/jazzy/opt/gz_math_vendor/lib:/opt/ros/jazzy/opt/gz_utils_vendor/lib:/opt/ros/jazzy/opt/gz_tools_vendor/lib:/opt/ros/jazzy/opt/gz_ogre_next_vendor/lib:/opt/ros/jazzy/opt/gz_dartsim_vendor/lib:/opt/ros/jazzy/opt/gz_cmake_vendor/lib:/opt/ros/jazzy/lib PYTHONPATH=/home/mario/master_ws/install/moveit_task_constructor_msgs/lib/python3.12/site-packages:/home/mario/master_ws/install/moveit_task_constructor_core/lib/python3.12/site-packages:/home/mario/master_ws/install/estun_description/lib/python3.12/site-packages:/opt/ros/jazzy/opt/gz_sim_vendor/lib/python:/opt/ros/jazzy/opt/sdformat_vendor/lib/python:/opt/ros/jazzy/opt/gz_transport_vendor/lib/python:/opt/ros/jazzy/opt/gz_msgs_vendor/lib/python:/opt/ros/jazzy/opt/gz_math_vendor/lib/python:/opt/ros/jazzy/lib/python3.12/site-packages /usr/bin/cmake --install /home/mario/master_ws/build/moveit_task_constructor_core
[1.765s] Level 1:colcon.colcon_core.environment:checking '/home/mario/master_ws/install/moveit_task_constructor_core/bin'
[1.766s] Level 1:colcon.colcon_core.environment:checking '/home/mario/master_ws/install/moveit_task_constructor_core/lib/pkgconfig/moveit_task_constructor_core.pc'
[1.766s] Level 1:colcon.colcon_core.environment:checking '/home/mario/master_ws/install/moveit_task_constructor_core/lib/python3.12/site-packages'
[1.766s] Level 1:colcon.colcon_core.shell:create_environment_hook('moveit_task_constructor_core', 'pythonpath')
[1.766s] INFO:colcon.colcon_core.shell:Creating environment hook '/home/mario/master_ws/install/moveit_task_constructor_core/share/moveit_task_constructor_core/hook/pythonpath.ps1'
[1.767s] INFO:colcon.colcon_core.shell:Creating environment descriptor '/home/mario/master_ws/install/moveit_task_constructor_core/share/moveit_task_constructor_core/hook/pythonpath.dsv'
[1.767s] INFO:colcon.colcon_core.shell:Creating environment hook '/home/mario/master_ws/install/moveit_task_constructor_core/share/moveit_task_constructor_core/hook/pythonpath.sh'
[1.768s] Level 1:colcon.colcon_core.environment:checking '/home/mario/master_ws/install/moveit_task_constructor_core/bin'
[1.768s] INFO:colcon.colcon_core.shell:Creating package script '/home/mario/master_ws/install/moveit_task_constructor_core/share/moveit_task_constructor_core/package.ps1'
[1.769s] INFO:colcon.colcon_core.shell:Creating package descriptor '/home/mario/master_ws/install/moveit_task_constructor_core/share/moveit_task_constructor_core/package.dsv'
[1.769s] INFO:colcon.colcon_core.shell:Creating package script '/home/mario/master_ws/install/moveit_task_constructor_core/share/moveit_task_constructor_core/package.sh'
[1.770s] INFO:colcon.colcon_core.shell:Creating package script '/home/mario/master_ws/install/moveit_task_constructor_core/share/moveit_task_constructor_core/package.bash'
[1.770s] INFO:colcon.colcon_core.shell:Creating package script '/home/mario/master_ws/install/moveit_task_constructor_core/share/moveit_task_constructor_core/package.zsh'
[1.771s] Level 1:colcon.colcon_core.environment:create_file_with_runtime_dependencies(/home/mario/master_ws/install/moveit_task_constructor_core/share/colcon-core/packages/moveit_task_constructor_core)
[1.771s] Level 1:colcon.colcon_core.environment:create_environment_scripts_only(moveit_task_constructor_core)
[1.772s] Level 1:colcon.colcon_core.environment:checking '/home/mario/master_ws/install/moveit_task_constructor_core' for CMake module files
[1.772s] Level 1:colcon.colcon_core.environment:checking '/home/mario/master_ws/install/moveit_task_constructor_core' for CMake config files
[1.773s] Level 1:colcon.colcon_core.shell:create_environment_hook('moveit_task_constructor_core', 'cmake_prefix_path')
[1.773s] INFO:colcon.colcon_core.shell:Creating environment hook '/home/mario/master_ws/install/moveit_task_constructor_core/share/moveit_task_constructor_core/hook/cmake_prefix_path.ps1'
[1.774s] INFO:colcon.colcon_core.shell:Creating environment descriptor '/home/mario/master_ws/install/moveit_task_constructor_core/share/moveit_task_constructor_core/hook/cmake_prefix_path.dsv'
[1.774s] INFO:colcon.colcon_core.shell:Creating environment hook '/home/mario/master_ws/install/moveit_task_constructor_core/share/moveit_task_constructor_core/hook/cmake_prefix_path.sh'
[1.775s] Level 1:colcon.colcon_core.environment:checking '/home/mario/master_ws/install/moveit_task_constructor_core/lib'
[1.775s] Level 1:colcon.colcon_core.shell:create_environment_hook('moveit_task_constructor_core', 'ld_library_path_lib')
[1.775s] INFO:colcon.colcon_core.shell:Creating environment hook '/home/mario/master_ws/install/moveit_task_constructor_core/share/moveit_task_constructor_core/hook/ld_library_path_lib.ps1'
[1.775s] INFO:colcon.colcon_core.shell:Creating environment descriptor '/home/mario/master_ws/install/moveit_task_constructor_core/share/moveit_task_constructor_core/hook/ld_library_path_lib.dsv'
[1.776s] INFO:colcon.colcon_core.shell:Creating environment hook '/home/mario/master_ws/install/moveit_task_constructor_core/share/moveit_task_constructor_core/hook/ld_library_path_lib.sh'
[1.776s] Level 1:colcon.colcon_core.environment:checking '/home/mario/master_ws/install/moveit_task_constructor_core/bin'
[1.776s] Level 1:colcon.colcon_core.environment:checking '/home/mario/master_ws/install/moveit_task_constructor_core/lib/pkgconfig/moveit_task_constructor_core.pc'
[1.776s] Level 1:colcon.colcon_core.environment:checking '/home/mario/master_ws/install/moveit_task_constructor_core/lib/python3.12/site-packages'
[1.776s] Level 1:colcon.colcon_core.shell:create_environment_hook('moveit_task_constructor_core', 'pythonpath')
[1.777s] INFO:colcon.colcon_core.shell:Creating environment hook '/home/mario/master_ws/install/moveit_task_constructor_core/share/moveit_task_constructor_core/hook/pythonpath.ps1'
[1.777s] INFO:colcon.colcon_core.shell:Creating environment descriptor '/home/mario/master_ws/install/moveit_task_constructor_core/share/moveit_task_constructor_core/hook/pythonpath.dsv'
[1.777s] INFO:colcon.colcon_core.shell:Creating environment hook '/home/mario/master_ws/install/moveit_task_constructor_core/share/moveit_task_constructor_core/hook/pythonpath.sh'
[1.778s] Level 1:colcon.colcon_core.environment:checking '/home/mario/master_ws/install/moveit_task_constructor_core/bin'
[1.778s] INFO:colcon.colcon_core.shell:Creating package script '/home/mario/master_ws/install/moveit_task_constructor_core/share/moveit_task_constructor_core/package.ps1'
[1.779s] INFO:colcon.colcon_core.shell:Creating package descriptor '/home/mario/master_ws/install/moveit_task_constructor_core/share/moveit_task_constructor_core/package.dsv'
[1.780s] INFO:colcon.colcon_core.shell:Creating package script '/home/mario/master_ws/install/moveit_task_constructor_core/share/moveit_task_constructor_core/package.sh'
[1.780s] INFO:colcon.colcon_core.shell:Creating package script '/home/mario/master_ws/install/moveit_task_constructor_core/share/moveit_task_constructor_core/package.bash'
[1.781s] INFO:colcon.colcon_core.shell:Creating package script '/home/mario/master_ws/install/moveit_task_constructor_core/share/moveit_task_constructor_core/package.zsh'
[1.781s] Level 1:colcon.colcon_core.environment:create_file_with_runtime_dependencies(/home/mario/master_ws/install/moveit_task_constructor_core/share/colcon-core/packages/moveit_task_constructor_core)
[1.782s] INFO:colcon.colcon_ros.task.ament_cmake.build:Building ROS package in '/home/mario/master_ws/src/moveit_task_constructor/capabilities' with build type 'ament_cmake'
[1.782s] INFO:colcon.colcon_cmake.task.cmake.build:Building CMake package in '/home/mario/master_ws/src/moveit_task_constructor/capabilities'
[1.782s] INFO:colcon.colcon_core.shell:Skip shell extension 'powershell' for command environment: Not usable outside of PowerShell
[1.782s] DEBUG:colcon.colcon_core.shell:Skip shell extension 'dsv' for command environment
[1.789s] INFO:colcon.colcon_ros.task.ament_cmake.build:Building ROS package in '/home/mario/master_ws/src/moveit_task_constructor/visualization' with build type 'ament_cmake'
[1.789s] INFO:colcon.colcon_cmake.task.cmake.build:Building CMake package in '/home/mario/master_ws/src/moveit_task_constructor/visualization'
[1.790s] INFO:colcon.colcon_core.shell:Skip shell extension 'powershell' for command environment: Not usable outside of PowerShell
[1.790s] DEBUG:colcon.colcon_core.shell:Skip shell extension 'dsv' for command environment
[1.797s] INFO:colcon.colcon_ros.task.ament_cmake.build:Building ROS package in '/home/mario/master_ws/src/estun_control' with build type 'ament_cmake'
[1.797s] INFO:colcon.colcon_cmake.task.cmake.build:Building CMake package in '/home/mario/master_ws/src/estun_control'
[1.797s] INFO:colcon.colcon_core.shell:Skip shell extension 'powershell' for command environment: Not usable outside of PowerShell
[1.797s] DEBUG:colcon.colcon_core.shell:Skip shell extension 'dsv' for command environment
[1.812s] DEBUG:colcon.colcon_core.event_handler.log_command:Invoking command in '/home/mario/master_ws/build/moveit_task_constructor_capabilities': CMAKE_PREFIX_PATH=/home/mario/master_ws/install/moveit_task_constructor_core:/home/mario/master_ws/install/rviz_marker_tools:/home/mario/master_ws/install/moveit_task_constructor_msgs:/home/mario/master_ws/install/vision_control:/home/mario/master_ws/install/moveit_task_constructor_demo:/home/mario/master_ws/install/moveit_task_constructor_visualization:/home/mario/master_ws/install/moveit_task_constructor_capabilities:/home/mario/master_ws/install/estun_control:/home/mario/master_ws/install/estun_moveit:/opt/ros/jazzy/opt/gz_sim_vendor:/opt/ros/jazzy/opt/gz_sensors_vendor:/opt/ros/jazzy/opt/gz_physics_vendor:/opt/ros/jazzy/opt/sdformat_vendor:/opt/ros/jazzy/opt/gz_gui_vendor:/opt/ros/jazzy/opt/gz_transport_vendor:/opt/ros/jazzy/opt/gz_rendering_vendor:/opt/ros/jazzy/opt/gz_plugin_vendor:/opt/ros/jazzy/opt/gz_fuel_tools_vendor:/opt/ros/jazzy/opt/gz_msgs_vendor:/opt/ros/jazzy/opt/gz_common_vendor:/opt/ros/jazzy/opt/gz_math_vendor:/opt/ros/jazzy/opt/gz_utils_vendor:/opt/ros/jazzy/opt/gz_tools_vendor:/opt/ros/jazzy/opt/gz_ogre_next_vendor:/opt/ros/jazzy/opt/gz_dartsim_vendor:/opt/ros/jazzy/opt/gz_cmake_vendor:/home/mario/master_ws/install/estun_description:/opt/ros/jazzy DEBUGINFOD_URLS=https://debuginfod.ubuntu.com LD_LIBRARY_PATH=/home/mario/master_ws/install/moveit_task_constructor_core/lib:/home/mario/master_ws/install/rviz_marker_tools/lib:/home/mario/master_ws/install/moveit_task_constructor_msgs/lib:/home/mario/master_ws/install/moveit_task_constructor_demo/lib:/home/mario/master_ws/install/moveit_task_constructor_visualization/lib:/home/mario/master_ws/install/moveit_task_constructor_capabilities/lib:/opt/ros/jazzy/opt/gz_sim_vendor/lib:/opt/ros/jazzy/opt/gz_sensors_vendor/lib:/opt/ros/jazzy/opt/gz_physics_vendor/lib:/opt/ros/jazzy/opt/sdformat_vendor/lib:/opt/ros/jazzy/opt/rviz_ogre_vendor/lib:/opt/ros/jazzy/lib/x86_64-linux-gnu:/opt/ros/jazzy/opt/gz_gui_vendor/lib:/opt/ros/jazzy/opt/gz_transport_vendor/lib:/opt/ros/jazzy/opt/gz_rendering_vendor/lib:/opt/ros/jazzy/opt/gz_plugin_vendor/lib:/opt/ros/jazzy/opt/gz_fuel_tools_vendor/lib:/opt/ros/jazzy/opt/gz_msgs_vendor/lib:/opt/ros/jazzy/opt/gz_common_vendor/lib:/opt/ros/jazzy/opt/gz_math_vendor/lib:/opt/ros/jazzy/opt/gz_utils_vendor/lib:/opt/ros/jazzy/opt/gz_tools_vendor/lib:/opt/ros/jazzy/opt/gz_ogre_next_vendor/lib:/opt/ros/jazzy/opt/gz_dartsim_vendor/lib:/opt/ros/jazzy/opt/gz_cmake_vendor/lib:/opt/ros/jazzy/lib /usr/bin/cmake --build /home/mario/master_ws/build/moveit_task_constructor_capabilities -- -j12 -l12
[1.813s] DEBUG:colcon.colcon_core.event_handler.log_command:Invoking command in '/home/mario/master_ws/build/moveit_task_constructor_visualization': CMAKE_PREFIX_PATH=/home/mario/master_ws/install/moveit_task_constructor_core:/home/mario/master_ws/install/rviz_marker_tools:/home/mario/master_ws/install/moveit_task_constructor_msgs:/home/mario/master_ws/install/vision_control:/home/mario/master_ws/install/moveit_task_constructor_demo:/home/mario/master_ws/install/moveit_task_constructor_visualization:/home/mario/master_ws/install/moveit_task_constructor_capabilities:/home/mario/master_ws/install/estun_control:/home/mario/master_ws/install/estun_moveit:/opt/ros/jazzy/opt/gz_sim_vendor:/opt/ros/jazzy/opt/gz_sensors_vendor:/opt/ros/jazzy/opt/gz_physics_vendor:/opt/ros/jazzy/opt/sdformat_vendor:/opt/ros/jazzy/opt/gz_gui_vendor:/opt/ros/jazzy/opt/gz_transport_vendor:/opt/ros/jazzy/opt/gz_rendering_vendor:/opt/ros/jazzy/opt/gz_plugin_vendor:/opt/ros/jazzy/opt/gz_fuel_tools_vendor:/opt/ros/jazzy/opt/gz_msgs_vendor:/opt/ros/jazzy/opt/gz_common_vendor:/opt/ros/jazzy/opt/gz_math_vendor:/opt/ros/jazzy/opt/gz_utils_vendor:/opt/ros/jazzy/opt/gz_tools_vendor:/opt/ros/jazzy/opt/gz_ogre_next_vendor:/opt/ros/jazzy/opt/gz_dartsim_vendor:/opt/ros/jazzy/opt/gz_cmake_vendor:/home/mario/master_ws/install/estun_description:/opt/ros/jazzy DEBUGINFOD_URLS=https://debuginfod.ubuntu.com LD_LIBRARY_PATH=/home/mario/master_ws/install/moveit_task_constructor_core/lib:/home/mario/master_ws/install/rviz_marker_tools/lib:/home/mario/master_ws/install/moveit_task_constructor_msgs/lib:/home/mario/master_ws/install/moveit_task_constructor_demo/lib:/home/mario/master_ws/install/moveit_task_constructor_visualization/lib:/home/mario/master_ws/install/moveit_task_constructor_capabilities/lib:/opt/ros/jazzy/opt/gz_sim_vendor/lib:/opt/ros/jazzy/opt/gz_sensors_vendor/lib:/opt/ros/jazzy/opt/gz_physics_vendor/lib:/opt/ros/jazzy/opt/sdformat_vendor/lib:/opt/ros/jazzy/opt/rviz_ogre_vendor/lib:/opt/ros/jazzy/lib/x86_64-linux-gnu:/opt/ros/jazzy/opt/gz_gui_vendor/lib:/opt/ros/jazzy/opt/gz_transport_vendor/lib:/opt/ros/jazzy/opt/gz_rendering_vendor/lib:/opt/ros/jazzy/opt/gz_plugin_vendor/lib:/opt/ros/jazzy/opt/gz_fuel_tools_vendor/lib:/opt/ros/jazzy/opt/gz_msgs_vendor/lib:/opt/ros/jazzy/opt/gz_common_vendor/lib:/opt/ros/jazzy/opt/gz_math_vendor/lib:/opt/ros/jazzy/opt/gz_utils_vendor/lib:/opt/ros/jazzy/opt/gz_tools_vendor/lib:/opt/ros/jazzy/opt/gz_ogre_next_vendor/lib:/opt/ros/jazzy/opt/gz_dartsim_vendor/lib:/opt/ros/jazzy/opt/gz_cmake_vendor/lib:/opt/ros/jazzy/lib /usr/bin/cmake --build /home/mario/master_ws/build/moveit_task_constructor_visualization -- -j12 -l12
[1.820s] DEBUG:colcon.colcon_core.event_handler.log_command:Invoking command in '/home/mario/master_ws/build/estun_control': CMAKE_PREFIX_PATH=/home/mario/master_ws/install/moveit_task_constructor_core:/home/mario/master_ws/install/rviz_marker_tools:/home/mario/master_ws/install/moveit_task_constructor_msgs:/home/mario/master_ws/install/vision_control:/home/mario/master_ws/install/moveit_task_constructor_demo:/home/mario/master_ws/install/moveit_task_constructor_visualization:/home/mario/master_ws/install/moveit_task_constructor_capabilities:/home/mario/master_ws/install/estun_control:/home/mario/master_ws/install/estun_moveit:/opt/ros/jazzy/opt/gz_sim_vendor:/opt/ros/jazzy/opt/gz_sensors_vendor:/opt/ros/jazzy/opt/gz_physics_vendor:/opt/ros/jazzy/opt/sdformat_vendor:/opt/ros/jazzy/opt/gz_gui_vendor:/opt/ros/jazzy/opt/gz_transport_vendor:/opt/ros/jazzy/opt/gz_rendering_vendor:/opt/ros/jazzy/opt/gz_plugin_vendor:/opt/ros/jazzy/opt/gz_fuel_tools_vendor:/opt/ros/jazzy/opt/gz_msgs_vendor:/opt/ros/jazzy/opt/gz_common_vendor:/opt/ros/jazzy/opt/gz_math_vendor:/opt/ros/jazzy/opt/gz_utils_vendor:/opt/ros/jazzy/opt/gz_tools_vendor:/opt/ros/jazzy/opt/gz_ogre_next_vendor:/opt/ros/jazzy/opt/gz_dartsim_vendor:/opt/ros/jazzy/opt/gz_cmake_vendor:/home/mario/master_ws/install/estun_description:/opt/ros/jazzy DEBUGINFOD_URLS=https://debuginfod.ubuntu.com LD_LIBRARY_PATH=/home/mario/master_ws/install/moveit_task_constructor_core/lib:/home/mario/master_ws/install/rviz_marker_tools/lib:/home/mario/master_ws/install/moveit_task_constructor_msgs/lib:/home/mario/master_ws/install/moveit_task_constructor_demo/lib:/home/mario/master_ws/install/moveit_task_constructor_visualization/lib:/home/mario/master_ws/install/moveit_task_constructor_capabilities/lib:/opt/ros/jazzy/opt/gz_sim_vendor/lib:/opt/ros/jazzy/opt/gz_sensors_vendor/lib:/opt/ros/jazzy/opt/gz_physics_vendor/lib:/opt/ros/jazzy/opt/sdformat_vendor/lib:/opt/ros/jazzy/opt/rviz_ogre_vendor/lib:/opt/ros/jazzy/lib/x86_64-linux-gnu:/opt/ros/jazzy/opt/gz_gui_vendor/lib:/opt/ros/jazzy/opt/gz_transport_vendor/lib:/opt/ros/jazzy/opt/gz_rendering_vendor/lib:/opt/ros/jazzy/opt/gz_plugin_vendor/lib:/opt/ros/jazzy/opt/gz_fuel_tools_vendor/lib:/opt/ros/jazzy/opt/gz_msgs_vendor/lib:/opt/ros/jazzy/opt/gz_common_vendor/lib:/opt/ros/jazzy/opt/gz_math_vendor/lib:/opt/ros/jazzy/opt/gz_utils_vendor/lib:/opt/ros/jazzy/opt/gz_tools_vendor/lib:/opt/ros/jazzy/opt/gz_ogre_next_vendor/lib:/opt/ros/jazzy/opt/gz_dartsim_vendor/lib:/opt/ros/jazzy/opt/gz_cmake_vendor/lib:/opt/ros/jazzy/lib /usr/bin/cmake --build /home/mario/master_ws/build/estun_control -- -j12 -l12
[1.998s] DEBUG:colcon.colcon_core.event_handler.log_command:Invoked command in '/home/mario/master_ws/build/estun_control' returned '0': CMAKE_PREFIX_PATH=/home/mario/master_ws/install/moveit_task_constructor_core:/home/mario/master_ws/install/rviz_marker_tools:/home/mario/master_ws/install/moveit_task_constructor_msgs:/home/mario/master_ws/install/vision_control:/home/mario/master_ws/install/moveit_task_constructor_demo:/home/mario/master_ws/install/moveit_task_constructor_visualization:/home/mario/master_ws/install/moveit_task_constructor_capabilities:/home/mario/master_ws/install/estun_control:/home/mario/master_ws/install/estun_moveit:/opt/ros/jazzy/opt/gz_sim_vendor:/opt/ros/jazzy/opt/gz_sensors_vendor:/opt/ros/jazzy/opt/gz_physics_vendor:/opt/ros/jazzy/opt/sdformat_vendor:/opt/ros/jazzy/opt/gz_gui_vendor:/opt/ros/jazzy/opt/gz_transport_vendor:/opt/ros/jazzy/opt/gz_rendering_vendor:/opt/ros/jazzy/opt/gz_plugin_vendor:/opt/ros/jazzy/opt/gz_fuel_tools_vendor:/opt/ros/jazzy/opt/gz_msgs_vendor:/opt/ros/jazzy/opt/gz_common_vendor:/opt/ros/jazzy/opt/gz_math_vendor:/opt/ros/jazzy/opt/gz_utils_vendor:/opt/ros/jazzy/opt/gz_tools_vendor:/opt/ros/jazzy/opt/gz_ogre_next_vendor:/opt/ros/jazzy/opt/gz_dartsim_vendor:/opt/ros/jazzy/opt/gz_cmake_vendor:/home/mario/master_ws/install/estun_description:/opt/ros/jazzy DEBUGINFOD_URLS=https://debuginfod.ubuntu.com LD_LIBRARY_PATH=/home/mario/master_ws/install/moveit_task_constructor_core/lib:/home/mario/master_ws/install/rviz_marker_tools/lib:/home/mario/master_ws/install/moveit_task_constructor_msgs/lib:/home/mario/master_ws/install/moveit_task_constructor_demo/lib:/home/mario/master_ws/install/moveit_task_constructor_visualization/lib:/home/mario/master_ws/install/moveit_task_constructor_capabilities/lib:/opt/ros/jazzy/opt/gz_sim_vendor/lib:/opt/ros/jazzy/opt/gz_sensors_vendor/lib:/opt/ros/jazzy/opt/gz_physics_vendor/lib:/opt/ros/jazzy/opt/sdformat_vendor/lib:/opt/ros/jazzy/opt/rviz_ogre_vendor/lib:/opt/ros/jazzy/lib/x86_64-linux-gnu:/opt/ros/jazzy/opt/gz_gui_vendor/lib:/opt/ros/jazzy/opt/gz_transport_vendor/lib:/opt/ros/jazzy/opt/gz_rendering_vendor/lib:/opt/ros/jazzy/opt/gz_plugin_vendor/lib:/opt/ros/jazzy/opt/gz_fuel_tools_vendor/lib:/opt/ros/jazzy/opt/gz_msgs_vendor/lib:/opt/ros/jazzy/opt/gz_common_vendor/lib:/opt/ros/jazzy/opt/gz_math_vendor/lib:/opt/ros/jazzy/opt/gz_utils_vendor/lib:/opt/ros/jazzy/opt/gz_tools_vendor/lib:/opt/ros/jazzy/opt/gz_ogre_next_vendor/lib:/opt/ros/jazzy/opt/gz_dartsim_vendor/lib:/opt/ros/jazzy/opt/gz_cmake_vendor/lib:/opt/ros/jazzy/lib /usr/bin/cmake --build /home/mario/master_ws/build/estun_control -- -j12 -l12
[2.000s] DEBUG:colcon.colcon_core.event_handler.log_command:Invoking command in '/home/mario/master_ws/build/estun_control': CMAKE_PREFIX_PATH=/home/mario/master_ws/install/moveit_task_constructor_core:/home/mario/master_ws/install/rviz_marker_tools:/home/mario/master_ws/install/moveit_task_constructor_msgs:/home/mario/master_ws/install/vision_control:/home/mario/master_ws/install/moveit_task_constructor_demo:/home/mario/master_ws/install/moveit_task_constructor_visualization:/home/mario/master_ws/install/moveit_task_constructor_capabilities:/home/mario/master_ws/install/estun_control:/home/mario/master_ws/install/estun_moveit:/opt/ros/jazzy/opt/gz_sim_vendor:/opt/ros/jazzy/opt/gz_sensors_vendor:/opt/ros/jazzy/opt/gz_physics_vendor:/opt/ros/jazzy/opt/sdformat_vendor:/opt/ros/jazzy/opt/gz_gui_vendor:/opt/ros/jazzy/opt/gz_transport_vendor:/opt/ros/jazzy/opt/gz_rendering_vendor:/opt/ros/jazzy/opt/gz_plugin_vendor:/opt/ros/jazzy/opt/gz_fuel_tools_vendor:/opt/ros/jazzy/opt/gz_msgs_vendor:/opt/ros/jazzy/opt/gz_common_vendor:/opt/ros/jazzy/opt/gz_math_vendor:/opt/ros/jazzy/opt/gz_utils_vendor:/opt/ros/jazzy/opt/gz_tools_vendor:/opt/ros/jazzy/opt/gz_ogre_next_vendor:/opt/ros/jazzy/opt/gz_dartsim_vendor:/opt/ros/jazzy/opt/gz_cmake_vendor:/home/mario/master_ws/install/estun_description:/opt/ros/jazzy DEBUGINFOD_URLS=https://debuginfod.ubuntu.com LD_LIBRARY_PATH=/home/mario/master_ws/install/moveit_task_constructor_core/lib:/home/mario/master_ws/install/rviz_marker_tools/lib:/home/mario/master_ws/install/moveit_task_constructor_msgs/lib:/home/mario/master_ws/install/moveit_task_constructor_demo/lib:/home/mario/master_ws/install/moveit_task_constructor_visualization/lib:/home/mario/master_ws/install/moveit_task_constructor_capabilities/lib:/opt/ros/jazzy/opt/gz_sim_vendor/lib:/opt/ros/jazzy/opt/gz_sensors_vendor/lib:/opt/ros/jazzy/opt/gz_physics_vendor/lib:/opt/ros/jazzy/opt/sdformat_vendor/lib:/opt/ros/jazzy/opt/rviz_ogre_vendor/lib:/opt/ros/jazzy/lib/x86_64-linux-gnu:/opt/ros/jazzy/opt/gz_gui_vendor/lib:/opt/ros/jazzy/opt/gz_transport_vendor/lib:/opt/ros/jazzy/opt/gz_rendering_vendor/lib:/opt/ros/jazzy/opt/gz_plugin_vendor/lib:/opt/ros/jazzy/opt/gz_fuel_tools_vendor/lib:/opt/ros/jazzy/opt/gz_msgs_vendor/lib:/opt/ros/jazzy/opt/gz_common_vendor/lib:/opt/ros/jazzy/opt/gz_math_vendor/lib:/opt/ros/jazzy/opt/gz_utils_vendor/lib:/opt/ros/jazzy/opt/gz_tools_vendor/lib:/opt/ros/jazzy/opt/gz_ogre_next_vendor/lib:/opt/ros/jazzy/opt/gz_dartsim_vendor/lib:/opt/ros/jazzy/opt/gz_cmake_vendor/lib:/opt/ros/jazzy/lib /usr/bin/cmake --install /home/mario/master_ws/build/estun_control
[2.025s] Level 1:colcon.colcon_core.environment:create_environment_scripts_only(estun_control)
[2.025s] Level 1:colcon.colcon_core.environment:checking '/home/mario/master_ws/install/estun_control' for CMake module files
[2.025s] Level 1:colcon.colcon_core.environment:checking '/home/mario/master_ws/install/estun_control' for CMake config files
[2.026s] Level 1:colcon.colcon_core.shell:create_environment_hook('estun_control', 'cmake_prefix_path')
[2.026s] INFO:colcon.colcon_core.shell:Creating environment hook '/home/mario/master_ws/install/estun_control/share/estun_control/hook/cmake_prefix_path.ps1'
[2.027s] INFO:colcon.colcon_core.shell:Creating environment descriptor '/home/mario/master_ws/install/estun_control/share/estun_control/hook/cmake_prefix_path.dsv'
[2.027s] DEBUG:colcon.colcon_core.event_handler.log_command:Invoked command in '/home/mario/master_ws/build/estun_control' returned '0': CMAKE_PREFIX_PATH=/home/mario/master_ws/install/moveit_task_constructor_core:/home/mario/master_ws/install/rviz_marker_tools:/home/mario/master_ws/install/moveit_task_constructor_msgs:/home/mario/master_ws/install/vision_control:/home/mario/master_ws/install/moveit_task_constructor_demo:/home/mario/master_ws/install/moveit_task_constructor_visualization:/home/mario/master_ws/install/moveit_task_constructor_capabilities:/home/mario/master_ws/install/estun_control:/home/mario/master_ws/install/estun_moveit:/opt/ros/jazzy/opt/gz_sim_vendor:/opt/ros/jazzy/opt/gz_sensors_vendor:/opt/ros/jazzy/opt/gz_physics_vendor:/opt/ros/jazzy/opt/sdformat_vendor:/opt/ros/jazzy/opt/gz_gui_vendor:/opt/ros/jazzy/opt/gz_transport_vendor:/opt/ros/jazzy/opt/gz_rendering_vendor:/opt/ros/jazzy/opt/gz_plugin_vendor:/opt/ros/jazzy/opt/gz_fuel_tools_vendor:/opt/ros/jazzy/opt/gz_msgs_vendor:/opt/ros/jazzy/opt/gz_common_vendor:/opt/ros/jazzy/opt/gz_math_vendor:/opt/ros/jazzy/opt/gz_utils_vendor:/opt/ros/jazzy/opt/gz_tools_vendor:/opt/ros/jazzy/opt/gz_ogre_next_vendor:/opt/ros/jazzy/opt/gz_dartsim_vendor:/opt/ros/jazzy/opt/gz_cmake_vendor:/home/mario/master_ws/install/estun_description:/opt/ros/jazzy DEBUGINFOD_URLS=https://debuginfod.ubuntu.com LD_LIBRARY_PATH=/home/mario/master_ws/install/moveit_task_constructor_core/lib:/home/mario/master_ws/install/rviz_marker_tools/lib:/home/mario/master_ws/install/moveit_task_constructor_msgs/lib:/home/mario/master_ws/install/moveit_task_constructor_demo/lib:/home/mario/master_ws/install/moveit_task_constructor_visualization/lib:/home/mario/master_ws/install/moveit_task_constructor_capabilities/lib:/opt/ros/jazzy/opt/gz_sim_vendor/lib:/opt/ros/jazzy/opt/gz_sensors_vendor/lib:/opt/ros/jazzy/opt/gz_physics_vendor/lib:/opt/ros/jazzy/opt/sdformat_vendor/lib:/opt/ros/jazzy/opt/rviz_ogre_vendor/lib:/opt/ros/jazzy/lib/x86_64-linux-gnu:/opt/ros/jazzy/opt/gz_gui_vendor/lib:/opt/ros/jazzy/opt/gz_transport_vendor/lib:/opt/ros/jazzy/opt/gz_rendering_vendor/lib:/opt/ros/jazzy/opt/gz_plugin_vendor/lib:/opt/ros/jazzy/opt/gz_fuel_tools_vendor/lib:/opt/ros/jazzy/opt/gz_msgs_vendor/lib:/opt/ros/jazzy/opt/gz_common_vendor/lib:/opt/ros/jazzy/opt/gz_math_vendor/lib:/opt/ros/jazzy/opt/gz_utils_vendor/lib:/opt/ros/jazzy/opt/gz_tools_vendor/lib:/opt/ros/jazzy/opt/gz_ogre_next_vendor/lib:/opt/ros/jazzy/opt/gz_dartsim_vendor/lib:/opt/ros/jazzy/opt/gz_cmake_vendor/lib:/opt/ros/jazzy/lib /usr/bin/cmake --install /home/mario/master_ws/build/estun_control
[2.028s] INFO:colcon.colcon_core.shell:Creating environment hook '/home/mario/master_ws/install/estun_control/share/estun_control/hook/cmake_prefix_path.sh'
[2.029s] Level 1:colcon.colcon_core.environment:checking '/home/mario/master_ws/install/estun_control/lib'
[2.029s] Level 1:colcon.colcon_core.environment:checking '/home/mario/master_ws/install/estun_control/bin'
[2.029s] Level 1:colcon.colcon_core.environment:checking '/home/mario/master_ws/install/estun_control/lib/pkgconfig/estun_control.pc'
[2.029s] Level 1:colcon.colcon_core.environment:checking '/home/mario/master_ws/install/estun_control/lib/python3.12/site-packages'
[2.029s] Level 1:colcon.colcon_core.environment:checking '/home/mario/master_ws/install/estun_control/bin'
[2.030s] INFO:colcon.colcon_core.shell:Creating package script '/home/mario/master_ws/install/estun_control/share/estun_control/package.ps1'
[2.030s] INFO:colcon.colcon_core.shell:Creating package descriptor '/home/mario/master_ws/install/estun_control/share/estun_control/package.dsv'
[2.031s] INFO:colcon.colcon_core.shell:Creating package script '/home/mario/master_ws/install/estun_control/share/estun_control/package.sh'
[2.031s] INFO:colcon.colcon_core.shell:Creating package script '/home/mario/master_ws/install/estun_control/share/estun_control/package.bash'
[2.032s] INFO:colcon.colcon_core.shell:Creating package script '/home/mario/master_ws/install/estun_control/share/estun_control/package.zsh'
[2.032s] Level 1:colcon.colcon_core.environment:create_file_with_runtime_dependencies(/home/mario/master_ws/install/estun_control/share/colcon-core/packages/estun_control)
[2.033s] Level 1:colcon.colcon_core.environment:create_environment_scripts_only(estun_control)
[2.033s] Level 1:colcon.colcon_core.environment:checking '/home/mario/master_ws/install/estun_control' for CMake module files
[2.033s] Level 1:colcon.colcon_core.environment:checking '/home/mario/master_ws/install/estun_control' for CMake config files
[2.034s] Level 1:colcon.colcon_core.shell:create_environment_hook('estun_control', 'cmake_prefix_path')
[2.034s] INFO:colcon.colcon_core.shell:Creating environment hook '/home/mario/master_ws/install/estun_control/share/estun_control/hook/cmake_prefix_path.ps1'
[2.035s] INFO:colcon.colcon_core.shell:Creating environment descriptor '/home/mario/master_ws/install/estun_control/share/estun_control/hook/cmake_prefix_path.dsv'
[2.035s] INFO:colcon.colcon_core.shell:Creating environment hook '/home/mario/master_ws/install/estun_control/share/estun_control/hook/cmake_prefix_path.sh'
[2.036s] Level 1:colcon.colcon_core.environment:checking '/home/mario/master_ws/install/estun_control/lib'
[2.036s] Level 1:colcon.colcon_core.environment:checking '/home/mario/master_ws/install/estun_control/bin'
[2.036s] Level 1:colcon.colcon_core.environment:checking '/home/mario/master_ws/install/estun_control/lib/pkgconfig/estun_control.pc'
[2.036s] Level 1:colcon.colcon_core.environment:checking '/home/mario/master_ws/install/estun_control/lib/python3.12/site-packages'
[2.036s] Level 1:colcon.colcon_core.environment:checking '/home/mario/master_ws/install/estun_control/bin'
[2.036s] INFO:colcon.colcon_core.shell:Creating package script '/home/mario/master_ws/install/estun_control/share/estun_control/package.ps1'
[2.037s] INFO:colcon.colcon_core.shell:Creating package descriptor '/home/mario/master_ws/install/estun_control/share/estun_control/package.dsv'
[2.038s] INFO:colcon.colcon_core.shell:Creating package script '/home/mario/master_ws/install/estun_control/share/estun_control/package.sh'
[2.038s] INFO:colcon.colcon_core.shell:Creating package script '/home/mario/master_ws/install/estun_control/share/estun_control/package.bash'
[2.038s] INFO:colcon.colcon_core.shell:Creating package script '/home/mario/master_ws/install/estun_control/share/estun_control/package.zsh'
[2.039s] Level 1:colcon.colcon_core.environment:create_file_with_runtime_dependencies(/home/mario/master_ws/install/estun_control/share/colcon-core/packages/estun_control)
[2.046s] DEBUG:colcon.colcon_core.event_handler.log_command:Invoked command in '/home/mario/master_ws/build/moveit_task_constructor_capabilities' returned '0': CMAKE_PREFIX_PATH=/home/mario/master_ws/install/moveit_task_constructor_core:/home/mario/master_ws/install/rviz_marker_tools:/home/mario/master_ws/install/moveit_task_constructor_msgs:/home/mario/master_ws/install/vision_control:/home/mario/master_ws/install/moveit_task_constructor_demo:/home/mario/master_ws/install/moveit_task_constructor_visualization:/home/mario/master_ws/install/moveit_task_constructor_capabilities:/home/mario/master_ws/install/estun_control:/home/mario/master_ws/install/estun_moveit:/opt/ros/jazzy/opt/gz_sim_vendor:/opt/ros/jazzy/opt/gz_sensors_vendor:/opt/ros/jazzy/opt/gz_physics_vendor:/opt/ros/jazzy/opt/sdformat_vendor:/opt/ros/jazzy/opt/gz_gui_vendor:/opt/ros/jazzy/opt/gz_transport_vendor:/opt/ros/jazzy/opt/gz_rendering_vendor:/opt/ros/jazzy/opt/gz_plugin_vendor:/opt/ros/jazzy/opt/gz_fuel_tools_vendor:/opt/ros/jazzy/opt/gz_msgs_vendor:/opt/ros/jazzy/opt/gz_common_vendor:/opt/ros/jazzy/opt/gz_math_vendor:/opt/ros/jazzy/opt/gz_utils_vendor:/opt/ros/jazzy/opt/gz_tools_vendor:/opt/ros/jazzy/opt/gz_ogre_next_vendor:/opt/ros/jazzy/opt/gz_dartsim_vendor:/opt/ros/jazzy/opt/gz_cmake_vendor:/home/mario/master_ws/install/estun_description:/opt/ros/jazzy DEBUGINFOD_URLS=https://debuginfod.ubuntu.com LD_LIBRARY_PATH=/home/mario/master_ws/install/moveit_task_constructor_core/lib:/home/mario/master_ws/install/rviz_marker_tools/lib:/home/mario/master_ws/install/moveit_task_constructor_msgs/lib:/home/mario/master_ws/install/moveit_task_constructor_demo/lib:/home/mario/master_ws/install/moveit_task_constructor_visualization/lib:/home/mario/master_ws/install/moveit_task_constructor_capabilities/lib:/opt/ros/jazzy/opt/gz_sim_vendor/lib:/opt/ros/jazzy/opt/gz_sensors_vendor/lib:/opt/ros/jazzy/opt/gz_physics_vendor/lib:/opt/ros/jazzy/opt/sdformat_vendor/lib:/opt/ros/jazzy/opt/rviz_ogre_vendor/lib:/opt/ros/jazzy/lib/x86_64-linux-gnu:/opt/ros/jazzy/opt/gz_gui_vendor/lib:/opt/ros/jazzy/opt/gz_transport_vendor/lib:/opt/ros/jazzy/opt/gz_rendering_vendor/lib:/opt/ros/jazzy/opt/gz_plugin_vendor/lib:/opt/ros/jazzy/opt/gz_fuel_tools_vendor/lib:/opt/ros/jazzy/opt/gz_msgs_vendor/lib:/opt/ros/jazzy/opt/gz_common_vendor/lib:/opt/ros/jazzy/opt/gz_math_vendor/lib:/opt/ros/jazzy/opt/gz_utils_vendor/lib:/opt/ros/jazzy/opt/gz_tools_vendor/lib:/opt/ros/jazzy/opt/gz_ogre_next_vendor/lib:/opt/ros/jazzy/opt/gz_dartsim_vendor/lib:/opt/ros/jazzy/opt/gz_cmake_vendor/lib:/opt/ros/jazzy/lib /usr/bin/cmake --build /home/mario/master_ws/build/moveit_task_constructor_capabilities -- -j12 -l12
[2.047s] DEBUG:colcon.colcon_core.event_handler.log_command:Invoking command in '/home/mario/master_ws/build/moveit_task_constructor_capabilities': CMAKE_PREFIX_PATH=/home/mario/master_ws/install/moveit_task_constructor_core:/home/mario/master_ws/install/rviz_marker_tools:/home/mario/master_ws/install/moveit_task_constructor_msgs:/home/mario/master_ws/install/vision_control:/home/mario/master_ws/install/moveit_task_constructor_demo:/home/mario/master_ws/install/moveit_task_constructor_visualization:/home/mario/master_ws/install/moveit_task_constructor_capabilities:/home/mario/master_ws/install/estun_control:/home/mario/master_ws/install/estun_moveit:/opt/ros/jazzy/opt/gz_sim_vendor:/opt/ros/jazzy/opt/gz_sensors_vendor:/opt/ros/jazzy/opt/gz_physics_vendor:/opt/ros/jazzy/opt/sdformat_vendor:/opt/ros/jazzy/opt/gz_gui_vendor:/opt/ros/jazzy/opt/gz_transport_vendor:/opt/ros/jazzy/opt/gz_rendering_vendor:/opt/ros/jazzy/opt/gz_plugin_vendor:/opt/ros/jazzy/opt/gz_fuel_tools_vendor:/opt/ros/jazzy/opt/gz_msgs_vendor:/opt/ros/jazzy/opt/gz_common_vendor:/opt/ros/jazzy/opt/gz_math_vendor:/opt/ros/jazzy/opt/gz_utils_vendor:/opt/ros/jazzy/opt/gz_tools_vendor:/opt/ros/jazzy/opt/gz_ogre_next_vendor:/opt/ros/jazzy/opt/gz_dartsim_vendor:/opt/ros/jazzy/opt/gz_cmake_vendor:/home/mario/master_ws/install/estun_description:/opt/ros/jazzy DEBUGINFOD_URLS=https://debuginfod.ubuntu.com LD_LIBRARY_PATH=/home/mario/master_ws/install/moveit_task_constructor_core/lib:/home/mario/master_ws/install/rviz_marker_tools/lib:/home/mario/master_ws/install/moveit_task_constructor_msgs/lib:/home/mario/master_ws/install/moveit_task_constructor_demo/lib:/home/mario/master_ws/install/moveit_task_constructor_visualization/lib:/home/mario/master_ws/install/moveit_task_constructor_capabilities/lib:/opt/ros/jazzy/opt/gz_sim_vendor/lib:/opt/ros/jazzy/opt/gz_sensors_vendor/lib:/opt/ros/jazzy/opt/gz_physics_vendor/lib:/opt/ros/jazzy/opt/sdformat_vendor/lib:/opt/ros/jazzy/opt/rviz_ogre_vendor/lib:/opt/ros/jazzy/lib/x86_64-linux-gnu:/opt/ros/jazzy/opt/gz_gui_vendor/lib:/opt/ros/jazzy/opt/gz_transport_vendor/lib:/opt/ros/jazzy/opt/gz_rendering_vendor/lib:/opt/ros/jazzy/opt/gz_plugin_vendor/lib:/opt/ros/jazzy/opt/gz_fuel_tools_vendor/lib:/opt/ros/jazzy/opt/gz_msgs_vendor/lib:/opt/ros/jazzy/opt/gz_common_vendor/lib:/opt/ros/jazzy/opt/gz_math_vendor/lib:/opt/ros/jazzy/opt/gz_utils_vendor/lib:/opt/ros/jazzy/opt/gz_tools_vendor/lib:/opt/ros/jazzy/opt/gz_ogre_next_vendor/lib:/opt/ros/jazzy/opt/gz_dartsim_vendor/lib:/opt/ros/jazzy/opt/gz_cmake_vendor/lib:/opt/ros/jazzy/lib /usr/bin/cmake --install /home/mario/master_ws/build/moveit_task_constructor_capabilities
[2.063s] Level 1:colcon.colcon_core.environment:create_environment_scripts_only(moveit_task_constructor_capabilities)
[2.063s] Level 1:colcon.colcon_core.environment:checking '/home/mario/master_ws/install/moveit_task_constructor_capabilities' for CMake module files
[2.064s] Level 1:colcon.colcon_core.environment:checking '/home/mario/master_ws/install/moveit_task_constructor_capabilities' for CMake config files
[2.064s] Level 1:colcon.colcon_core.shell:create_environment_hook('moveit_task_constructor_capabilities', 'cmake_prefix_path')
[2.065s] INFO:colcon.colcon_core.shell:Creating environment hook '/home/mario/master_ws/install/moveit_task_constructor_capabilities/share/moveit_task_constructor_capabilities/hook/cmake_prefix_path.ps1'
[2.065s] INFO:colcon.colcon_core.shell:Creating environment descriptor '/home/mario/master_ws/install/moveit_task_constructor_capabilities/share/moveit_task_constructor_capabilities/hook/cmake_prefix_path.dsv'
[2.065s] INFO:colcon.colcon_core.shell:Creating environment hook '/home/mario/master_ws/install/moveit_task_constructor_capabilities/share/moveit_task_constructor_capabilities/hook/cmake_prefix_path.sh'
[2.066s] DEBUG:colcon.colcon_core.event_handler.log_command:Invoked command in '/home/mario/master_ws/build/moveit_task_constructor_capabilities' returned '0': CMAKE_PREFIX_PATH=/home/mario/master_ws/install/moveit_task_constructor_core:/home/mario/master_ws/install/rviz_marker_tools:/home/mario/master_ws/install/moveit_task_constructor_msgs:/home/mario/master_ws/install/vision_control:/home/mario/master_ws/install/moveit_task_constructor_demo:/home/mario/master_ws/install/moveit_task_constructor_visualization:/home/mario/master_ws/install/moveit_task_constructor_capabilities:/home/mario/master_ws/install/estun_control:/home/mario/master_ws/install/estun_moveit:/opt/ros/jazzy/opt/gz_sim_vendor:/opt/ros/jazzy/opt/gz_sensors_vendor:/opt/ros/jazzy/opt/gz_physics_vendor:/opt/ros/jazzy/opt/sdformat_vendor:/opt/ros/jazzy/opt/gz_gui_vendor:/opt/ros/jazzy/opt/gz_transport_vendor:/opt/ros/jazzy/opt/gz_rendering_vendor:/opt/ros/jazzy/opt/gz_plugin_vendor:/opt/ros/jazzy/opt/gz_fuel_tools_vendor:/opt/ros/jazzy/opt/gz_msgs_vendor:/opt/ros/jazzy/opt/gz_common_vendor:/opt/ros/jazzy/opt/gz_math_vendor:/opt/ros/jazzy/opt/gz_utils_vendor:/opt/ros/jazzy/opt/gz_tools_vendor:/opt/ros/jazzy/opt/gz_ogre_next_vendor:/opt/ros/jazzy/opt/gz_dartsim_vendor:/opt/ros/jazzy/opt/gz_cmake_vendor:/home/mario/master_ws/install/estun_description:/opt/ros/jazzy DEBUGINFOD_URLS=https://debuginfod.ubuntu.com LD_LIBRARY_PATH=/home/mario/master_ws/install/moveit_task_constructor_core/lib:/home/mario/master_ws/install/rviz_marker_tools/lib:/home/mario/master_ws/install/moveit_task_constructor_msgs/lib:/home/mario/master_ws/install/moveit_task_constructor_demo/lib:/home/mario/master_ws/install/moveit_task_constructor_visualization/lib:/home/mario/master_ws/install/moveit_task_constructor_capabilities/lib:/opt/ros/jazzy/opt/gz_sim_vendor/lib:/opt/ros/jazzy/opt/gz_sensors_vendor/lib:/opt/ros/jazzy/opt/gz_physics_vendor/lib:/opt/ros/jazzy/opt/sdformat_vendor/lib:/opt/ros/jazzy/opt/rviz_ogre_vendor/lib:/opt/ros/jazzy/lib/x86_64-linux-gnu:/opt/ros/jazzy/opt/gz_gui_vendor/lib:/opt/ros/jazzy/opt/gz_transport_vendor/lib:/opt/ros/jazzy/opt/gz_rendering_vendor/lib:/opt/ros/jazzy/opt/gz_plugin_vendor/lib:/opt/ros/jazzy/opt/gz_fuel_tools_vendor/lib:/opt/ros/jazzy/opt/gz_msgs_vendor/lib:/opt/ros/jazzy/opt/gz_common_vendor/lib:/opt/ros/jazzy/opt/gz_math_vendor/lib:/opt/ros/jazzy/opt/gz_utils_vendor/lib:/opt/ros/jazzy/opt/gz_tools_vendor/lib:/opt/ros/jazzy/opt/gz_ogre_next_vendor/lib:/opt/ros/jazzy/opt/gz_dartsim_vendor/lib:/opt/ros/jazzy/opt/gz_cmake_vendor/lib:/opt/ros/jazzy/lib /usr/bin/cmake --install /home/mario/master_ws/build/moveit_task_constructor_capabilities
[2.066s] Level 1:colcon.colcon_core.environment:checking '/home/mario/master_ws/install/moveit_task_constructor_capabilities/lib'
[2.066s] Level 1:colcon.colcon_core.shell:create_environment_hook('moveit_task_constructor_capabilities', 'ld_library_path_lib')
[2.067s] INFO:colcon.colcon_core.shell:Creating environment hook '/home/mario/master_ws/install/moveit_task_constructor_capabilities/share/moveit_task_constructor_capabilities/hook/ld_library_path_lib.ps1'
[2.067s] INFO:colcon.colcon_core.shell:Creating environment descriptor '/home/mario/master_ws/install/moveit_task_constructor_capabilities/share/moveit_task_constructor_capabilities/hook/ld_library_path_lib.dsv'
[2.067s] INFO:colcon.colcon_core.shell:Creating environment hook '/home/mario/master_ws/install/moveit_task_constructor_capabilities/share/moveit_task_constructor_capabilities/hook/ld_library_path_lib.sh'
[2.068s] Level 1:colcon.colcon_core.environment:checking '/home/mario/master_ws/install/moveit_task_constructor_capabilities/bin'
[2.068s] Level 1:colcon.colcon_core.environment:checking '/home/mario/master_ws/install/moveit_task_constructor_capabilities/lib/pkgconfig/moveit_task_constructor_capabilities.pc'
[2.068s] Level 1:colcon.colcon_core.environment:checking '/home/mario/master_ws/install/moveit_task_constructor_capabilities/lib/python3.12/site-packages'
[2.068s] Level 1:colcon.colcon_core.environment:checking '/home/mario/master_ws/install/moveit_task_constructor_capabilities/bin'
[2.068s] INFO:colcon.colcon_core.shell:Creating package script '/home/mario/master_ws/install/moveit_task_constructor_capabilities/share/moveit_task_constructor_capabilities/package.ps1'
[2.069s] INFO:colcon.colcon_core.shell:Creating package descriptor '/home/mario/master_ws/install/moveit_task_constructor_capabilities/share/moveit_task_constructor_capabilities/package.dsv'
[2.069s] INFO:colcon.colcon_core.shell:Creating package script '/home/mario/master_ws/install/moveit_task_constructor_capabilities/share/moveit_task_constructor_capabilities/package.sh'
[2.070s] INFO:colcon.colcon_core.shell:Creating package script '/home/mario/master_ws/install/moveit_task_constructor_capabilities/share/moveit_task_constructor_capabilities/package.bash'
[2.070s] INFO:colcon.colcon_core.shell:Creating package script '/home/mario/master_ws/install/moveit_task_constructor_capabilities/share/moveit_task_constructor_capabilities/package.zsh'
[2.070s] Level 1:colcon.colcon_core.environment:create_file_with_runtime_dependencies(/home/mario/master_ws/install/moveit_task_constructor_capabilities/share/colcon-core/packages/moveit_task_constructor_capabilities)
[2.071s] Level 1:colcon.colcon_core.environment:create_environment_scripts_only(moveit_task_constructor_capabilities)
[2.071s] Level 1:colcon.colcon_core.environment:checking '/home/mario/master_ws/install/moveit_task_constructor_capabilities' for CMake module files
[2.072s] Level 1:colcon.colcon_core.environment:checking '/home/mario/master_ws/install/moveit_task_constructor_capabilities' for CMake config files
[2.072s] Level 1:colcon.colcon_core.shell:create_environment_hook('moveit_task_constructor_capabilities', 'cmake_prefix_path')
[2.072s] INFO:colcon.colcon_core.shell:Creating environment hook '/home/mario/master_ws/install/moveit_task_constructor_capabilities/share/moveit_task_constructor_capabilities/hook/cmake_prefix_path.ps1'
[2.073s] INFO:colcon.colcon_core.shell:Creating environment descriptor '/home/mario/master_ws/install/moveit_task_constructor_capabilities/share/moveit_task_constructor_capabilities/hook/cmake_prefix_path.dsv'
[2.073s] INFO:colcon.colcon_core.shell:Creating environment hook '/home/mario/master_ws/install/moveit_task_constructor_capabilities/share/moveit_task_constructor_capabilities/hook/cmake_prefix_path.sh'
[2.074s] Level 1:colcon.colcon_core.environment:checking '/home/mario/master_ws/install/moveit_task_constructor_capabilities/lib'
[2.074s] Level 1:colcon.colcon_core.shell:create_environment_hook('moveit_task_constructor_capabilities', 'ld_library_path_lib')
[2.074s] INFO:colcon.colcon_core.shell:Creating environment hook '/home/mario/master_ws/install/moveit_task_constructor_capabilities/share/moveit_task_constructor_capabilities/hook/ld_library_path_lib.ps1'
[2.074s] INFO:colcon.colcon_core.shell:Creating environment descriptor '/home/mario/master_ws/install/moveit_task_constructor_capabilities/share/moveit_task_constructor_capabilities/hook/ld_library_path_lib.dsv'
[2.075s] INFO:colcon.colcon_core.shell:Creating environment hook '/home/mario/master_ws/install/moveit_task_constructor_capabilities/share/moveit_task_constructor_capabilities/hook/ld_library_path_lib.sh'
[2.075s] Level 1:colcon.colcon_core.environment:checking '/home/mario/master_ws/install/moveit_task_constructor_capabilities/bin'
[2.075s] Level 1:colcon.colcon_core.environment:checking '/home/mario/master_ws/install/moveit_task_constructor_capabilities/lib/pkgconfig/moveit_task_constructor_capabilities.pc'
[2.075s] Level 1:colcon.colcon_core.environment:checking '/home/mario/master_ws/install/moveit_task_constructor_capabilities/lib/python3.12/site-packages'
[2.076s] Level 1:colcon.colcon_core.environment:checking '/home/mario/master_ws/install/moveit_task_constructor_capabilities/bin'
[2.077s] INFO:colcon.colcon_core.shell:Creating package script '/home/mario/master_ws/install/moveit_task_constructor_capabilities/share/moveit_task_constructor_capabilities/package.ps1'
[2.078s] INFO:colcon.colcon_core.shell:Creating package descriptor '/home/mario/master_ws/install/moveit_task_constructor_capabilities/share/moveit_task_constructor_capabilities/package.dsv'
[2.079s] INFO:colcon.colcon_core.shell:Creating package script '/home/mario/master_ws/install/moveit_task_constructor_capabilities/share/moveit_task_constructor_capabilities/package.sh'
[2.079s] INFO:colcon.colcon_core.shell:Creating package script '/home/mario/master_ws/install/moveit_task_constructor_capabilities/share/moveit_task_constructor_capabilities/package.bash'
[2.080s] INFO:colcon.colcon_core.shell:Creating package script '/home/mario/master_ws/install/moveit_task_constructor_capabilities/share/moveit_task_constructor_capabilities/package.zsh'
[2.080s] Level 1:colcon.colcon_core.environment:create_file_with_runtime_dependencies(/home/mario/master_ws/install/moveit_task_constructor_capabilities/share/colcon-core/packages/moveit_task_constructor_capabilities)
[2.391s] Level 1:colcon.colcon_core.environment:checking '/home/mario/master_ws/install/estun_description' for CMake module files
[2.391s] Level 1:colcon.colcon_core.environment:checking '/home/mario/master_ws/install/estun_description' for CMake config files
[2.391s] DEBUG:colcon.colcon_core.event_handler.log_command:Invoked command in '/home/mario/master_ws/src/estun_description' returned '0': DEBUGINFOD_URLS=https://debuginfod.ubuntu.com PYTHONPATH=/home/mario/master_ws/build/estun_description/prefix_override:/usr/lib/python3/dist-packages/colcon_core/task/python/colcon_distutils_commands:/home/mario/master_ws/install/estun_description/lib/python3.12/site-packages:${PYTHONPATH} /usr/bin/python3 -W ignore:setup.py install is deprecated -W ignore:easy_install command is deprecated setup.py egg_info --egg-base ../../build/estun_description build --build-base /home/mario/master_ws/build/estun_description/build install --record /home/mario/master_ws/build/estun_description/install.log --install-scripts $base/lib/fusion2urdf_ros2 --single-version-externally-managed install_data
[2.392s] Level 1:colcon.colcon_core.environment:checking '/home/mario/master_ws/install/estun_description/lib'
[2.392s] Level 1:colcon.colcon_core.environment:checking '/home/mario/master_ws/install/estun_description/bin'
[2.392s] Level 1:colcon.colcon_core.environment:checking '/home/mario/master_ws/install/estun_description/lib/pkgconfig/estun_description.pc'
[2.392s] Level 1:colcon.colcon_core.environment:checking '/home/mario/master_ws/install/estun_description/lib/python3.12/site-packages'
[2.393s] Level 1:colcon.colcon_core.shell:create_environment_hook('estun_description', 'pythonpath')
[2.393s] INFO:colcon.colcon_core.shell:Creating environment hook '/home/mario/master_ws/install/estun_description/share/estun_description/hook/pythonpath.ps1'
[2.393s] INFO:colcon.colcon_core.shell:Creating environment descriptor '/home/mario/master_ws/install/estun_description/share/estun_description/hook/pythonpath.dsv'
[2.394s] INFO:colcon.colcon_core.shell:Creating environment hook '/home/mario/master_ws/install/estun_description/share/estun_description/hook/pythonpath.sh'
[2.394s] Level 1:colcon.colcon_core.environment:checking '/home/mario/master_ws/install/estun_description/bin'
[2.394s] Level 1:colcon.colcon_core.environment:create_environment_scripts_only(estun_description)
[2.395s] INFO:colcon.colcon_core.shell:Creating package script '/home/mario/master_ws/install/estun_description/share/estun_description/package.ps1'
[2.395s] INFO:colcon.colcon_core.shell:Creating package descriptor '/home/mario/master_ws/install/estun_description/share/estun_description/package.dsv'
[2.396s] INFO:colcon.colcon_core.shell:Creating package script '/home/mario/master_ws/install/estun_description/share/estun_description/package.sh'
[2.396s] INFO:colcon.colcon_core.shell:Creating package script '/home/mario/master_ws/install/estun_description/share/estun_description/package.bash'
[2.396s] INFO:colcon.colcon_core.shell:Creating package script '/home/mario/master_ws/install/estun_description/share/estun_description/package.zsh'
[2.397s] Level 1:colcon.colcon_core.environment:create_file_with_runtime_dependencies(/home/mario/master_ws/install/estun_description/share/colcon-core/packages/estun_description)
[2.397s] INFO:colcon.colcon_ros.task.ament_cmake.build:Building ROS package in '/home/mario/master_ws/src/estun_moveit' with build type 'ament_cmake'
[2.397s] INFO:colcon.colcon_cmake.task.cmake.build:Building CMake package in '/home/mario/master_ws/src/estun_moveit'
[2.397s] INFO:colcon.colcon_core.shell:Skip shell extension 'powershell' for command environment: Not usable outside of PowerShell
[2.397s] DEBUG:colcon.colcon_core.shell:Skip shell extension 'dsv' for command environment
[2.407s] DEBUG:colcon.colcon_core.event_handler.log_command:Invoked command in '/home/mario/master_ws/build/moveit_task_constructor_visualization' returned '0': CMAKE_PREFIX_PATH=/home/mario/master_ws/install/moveit_task_constructor_core:/home/mario/master_ws/install/rviz_marker_tools:/home/mario/master_ws/install/moveit_task_constructor_msgs:/home/mario/master_ws/install/vision_control:/home/mario/master_ws/install/moveit_task_constructor_demo:/home/mario/master_ws/install/moveit_task_constructor_visualization:/home/mario/master_ws/install/moveit_task_constructor_capabilities:/home/mario/master_ws/install/estun_control:/home/mario/master_ws/install/estun_moveit:/opt/ros/jazzy/opt/gz_sim_vendor:/opt/ros/jazzy/opt/gz_sensors_vendor:/opt/ros/jazzy/opt/gz_physics_vendor:/opt/ros/jazzy/opt/sdformat_vendor:/opt/ros/jazzy/opt/gz_gui_vendor:/opt/ros/jazzy/opt/gz_transport_vendor:/opt/ros/jazzy/opt/gz_rendering_vendor:/opt/ros/jazzy/opt/gz_plugin_vendor:/opt/ros/jazzy/opt/gz_fuel_tools_vendor:/opt/ros/jazzy/opt/gz_msgs_vendor:/opt/ros/jazzy/opt/gz_common_vendor:/opt/ros/jazzy/opt/gz_math_vendor:/opt/ros/jazzy/opt/gz_utils_vendor:/opt/ros/jazzy/opt/gz_tools_vendor:/opt/ros/jazzy/opt/gz_ogre_next_vendor:/opt/ros/jazzy/opt/gz_dartsim_vendor:/opt/ros/jazzy/opt/gz_cmake_vendor:/home/mario/master_ws/install/estun_description:/opt/ros/jazzy DEBUGINFOD_URLS=https://debuginfod.ubuntu.com LD_LIBRARY_PATH=/home/mario/master_ws/install/moveit_task_constructor_core/lib:/home/mario/master_ws/install/rviz_marker_tools/lib:/home/mario/master_ws/install/moveit_task_constructor_msgs/lib:/home/mario/master_ws/install/moveit_task_constructor_demo/lib:/home/mario/master_ws/install/moveit_task_constructor_visualization/lib:/home/mario/master_ws/install/moveit_task_constructor_capabilities/lib:/opt/ros/jazzy/opt/gz_sim_vendor/lib:/opt/ros/jazzy/opt/gz_sensors_vendor/lib:/opt/ros/jazzy/opt/gz_physics_vendor/lib:/opt/ros/jazzy/opt/sdformat_vendor/lib:/opt/ros/jazzy/opt/rviz_ogre_vendor/lib:/opt/ros/jazzy/lib/x86_64-linux-gnu:/opt/ros/jazzy/opt/gz_gui_vendor/lib:/opt/ros/jazzy/opt/gz_transport_vendor/lib:/opt/ros/jazzy/opt/gz_rendering_vendor/lib:/opt/ros/jazzy/opt/gz_plugin_vendor/lib:/opt/ros/jazzy/opt/gz_fuel_tools_vendor/lib:/opt/ros/jazzy/opt/gz_msgs_vendor/lib:/opt/ros/jazzy/opt/gz_common_vendor/lib:/opt/ros/jazzy/opt/gz_math_vendor/lib:/opt/ros/jazzy/opt/gz_utils_vendor/lib:/opt/ros/jazzy/opt/gz_tools_vendor/lib:/opt/ros/jazzy/opt/gz_ogre_next_vendor/lib:/opt/ros/jazzy/opt/gz_dartsim_vendor/lib:/opt/ros/jazzy/opt/gz_cmake_vendor/lib:/opt/ros/jazzy/lib /usr/bin/cmake --build /home/mario/master_ws/build/moveit_task_constructor_visualization -- -j12 -l12
[2.408s] DEBUG:colcon.colcon_core.event_handler.log_command:Invoking command in '/home/mario/master_ws/build/moveit_task_constructor_visualization': CMAKE_PREFIX_PATH=/home/mario/master_ws/install/moveit_task_constructor_core:/home/mario/master_ws/install/rviz_marker_tools:/home/mario/master_ws/install/moveit_task_constructor_msgs:/home/mario/master_ws/install/vision_control:/home/mario/master_ws/install/moveit_task_constructor_demo:/home/mario/master_ws/install/moveit_task_constructor_visualization:/home/mario/master_ws/install/moveit_task_constructor_capabilities:/home/mario/master_ws/install/estun_control:/home/mario/master_ws/install/estun_moveit:/opt/ros/jazzy/opt/gz_sim_vendor:/opt/ros/jazzy/opt/gz_sensors_vendor:/opt/ros/jazzy/opt/gz_physics_vendor:/opt/ros/jazzy/opt/sdformat_vendor:/opt/ros/jazzy/opt/gz_gui_vendor:/opt/ros/jazzy/opt/gz_transport_vendor:/opt/ros/jazzy/opt/gz_rendering_vendor:/opt/ros/jazzy/opt/gz_plugin_vendor:/opt/ros/jazzy/opt/gz_fuel_tools_vendor:/opt/ros/jazzy/opt/gz_msgs_vendor:/opt/ros/jazzy/opt/gz_common_vendor:/opt/ros/jazzy/opt/gz_math_vendor:/opt/ros/jazzy/opt/gz_utils_vendor:/opt/ros/jazzy/opt/gz_tools_vendor:/opt/ros/jazzy/opt/gz_ogre_next_vendor:/opt/ros/jazzy/opt/gz_dartsim_vendor:/opt/ros/jazzy/opt/gz_cmake_vendor:/home/mario/master_ws/install/estun_description:/opt/ros/jazzy DEBUGINFOD_URLS=https://debuginfod.ubuntu.com LD_LIBRARY_PATH=/home/mario/master_ws/install/moveit_task_constructor_core/lib:/home/mario/master_ws/install/rviz_marker_tools/lib:/home/mario/master_ws/install/moveit_task_constructor_msgs/lib:/home/mario/master_ws/install/moveit_task_constructor_demo/lib:/home/mario/master_ws/install/moveit_task_constructor_visualization/lib:/home/mario/master_ws/install/moveit_task_constructor_capabilities/lib:/opt/ros/jazzy/opt/gz_sim_vendor/lib:/opt/ros/jazzy/opt/gz_sensors_vendor/lib:/opt/ros/jazzy/opt/gz_physics_vendor/lib:/opt/ros/jazzy/opt/sdformat_vendor/lib:/opt/ros/jazzy/opt/rviz_ogre_vendor/lib:/opt/ros/jazzy/lib/x86_64-linux-gnu:/opt/ros/jazzy/opt/gz_gui_vendor/lib:/opt/ros/jazzy/opt/gz_transport_vendor/lib:/opt/ros/jazzy/opt/gz_rendering_vendor/lib:/opt/ros/jazzy/opt/gz_plugin_vendor/lib:/opt/ros/jazzy/opt/gz_fuel_tools_vendor/lib:/opt/ros/jazzy/opt/gz_msgs_vendor/lib:/opt/ros/jazzy/opt/gz_common_vendor/lib:/opt/ros/jazzy/opt/gz_math_vendor/lib:/opt/ros/jazzy/opt/gz_utils_vendor/lib:/opt/ros/jazzy/opt/gz_tools_vendor/lib:/opt/ros/jazzy/opt/gz_ogre_next_vendor/lib:/opt/ros/jazzy/opt/gz_dartsim_vendor/lib:/opt/ros/jazzy/opt/gz_cmake_vendor/lib:/opt/ros/jazzy/lib /usr/bin/cmake --install /home/mario/master_ws/build/moveit_task_constructor_visualization
[2.411s] DEBUG:colcon.colcon_core.event_handler.log_command:Invoking command in '/home/mario/master_ws/build/estun_moveit': AMENT_PREFIX_PATH=/home/mario/master_ws/install/estun_description:/home/mario/master_ws/install/vision_control:/home/mario/master_ws/install/moveit_task_constructor_demo:/home/mario/master_ws/install/moveit_task_constructor_visualization:/home/mario/master_ws/install/moveit_task_constructor_capabilities:/home/mario/master_ws/install/estun_control:/home/mario/master_ws/install/moveit_task_constructor_core:/home/mario/master_ws/install/rviz_marker_tools:/home/mario/master_ws/install/moveit_task_constructor_msgs:/home/mario/master_ws/install/estun_moveit:/opt/ros/jazzy CMAKE_PREFIX_PATH=${CMAKE_PREFIX_PATH}:/home/mario/master_ws/install/estun_description:/opt/ros/jazzy DEBUGINFOD_URLS=https://debuginfod.ubuntu.com PYTHONPATH=/home/mario/master_ws/install/estun_description/lib/python3.12/site-packages:/home/mario/master_ws/install/moveit_task_constructor_core/lib/python3.12/site-packages:/home/mario/master_ws/install/moveit_task_constructor_msgs/lib/python3.12/site-packages:/opt/ros/jazzy/opt/gz_sim_vendor/lib/python:/opt/ros/jazzy/opt/sdformat_vendor/lib/python:/opt/ros/jazzy/opt/gz_transport_vendor/lib/python:/opt/ros/jazzy/opt/gz_msgs_vendor/lib/python:/opt/ros/jazzy/opt/gz_math_vendor/lib/python:/opt/ros/jazzy/lib/python3.12/site-packages /usr/bin/cmake --build /home/mario/master_ws/build/estun_moveit -- -j12 -l12
[2.426s] Level 1:colcon.colcon_core.environment:create_environment_scripts_only(moveit_task_constructor_visualization)
[2.427s] Level 1:colcon.colcon_core.environment:checking '/home/mario/master_ws/install/moveit_task_constructor_visualization' for CMake module files
[2.428s] Level 1:colcon.colcon_core.environment:checking '/home/mario/master_ws/install/moveit_task_constructor_visualization' for CMake config files
[2.429s] Level 1:colcon.colcon_core.shell:create_environment_hook('moveit_task_constructor_visualization', 'cmake_prefix_path')
[2.429s] INFO:colcon.colcon_core.shell:Creating environment hook '/home/mario/master_ws/install/moveit_task_constructor_visualization/share/moveit_task_constructor_visualization/hook/cmake_prefix_path.ps1'
[2.429s] DEBUG:colcon.colcon_core.event_handler.log_command:Invoked command in '/home/mario/master_ws/build/moveit_task_constructor_visualization' returned '0': CMAKE_PREFIX_PATH=/home/mario/master_ws/install/moveit_task_constructor_core:/home/mario/master_ws/install/rviz_marker_tools:/home/mario/master_ws/install/moveit_task_constructor_msgs:/home/mario/master_ws/install/vision_control:/home/mario/master_ws/install/moveit_task_constructor_demo:/home/mario/master_ws/install/moveit_task_constructor_visualization:/home/mario/master_ws/install/moveit_task_constructor_capabilities:/home/mario/master_ws/install/estun_control:/home/mario/master_ws/install/estun_moveit:/opt/ros/jazzy/opt/gz_sim_vendor:/opt/ros/jazzy/opt/gz_sensors_vendor:/opt/ros/jazzy/opt/gz_physics_vendor:/opt/ros/jazzy/opt/sdformat_vendor:/opt/ros/jazzy/opt/gz_gui_vendor:/opt/ros/jazzy/opt/gz_transport_vendor:/opt/ros/jazzy/opt/gz_rendering_vendor:/opt/ros/jazzy/opt/gz_plugin_vendor:/opt/ros/jazzy/opt/gz_fuel_tools_vendor:/opt/ros/jazzy/opt/gz_msgs_vendor:/opt/ros/jazzy/opt/gz_common_vendor:/opt/ros/jazzy/opt/gz_math_vendor:/opt/ros/jazzy/opt/gz_utils_vendor:/opt/ros/jazzy/opt/gz_tools_vendor:/opt/ros/jazzy/opt/gz_ogre_next_vendor:/opt/ros/jazzy/opt/gz_dartsim_vendor:/opt/ros/jazzy/opt/gz_cmake_vendor:/home/mario/master_ws/install/estun_description:/opt/ros/jazzy DEBUGINFOD_URLS=https://debuginfod.ubuntu.com LD_LIBRARY_PATH=/home/mario/master_ws/install/moveit_task_constructor_core/lib:/home/mario/master_ws/install/rviz_marker_tools/lib:/home/mario/master_ws/install/moveit_task_constructor_msgs/lib:/home/mario/master_ws/install/moveit_task_constructor_demo/lib:/home/mario/master_ws/install/moveit_task_constructor_visualization/lib:/home/mario/master_ws/install/moveit_task_constructor_capabilities/lib:/opt/ros/jazzy/opt/gz_sim_vendor/lib:/opt/ros/jazzy/opt/gz_sensors_vendor/lib:/opt/ros/jazzy/opt/gz_physics_vendor/lib:/opt/ros/jazzy/opt/sdformat_vendor/lib:/opt/ros/jazzy/opt/rviz_ogre_vendor/lib:/opt/ros/jazzy/lib/x86_64-linux-gnu:/opt/ros/jazzy/opt/gz_gui_vendor/lib:/opt/ros/jazzy/opt/gz_transport_vendor/lib:/opt/ros/jazzy/opt/gz_rendering_vendor/lib:/opt/ros/jazzy/opt/gz_plugin_vendor/lib:/opt/ros/jazzy/opt/gz_fuel_tools_vendor/lib:/opt/ros/jazzy/opt/gz_msgs_vendor/lib:/opt/ros/jazzy/opt/gz_common_vendor/lib:/opt/ros/jazzy/opt/gz_math_vendor/lib:/opt/ros/jazzy/opt/gz_utils_vendor/lib:/opt/ros/jazzy/opt/gz_tools_vendor/lib:/opt/ros/jazzy/opt/gz_ogre_next_vendor/lib:/opt/ros/jazzy/opt/gz_dartsim_vendor/lib:/opt/ros/jazzy/opt/gz_cmake_vendor/lib:/opt/ros/jazzy/lib /usr/bin/cmake --install /home/mario/master_ws/build/moveit_task_constructor_visualization
[2.429s] INFO:colcon.colcon_core.shell:Creating environment descriptor '/home/mario/master_ws/install/moveit_task_constructor_visualization/share/moveit_task_constructor_visualization/hook/cmake_prefix_path.dsv'
[2.430s] INFO:colcon.colcon_core.shell:Creating environment hook '/home/mario/master_ws/install/moveit_task_constructor_visualization/share/moveit_task_constructor_visualization/hook/cmake_prefix_path.sh'
[2.430s] Level 1:colcon.colcon_core.environment:checking '/home/mario/master_ws/install/moveit_task_constructor_visualization/lib'
[2.430s] Level 1:colcon.colcon_core.shell:create_environment_hook('moveit_task_constructor_visualization', 'ld_library_path_lib')
[2.430s] INFO:colcon.colcon_core.shell:Creating environment hook '/home/mario/master_ws/install/moveit_task_constructor_visualization/share/moveit_task_constructor_visualization/hook/ld_library_path_lib.ps1'
[2.431s] INFO:colcon.colcon_core.shell:Creating environment descriptor '/home/mario/master_ws/install/moveit_task_constructor_visualization/share/moveit_task_constructor_visualization/hook/ld_library_path_lib.dsv'
[2.431s] INFO:colcon.colcon_core.shell:Creating environment hook '/home/mario/master_ws/install/moveit_task_constructor_visualization/share/moveit_task_constructor_visualization/hook/ld_library_path_lib.sh'
[2.431s] Level 1:colcon.colcon_core.environment:checking '/home/mario/master_ws/install/moveit_task_constructor_visualization/bin'
[2.431s] Level 1:colcon.colcon_core.environment:checking '/home/mario/master_ws/install/moveit_task_constructor_visualization/lib/pkgconfig/moveit_task_constructor_visualization.pc'
[2.431s] Level 1:colcon.colcon_core.environment:checking '/home/mario/master_ws/install/moveit_task_constructor_visualization/lib/python3.12/site-packages'
[2.432s] Level 1:colcon.colcon_core.environment:checking '/home/mario/master_ws/install/moveit_task_constructor_visualization/bin'
[2.432s] INFO:colcon.colcon_core.shell:Creating package script '/home/mario/master_ws/install/moveit_task_constructor_visualization/share/moveit_task_constructor_visualization/package.ps1'
[2.432s] INFO:colcon.colcon_core.shell:Creating package descriptor '/home/mario/master_ws/install/moveit_task_constructor_visualization/share/moveit_task_constructor_visualization/package.dsv'
[2.433s] INFO:colcon.colcon_core.shell:Creating package script '/home/mario/master_ws/install/moveit_task_constructor_visualization/share/moveit_task_constructor_visualization/package.sh'
[2.433s] INFO:colcon.colcon_core.shell:Creating package script '/home/mario/master_ws/install/moveit_task_constructor_visualization/share/moveit_task_constructor_visualization/package.bash'
[2.433s] INFO:colcon.colcon_core.shell:Creating package script '/home/mario/master_ws/install/moveit_task_constructor_visualization/share/moveit_task_constructor_visualization/package.zsh'
[2.434s] Level 1:colcon.colcon_core.environment:create_file_with_runtime_dependencies(/home/mario/master_ws/install/moveit_task_constructor_visualization/share/colcon-core/packages/moveit_task_constructor_visualization)
[2.434s] Level 1:colcon.colcon_core.environment:create_environment_scripts_only(moveit_task_constructor_visualization)
[2.434s] Level 1:colcon.colcon_core.environment:checking '/home/mario/master_ws/install/moveit_task_constructor_visualization' for CMake module files
[2.435s] Level 1:colcon.colcon_core.environment:checking '/home/mario/master_ws/install/moveit_task_constructor_visualization' for CMake config files
[2.435s] Level 1:colcon.colcon_core.shell:create_environment_hook('moveit_task_constructor_visualization', 'cmake_prefix_path')
[2.435s] INFO:colcon.colcon_core.shell:Creating environment hook '/home/mario/master_ws/install/moveit_task_constructor_visualization/share/moveit_task_constructor_visualization/hook/cmake_prefix_path.ps1'
[2.436s] INFO:colcon.colcon_core.shell:Creating environment descriptor '/home/mario/master_ws/install/moveit_task_constructor_visualization/share/moveit_task_constructor_visualization/hook/cmake_prefix_path.dsv'
[2.436s] INFO:colcon.colcon_core.shell:Creating environment hook '/home/mario/master_ws/install/moveit_task_constructor_visualization/share/moveit_task_constructor_visualization/hook/cmake_prefix_path.sh'
[2.437s] Level 1:colcon.colcon_core.environment:checking '/home/mario/master_ws/install/moveit_task_constructor_visualization/lib'
[2.437s] Level 1:colcon.colcon_core.shell:create_environment_hook('moveit_task_constructor_visualization', 'ld_library_path_lib')
[2.437s] INFO:colcon.colcon_core.shell:Creating environment hook '/home/mario/master_ws/install/moveit_task_constructor_visualization/share/moveit_task_constructor_visualization/hook/ld_library_path_lib.ps1'
[2.437s] INFO:colcon.colcon_core.shell:Creating environment descriptor '/home/mario/master_ws/install/moveit_task_constructor_visualization/share/moveit_task_constructor_visualization/hook/ld_library_path_lib.dsv'
[2.437s] INFO:colcon.colcon_core.shell:Creating environment hook '/home/mario/master_ws/install/moveit_task_constructor_visualization/share/moveit_task_constructor_visualization/hook/ld_library_path_lib.sh'
[2.438s] Level 1:colcon.colcon_core.environment:checking '/home/mario/master_ws/install/moveit_task_constructor_visualization/bin'
[2.438s] Level 1:colcon.colcon_core.environment:checking '/home/mario/master_ws/install/moveit_task_constructor_visualization/lib/pkgconfig/moveit_task_constructor_visualization.pc'
[2.438s] Level 1:colcon.colcon_core.environment:checking '/home/mario/master_ws/install/moveit_task_constructor_visualization/lib/python3.12/site-packages'
[2.438s] Level 1:colcon.colcon_core.environment:checking '/home/mario/master_ws/install/moveit_task_constructor_visualization/bin'
[2.439s] INFO:colcon.colcon_core.shell:Creating package script '/home/mario/master_ws/install/moveit_task_constructor_visualization/share/moveit_task_constructor_visualization/package.ps1'
[2.439s] INFO:colcon.colcon_core.shell:Creating package descriptor '/home/mario/master_ws/install/moveit_task_constructor_visualization/share/moveit_task_constructor_visualization/package.dsv'
[2.440s] INFO:colcon.colcon_core.shell:Creating package script '/home/mario/master_ws/install/moveit_task_constructor_visualization/share/moveit_task_constructor_visualization/package.sh'
[2.440s] INFO:colcon.colcon_core.shell:Creating package script '/home/mario/master_ws/install/moveit_task_constructor_visualization/share/moveit_task_constructor_visualization/package.bash'
[2.440s] INFO:colcon.colcon_core.shell:Creating package script '/home/mario/master_ws/install/moveit_task_constructor_visualization/share/moveit_task_constructor_visualization/package.zsh'
[2.441s] Level 1:colcon.colcon_core.environment:create_file_with_runtime_dependencies(/home/mario/master_ws/install/moveit_task_constructor_visualization/share/colcon-core/packages/moveit_task_constructor_visualization)
[2.441s] INFO:colcon.colcon_ros.task.ament_cmake.build:Building ROS package in '/home/mario/master_ws/src/moveit_task_constructor/demo' with build type 'ament_cmake'
[2.441s] INFO:colcon.colcon_cmake.task.cmake.build:Building CMake package in '/home/mario/master_ws/src/moveit_task_constructor/demo'
[2.441s] INFO:colcon.colcon_core.shell:Skip shell extension 'powershell' for command environment: Not usable outside of PowerShell
[2.441s] DEBUG:colcon.colcon_core.shell:Skip shell extension 'dsv' for command environment
[2.461s] DEBUG:colcon.colcon_core.event_handler.log_command:Invoked command in '/home/mario/master_ws/build/estun_moveit' returned '0': AMENT_PREFIX_PATH=/home/mario/master_ws/install/estun_description:/home/mario/master_ws/install/vision_control:/home/mario/master_ws/install/moveit_task_constructor_demo:/home/mario/master_ws/install/moveit_task_constructor_visualization:/home/mario/master_ws/install/moveit_task_constructor_capabilities:/home/mario/master_ws/install/estun_control:/home/mario/master_ws/install/moveit_task_constructor_core:/home/mario/master_ws/install/rviz_marker_tools:/home/mario/master_ws/install/moveit_task_constructor_msgs:/home/mario/master_ws/install/estun_moveit:/opt/ros/jazzy CMAKE_PREFIX_PATH=${CMAKE_PREFIX_PATH}:/home/mario/master_ws/install/estun_description:/opt/ros/jazzy DEBUGINFOD_URLS=https://debuginfod.ubuntu.com PYTHONPATH=/home/mario/master_ws/install/estun_description/lib/python3.12/site-packages:/home/mario/master_ws/install/moveit_task_constructor_core/lib/python3.12/site-packages:/home/mario/master_ws/install/moveit_task_constructor_msgs/lib/python3.12/site-packages:/opt/ros/jazzy/opt/gz_sim_vendor/lib/python:/opt/ros/jazzy/opt/sdformat_vendor/lib/python:/opt/ros/jazzy/opt/gz_transport_vendor/lib/python:/opt/ros/jazzy/opt/gz_msgs_vendor/lib/python:/opt/ros/jazzy/opt/gz_math_vendor/lib/python:/opt/ros/jazzy/lib/python3.12/site-packages /usr/bin/cmake --build /home/mario/master_ws/build/estun_moveit -- -j12 -l12
[2.462s] DEBUG:colcon.colcon_core.event_handler.log_command:Invoking command in '/home/mario/master_ws/build/estun_moveit': AMENT_PREFIX_PATH=/home/mario/master_ws/install/estun_description:/home/mario/master_ws/install/vision_control:/home/mario/master_ws/install/moveit_task_constructor_demo:/home/mario/master_ws/install/moveit_task_constructor_visualization:/home/mario/master_ws/install/moveit_task_constructor_capabilities:/home/mario/master_ws/install/estun_control:/home/mario/master_ws/install/moveit_task_constructor_core:/home/mario/master_ws/install/rviz_marker_tools:/home/mario/master_ws/install/moveit_task_constructor_msgs:/home/mario/master_ws/install/estun_moveit:/opt/ros/jazzy CMAKE_PREFIX_PATH=${CMAKE_PREFIX_PATH}:/home/mario/master_ws/install/estun_description:/opt/ros/jazzy DEBUGINFOD_URLS=https://debuginfod.ubuntu.com PYTHONPATH=/home/mario/master_ws/install/estun_description/lib/python3.12/site-packages:/home/mario/master_ws/install/moveit_task_constructor_core/lib/python3.12/site-packages:/home/mario/master_ws/install/moveit_task_constructor_msgs/lib/python3.12/site-packages:/opt/ros/jazzy/opt/gz_sim_vendor/lib/python:/opt/ros/jazzy/opt/sdformat_vendor/lib/python:/opt/ros/jazzy/opt/gz_transport_vendor/lib/python:/opt/ros/jazzy/opt/gz_msgs_vendor/lib/python:/opt/ros/jazzy/opt/gz_math_vendor/lib/python:/opt/ros/jazzy/lib/python3.12/site-packages /usr/bin/cmake --install /home/mario/master_ws/build/estun_moveit
[2.465s] DEBUG:colcon.colcon_core.event_handler.log_command:Invoking command in '/home/mario/master_ws/build/moveit_task_constructor_demo': CMAKE_PREFIX_PATH=/home/mario/master_ws/install/moveit_task_constructor_visualization:/home/mario/master_ws/install/moveit_task_constructor_capabilities:/home/mario/master_ws/install/moveit_task_constructor_core:/home/mario/master_ws/install/rviz_marker_tools:/home/mario/master_ws/install/moveit_task_constructor_msgs:/home/mario/master_ws/install/vision_control:/home/mario/master_ws/install/moveit_task_constructor_demo:/home/mario/master_ws/install/estun_control:/home/mario/master_ws/install/estun_moveit:/opt/ros/jazzy/opt/gz_sim_vendor:/opt/ros/jazzy/opt/gz_sensors_vendor:/opt/ros/jazzy/opt/gz_physics_vendor:/opt/ros/jazzy/opt/sdformat_vendor:/opt/ros/jazzy/opt/gz_gui_vendor:/opt/ros/jazzy/opt/gz_transport_vendor:/opt/ros/jazzy/opt/gz_rendering_vendor:/opt/ros/jazzy/opt/gz_plugin_vendor:/opt/ros/jazzy/opt/gz_fuel_tools_vendor:/opt/ros/jazzy/opt/gz_msgs_vendor:/opt/ros/jazzy/opt/gz_common_vendor:/opt/ros/jazzy/opt/gz_math_vendor:/opt/ros/jazzy/opt/gz_utils_vendor:/opt/ros/jazzy/opt/gz_tools_vendor:/opt/ros/jazzy/opt/gz_ogre_next_vendor:/opt/ros/jazzy/opt/gz_dartsim_vendor:/opt/ros/jazzy/opt/gz_cmake_vendor:/home/mario/master_ws/install/estun_description:/opt/ros/jazzy DEBUGINFOD_URLS=https://debuginfod.ubuntu.com LD_LIBRARY_PATH=/home/mario/master_ws/install/moveit_task_constructor_visualization/lib:/home/mario/master_ws/install/moveit_task_constructor_capabilities/lib:/home/mario/master_ws/install/moveit_task_constructor_core/lib:/home/mario/master_ws/install/rviz_marker_tools/lib:/home/mario/master_ws/install/moveit_task_constructor_msgs/lib:/home/mario/master_ws/install/moveit_task_constructor_demo/lib:/opt/ros/jazzy/opt/gz_sim_vendor/lib:/opt/ros/jazzy/opt/gz_sensors_vendor/lib:/opt/ros/jazzy/opt/gz_physics_vendor/lib:/opt/ros/jazzy/opt/sdformat_vendor/lib:/opt/ros/jazzy/opt/rviz_ogre_vendor/lib:/opt/ros/jazzy/lib/x86_64-linux-gnu:/opt/ros/jazzy/opt/gz_gui_vendor/lib:/opt/ros/jazzy/opt/gz_transport_vendor/lib:/opt/ros/jazzy/opt/gz_rendering_vendor/lib:/opt/ros/jazzy/opt/gz_plugin_vendor/lib:/opt/ros/jazzy/opt/gz_fuel_tools_vendor/lib:/opt/ros/jazzy/opt/gz_msgs_vendor/lib:/opt/ros/jazzy/opt/gz_common_vendor/lib:/opt/ros/jazzy/opt/gz_math_vendor/lib:/opt/ros/jazzy/opt/gz_utils_vendor/lib:/opt/ros/jazzy/opt/gz_tools_vendor/lib:/opt/ros/jazzy/opt/gz_ogre_next_vendor/lib:/opt/ros/jazzy/opt/gz_dartsim_vendor/lib:/opt/ros/jazzy/opt/gz_cmake_vendor/lib:/opt/ros/jazzy/lib /usr/bin/cmake --build /home/mario/master_ws/build/moveit_task_constructor_demo -- -j12 -l12
[2.477s] Level 1:colcon.colcon_core.environment:create_environment_scripts_only(estun_moveit)
[2.478s] Level 1:colcon.colcon_core.environment:checking '/home/mario/master_ws/install/estun_moveit' for CMake module files
[2.478s] DEBUG:colcon.colcon_core.event_handler.log_command:Invoked command in '/home/mario/master_ws/build/estun_moveit' returned '0': AMENT_PREFIX_PATH=/home/mario/master_ws/install/estun_description:/home/mario/master_ws/install/vision_control:/home/mario/master_ws/install/moveit_task_constructor_demo:/home/mario/master_ws/install/moveit_task_constructor_visualization:/home/mario/master_ws/install/moveit_task_constructor_capabilities:/home/mario/master_ws/install/estun_control:/home/mario/master_ws/install/moveit_task_constructor_core:/home/mario/master_ws/install/rviz_marker_tools:/home/mario/master_ws/install/moveit_task_constructor_msgs:/home/mario/master_ws/install/estun_moveit:/opt/ros/jazzy CMAKE_PREFIX_PATH=${CMAKE_PREFIX_PATH}:/home/mario/master_ws/install/estun_description:/opt/ros/jazzy DEBUGINFOD_URLS=https://debuginfod.ubuntu.com PYTHONPATH=/home/mario/master_ws/install/estun_description/lib/python3.12/site-packages:/home/mario/master_ws/install/moveit_task_constructor_core/lib/python3.12/site-packages:/home/mario/master_ws/install/moveit_task_constructor_msgs/lib/python3.12/site-packages:/opt/ros/jazzy/opt/gz_sim_vendor/lib/python:/opt/ros/jazzy/opt/sdformat_vendor/lib/python:/opt/ros/jazzy/opt/gz_transport_vendor/lib/python:/opt/ros/jazzy/opt/gz_msgs_vendor/lib/python:/opt/ros/jazzy/opt/gz_math_vendor/lib/python:/opt/ros/jazzy/lib/python3.12/site-packages /usr/bin/cmake --install /home/mario/master_ws/build/estun_moveit
[2.479s] Level 1:colcon.colcon_core.environment:checking '/home/mario/master_ws/install/estun_moveit' for CMake config files
[2.479s] Level 1:colcon.colcon_core.shell:create_environment_hook('estun_moveit', 'cmake_prefix_path')
[2.479s] INFO:colcon.colcon_core.shell:Creating environment hook '/home/mario/master_ws/install/estun_moveit/share/estun_moveit/hook/cmake_prefix_path.ps1'
[2.480s] INFO:colcon.colcon_core.shell:Creating environment descriptor '/home/mario/master_ws/install/estun_moveit/share/estun_moveit/hook/cmake_prefix_path.dsv'
[2.480s] INFO:colcon.colcon_core.shell:Creating environment hook '/home/mario/master_ws/install/estun_moveit/share/estun_moveit/hook/cmake_prefix_path.sh'
[2.481s] Level 1:colcon.colcon_core.environment:checking '/home/mario/master_ws/install/estun_moveit/bin'
[2.481s] Level 1:colcon.colcon_core.environment:checking '/home/mario/master_ws/install/estun_moveit/lib/pkgconfig/estun_moveit.pc'
[2.481s] Level 1:colcon.colcon_core.environment:checking '/home/mario/master_ws/install/estun_moveit/lib/python3.12/site-packages'
[2.481s] Level 1:colcon.colcon_core.environment:checking '/home/mario/master_ws/install/estun_moveit/bin'
[2.481s] INFO:colcon.colcon_core.shell:Creating package script '/home/mario/master_ws/install/estun_moveit/share/estun_moveit/package.ps1'
[2.482s] INFO:colcon.colcon_core.shell:Creating package descriptor '/home/mario/master_ws/install/estun_moveit/share/estun_moveit/package.dsv'
[2.482s] INFO:colcon.colcon_core.shell:Creating package script '/home/mario/master_ws/install/estun_moveit/share/estun_moveit/package.sh'
[2.483s] INFO:colcon.colcon_core.shell:Creating package script '/home/mario/master_ws/install/estun_moveit/share/estun_moveit/package.bash'
[2.483s] INFO:colcon.colcon_core.shell:Creating package script '/home/mario/master_ws/install/estun_moveit/share/estun_moveit/package.zsh'
[2.483s] Level 1:colcon.colcon_core.environment:create_file_with_runtime_dependencies(/home/mario/master_ws/install/estun_moveit/share/colcon-core/packages/estun_moveit)
[2.484s] Level 1:colcon.colcon_core.environment:create_environment_scripts_only(estun_moveit)
[2.484s] Level 1:colcon.colcon_core.environment:checking '/home/mario/master_ws/install/estun_moveit' for CMake module files
[2.485s] Level 1:colcon.colcon_core.environment:checking '/home/mario/master_ws/install/estun_moveit' for CMake config files
[2.485s] Level 1:colcon.colcon_core.shell:create_environment_hook('estun_moveit', 'cmake_prefix_path')
[2.485s] INFO:colcon.colcon_core.shell:Creating environment hook '/home/mario/master_ws/install/estun_moveit/share/estun_moveit/hook/cmake_prefix_path.ps1'
[2.485s] INFO:colcon.colcon_core.shell:Creating environment descriptor '/home/mario/master_ws/install/estun_moveit/share/estun_moveit/hook/cmake_prefix_path.dsv'
[2.486s] INFO:colcon.colcon_core.shell:Creating environment hook '/home/mario/master_ws/install/estun_moveit/share/estun_moveit/hook/cmake_prefix_path.sh'
[2.486s] Level 1:colcon.colcon_core.environment:checking '/home/mario/master_ws/install/estun_moveit/bin'
[2.486s] Level 1:colcon.colcon_core.environment:checking '/home/mario/master_ws/install/estun_moveit/lib/pkgconfig/estun_moveit.pc'
[2.487s] Level 1:colcon.colcon_core.environment:checking '/home/mario/master_ws/install/estun_moveit/lib/python3.12/site-packages'
[2.487s] Level 1:colcon.colcon_core.environment:checking '/home/mario/master_ws/install/estun_moveit/bin'
[2.487s] INFO:colcon.colcon_core.shell:Creating package script '/home/mario/master_ws/install/estun_moveit/share/estun_moveit/package.ps1'
[2.488s] INFO:colcon.colcon_core.shell:Creating package descriptor '/home/mario/master_ws/install/estun_moveit/share/estun_moveit/package.dsv'
[2.488s] INFO:colcon.colcon_core.shell:Creating package script '/home/mario/master_ws/install/estun_moveit/share/estun_moveit/package.sh'
[2.489s] INFO:colcon.colcon_core.shell:Creating package script '/home/mario/master_ws/install/estun_moveit/share/estun_moveit/package.bash'
[2.489s] INFO:colcon.colcon_core.shell:Creating package script '/home/mario/master_ws/install/estun_moveit/share/estun_moveit/package.zsh'
[2.489s] Level 1:colcon.colcon_core.environment:create_file_with_runtime_dependencies(/home/mario/master_ws/install/estun_moveit/share/colcon-core/packages/estun_moveit)
[2.642s] DEBUG:colcon.colcon_core.event_handler.log_command:Invoked command in '/home/mario/master_ws/build/moveit_task_constructor_demo' returned '0': CMAKE_PREFIX_PATH=/home/mario/master_ws/install/moveit_task_constructor_visualization:/home/mario/master_ws/install/moveit_task_constructor_capabilities:/home/mario/master_ws/install/moveit_task_constructor_core:/home/mario/master_ws/install/rviz_marker_tools:/home/mario/master_ws/install/moveit_task_constructor_msgs:/home/mario/master_ws/install/vision_control:/home/mario/master_ws/install/moveit_task_constructor_demo:/home/mario/master_ws/install/estun_control:/home/mario/master_ws/install/estun_moveit:/opt/ros/jazzy/opt/gz_sim_vendor:/opt/ros/jazzy/opt/gz_sensors_vendor:/opt/ros/jazzy/opt/gz_physics_vendor:/opt/ros/jazzy/opt/sdformat_vendor:/opt/ros/jazzy/opt/gz_gui_vendor:/opt/ros/jazzy/opt/gz_transport_vendor:/opt/ros/jazzy/opt/gz_rendering_vendor:/opt/ros/jazzy/opt/gz_plugin_vendor:/opt/ros/jazzy/opt/gz_fuel_tools_vendor:/opt/ros/jazzy/opt/gz_msgs_vendor:/opt/ros/jazzy/opt/gz_common_vendor:/opt/ros/jazzy/opt/gz_math_vendor:/opt/ros/jazzy/opt/gz_utils_vendor:/opt/ros/jazzy/opt/gz_tools_vendor:/opt/ros/jazzy/opt/gz_ogre_next_vendor:/opt/ros/jazzy/opt/gz_dartsim_vendor:/opt/ros/jazzy/opt/gz_cmake_vendor:/home/mario/master_ws/install/estun_description:/opt/ros/jazzy DEBUGINFOD_URLS=https://debuginfod.ubuntu.com LD_LIBRARY_PATH=/home/mario/master_ws/install/moveit_task_constructor_visualization/lib:/home/mario/master_ws/install/moveit_task_constructor_capabilities/lib:/home/mario/master_ws/install/moveit_task_constructor_core/lib:/home/mario/master_ws/install/rviz_marker_tools/lib:/home/mario/master_ws/install/moveit_task_constructor_msgs/lib:/home/mario/master_ws/install/moveit_task_constructor_demo/lib:/opt/ros/jazzy/opt/gz_sim_vendor/lib:/opt/ros/jazzy/opt/gz_sensors_vendor/lib:/opt/ros/jazzy/opt/gz_physics_vendor/lib:/opt/ros/jazzy/opt/sdformat_vendor/lib:/opt/ros/jazzy/opt/rviz_ogre_vendor/lib:/opt/ros/jazzy/lib/x86_64-linux-gnu:/opt/ros/jazzy/opt/gz_gui_vendor/lib:/opt/ros/jazzy/opt/gz_transport_vendor/lib:/opt/ros/jazzy/opt/gz_rendering_vendor/lib:/opt/ros/jazzy/opt/gz_plugin_vendor/lib:/opt/ros/jazzy/opt/gz_fuel_tools_vendor/lib:/opt/ros/jazzy/opt/gz_msgs_vendor/lib:/opt/ros/jazzy/opt/gz_common_vendor/lib:/opt/ros/jazzy/opt/gz_math_vendor/lib:/opt/ros/jazzy/opt/gz_utils_vendor/lib:/opt/ros/jazzy/opt/gz_tools_vendor/lib:/opt/ros/jazzy/opt/gz_ogre_next_vendor/lib:/opt/ros/jazzy/opt/gz_dartsim_vendor/lib:/opt/ros/jazzy/opt/gz_cmake_vendor/lib:/opt/ros/jazzy/lib /usr/bin/cmake --build /home/mario/master_ws/build/moveit_task_constructor_demo -- -j12 -l12
[2.643s] DEBUG:colcon.colcon_core.event_handler.log_command:Invoking command in '/home/mario/master_ws/build/moveit_task_constructor_demo': CMAKE_PREFIX_PATH=/home/mario/master_ws/install/moveit_task_constructor_visualization:/home/mario/master_ws/install/moveit_task_constructor_capabilities:/home/mario/master_ws/install/moveit_task_constructor_core:/home/mario/master_ws/install/rviz_marker_tools:/home/mario/master_ws/install/moveit_task_constructor_msgs:/home/mario/master_ws/install/vision_control:/home/mario/master_ws/install/moveit_task_constructor_demo:/home/mario/master_ws/install/estun_control:/home/mario/master_ws/install/estun_moveit:/opt/ros/jazzy/opt/gz_sim_vendor:/opt/ros/jazzy/opt/gz_sensors_vendor:/opt/ros/jazzy/opt/gz_physics_vendor:/opt/ros/jazzy/opt/sdformat_vendor:/opt/ros/jazzy/opt/gz_gui_vendor:/opt/ros/jazzy/opt/gz_transport_vendor:/opt/ros/jazzy/opt/gz_rendering_vendor:/opt/ros/jazzy/opt/gz_plugin_vendor:/opt/ros/jazzy/opt/gz_fuel_tools_vendor:/opt/ros/jazzy/opt/gz_msgs_vendor:/opt/ros/jazzy/opt/gz_common_vendor:/opt/ros/jazzy/opt/gz_math_vendor:/opt/ros/jazzy/opt/gz_utils_vendor:/opt/ros/jazzy/opt/gz_tools_vendor:/opt/ros/jazzy/opt/gz_ogre_next_vendor:/opt/ros/jazzy/opt/gz_dartsim_vendor:/opt/ros/jazzy/opt/gz_cmake_vendor:/home/mario/master_ws/install/estun_description:/opt/ros/jazzy DEBUGINFOD_URLS=https://debuginfod.ubuntu.com LD_LIBRARY_PATH=/home/mario/master_ws/install/moveit_task_constructor_visualization/lib:/home/mario/master_ws/install/moveit_task_constructor_capabilities/lib:/home/mario/master_ws/install/moveit_task_constructor_core/lib:/home/mario/master_ws/install/rviz_marker_tools/lib:/home/mario/master_ws/install/moveit_task_constructor_msgs/lib:/home/mario/master_ws/install/moveit_task_constructor_demo/lib:/opt/ros/jazzy/opt/gz_sim_vendor/lib:/opt/ros/jazzy/opt/gz_sensors_vendor/lib:/opt/ros/jazzy/opt/gz_physics_vendor/lib:/opt/ros/jazzy/opt/sdformat_vendor/lib:/opt/ros/jazzy/opt/rviz_ogre_vendor/lib:/opt/ros/jazzy/lib/x86_64-linux-gnu:/opt/ros/jazzy/opt/gz_gui_vendor/lib:/opt/ros/jazzy/opt/gz_transport_vendor/lib:/opt/ros/jazzy/opt/gz_rendering_vendor/lib:/opt/ros/jazzy/opt/gz_plugin_vendor/lib:/opt/ros/jazzy/opt/gz_fuel_tools_vendor/lib:/opt/ros/jazzy/opt/gz_msgs_vendor/lib:/opt/ros/jazzy/opt/gz_common_vendor/lib:/opt/ros/jazzy/opt/gz_math_vendor/lib:/opt/ros/jazzy/opt/gz_utils_vendor/lib:/opt/ros/jazzy/opt/gz_tools_vendor/lib:/opt/ros/jazzy/opt/gz_ogre_next_vendor/lib:/opt/ros/jazzy/opt/gz_dartsim_vendor/lib:/opt/ros/jazzy/opt/gz_cmake_vendor/lib:/opt/ros/jazzy/lib /usr/bin/cmake --install /home/mario/master_ws/build/moveit_task_constructor_demo
[2.660s] Level 1:colcon.colcon_core.environment:create_environment_scripts_only(moveit_task_constructor_demo)
[2.661s] Level 1:colcon.colcon_core.environment:checking '/home/mario/master_ws/install/moveit_task_constructor_demo' for CMake module files
[2.662s] Level 1:colcon.colcon_core.environment:checking '/home/mario/master_ws/install/moveit_task_constructor_demo' for CMake config files
[2.664s] DEBUG:colcon.colcon_core.event_handler.log_command:Invoked command in '/home/mario/master_ws/build/moveit_task_constructor_demo' returned '0': CMAKE_PREFIX_PATH=/home/mario/master_ws/install/moveit_task_constructor_visualization:/home/mario/master_ws/install/moveit_task_constructor_capabilities:/home/mario/master_ws/install/moveit_task_constructor_core:/home/mario/master_ws/install/rviz_marker_tools:/home/mario/master_ws/install/moveit_task_constructor_msgs:/home/mario/master_ws/install/vision_control:/home/mario/master_ws/install/moveit_task_constructor_demo:/home/mario/master_ws/install/estun_control:/home/mario/master_ws/install/estun_moveit:/opt/ros/jazzy/opt/gz_sim_vendor:/opt/ros/jazzy/opt/gz_sensors_vendor:/opt/ros/jazzy/opt/gz_physics_vendor:/opt/ros/jazzy/opt/sdformat_vendor:/opt/ros/jazzy/opt/gz_gui_vendor:/opt/ros/jazzy/opt/gz_transport_vendor:/opt/ros/jazzy/opt/gz_rendering_vendor:/opt/ros/jazzy/opt/gz_plugin_vendor:/opt/ros/jazzy/opt/gz_fuel_tools_vendor:/opt/ros/jazzy/opt/gz_msgs_vendor:/opt/ros/jazzy/opt/gz_common_vendor:/opt/ros/jazzy/opt/gz_math_vendor:/opt/ros/jazzy/opt/gz_utils_vendor:/opt/ros/jazzy/opt/gz_tools_vendor:/opt/ros/jazzy/opt/gz_ogre_next_vendor:/opt/ros/jazzy/opt/gz_dartsim_vendor:/opt/ros/jazzy/opt/gz_cmake_vendor:/home/mario/master_ws/install/estun_description:/opt/ros/jazzy DEBUGINFOD_URLS=https://debuginfod.ubuntu.com LD_LIBRARY_PATH=/home/mario/master_ws/install/moveit_task_constructor_visualization/lib:/home/mario/master_ws/install/moveit_task_constructor_capabilities/lib:/home/mario/master_ws/install/moveit_task_constructor_core/lib:/home/mario/master_ws/install/rviz_marker_tools/lib:/home/mario/master_ws/install/moveit_task_constructor_msgs/lib:/home/mario/master_ws/install/moveit_task_constructor_demo/lib:/opt/ros/jazzy/opt/gz_sim_vendor/lib:/opt/ros/jazzy/opt/gz_sensors_vendor/lib:/opt/ros/jazzy/opt/gz_physics_vendor/lib:/opt/ros/jazzy/opt/sdformat_vendor/lib:/opt/ros/jazzy/opt/rviz_ogre_vendor/lib:/opt/ros/jazzy/lib/x86_64-linux-gnu:/opt/ros/jazzy/opt/gz_gui_vendor/lib:/opt/ros/jazzy/opt/gz_transport_vendor/lib:/opt/ros/jazzy/opt/gz_rendering_vendor/lib:/opt/ros/jazzy/opt/gz_plugin_vendor/lib:/opt/ros/jazzy/opt/gz_fuel_tools_vendor/lib:/opt/ros/jazzy/opt/gz_msgs_vendor/lib:/opt/ros/jazzy/opt/gz_common_vendor/lib:/opt/ros/jazzy/opt/gz_math_vendor/lib:/opt/ros/jazzy/opt/gz_utils_vendor/lib:/opt/ros/jazzy/opt/gz_tools_vendor/lib:/opt/ros/jazzy/opt/gz_ogre_next_vendor/lib:/opt/ros/jazzy/opt/gz_dartsim_vendor/lib:/opt/ros/jazzy/opt/gz_cmake_vendor/lib:/opt/ros/jazzy/lib /usr/bin/cmake --install /home/mario/master_ws/build/moveit_task_constructor_demo
[2.664s] Level 1:colcon.colcon_core.shell:create_environment_hook('moveit_task_constructor_demo', 'cmake_prefix_path')
[2.664s] INFO:colcon.colcon_core.shell:Creating environment hook '/home/mario/master_ws/install/moveit_task_constructor_demo/share/moveit_task_constructor_demo/hook/cmake_prefix_path.ps1'
[2.664s] INFO:colcon.colcon_core.shell:Creating environment descriptor '/home/mario/master_ws/install/moveit_task_constructor_demo/share/moveit_task_constructor_demo/hook/cmake_prefix_path.dsv'
[2.665s] INFO:colcon.colcon_core.shell:Creating environment hook '/home/mario/master_ws/install/moveit_task_constructor_demo/share/moveit_task_constructor_demo/hook/cmake_prefix_path.sh'
[2.665s] Level 1:colcon.colcon_core.environment:checking '/home/mario/master_ws/install/moveit_task_constructor_demo/lib'
[2.665s] Level 1:colcon.colcon_core.shell:create_environment_hook('moveit_task_constructor_demo', 'ld_library_path_lib')
[2.665s] INFO:colcon.colcon_core.shell:Creating environment hook '/home/mario/master_ws/install/moveit_task_constructor_demo/share/moveit_task_constructor_demo/hook/ld_library_path_lib.ps1'
[2.666s] INFO:colcon.colcon_core.shell:Creating environment descriptor '/home/mario/master_ws/install/moveit_task_constructor_demo/share/moveit_task_constructor_demo/hook/ld_library_path_lib.dsv'
[2.666s] INFO:colcon.colcon_core.shell:Creating environment hook '/home/mario/master_ws/install/moveit_task_constructor_demo/share/moveit_task_constructor_demo/hook/ld_library_path_lib.sh'
[2.666s] Level 1:colcon.colcon_core.environment:checking '/home/mario/master_ws/install/moveit_task_constructor_demo/bin'
[2.666s] Level 1:colcon.colcon_core.environment:checking '/home/mario/master_ws/install/moveit_task_constructor_demo/lib/pkgconfig/moveit_task_constructor_demo.pc'
[2.666s] Level 1:colcon.colcon_core.environment:checking '/home/mario/master_ws/install/moveit_task_constructor_demo/lib/python3.12/site-packages'
[2.667s] Level 1:colcon.colcon_core.environment:checking '/home/mario/master_ws/install/moveit_task_constructor_demo/bin'
[2.667s] INFO:colcon.colcon_core.shell:Creating package script '/home/mario/master_ws/install/moveit_task_constructor_demo/share/moveit_task_constructor_demo/package.ps1'
[2.667s] INFO:colcon.colcon_core.shell:Creating package descriptor '/home/mario/master_ws/install/moveit_task_constructor_demo/share/moveit_task_constructor_demo/package.dsv'
[2.668s] INFO:colcon.colcon_core.shell:Creating package script '/home/mario/master_ws/install/moveit_task_constructor_demo/share/moveit_task_constructor_demo/package.sh'
[2.668s] INFO:colcon.colcon_core.shell:Creating package script '/home/mario/master_ws/install/moveit_task_constructor_demo/share/moveit_task_constructor_demo/package.bash'
[2.669s] INFO:colcon.colcon_core.shell:Creating package script '/home/mario/master_ws/install/moveit_task_constructor_demo/share/moveit_task_constructor_demo/package.zsh'
[2.669s] Level 1:colcon.colcon_core.environment:create_file_with_runtime_dependencies(/home/mario/master_ws/install/moveit_task_constructor_demo/share/colcon-core/packages/moveit_task_constructor_demo)
[2.669s] Level 1:colcon.colcon_core.environment:create_environment_scripts_only(moveit_task_constructor_demo)
[2.669s] Level 1:colcon.colcon_core.environment:checking '/home/mario/master_ws/install/moveit_task_constructor_demo' for CMake module files
[2.670s] Level 1:colcon.colcon_core.environment:checking '/home/mario/master_ws/install/moveit_task_constructor_demo' for CMake config files
[2.670s] Level 1:colcon.colcon_core.shell:create_environment_hook('moveit_task_constructor_demo', 'cmake_prefix_path')
[2.670s] INFO:colcon.colcon_core.shell:Creating environment hook '/home/mario/master_ws/install/moveit_task_constructor_demo/share/moveit_task_constructor_demo/hook/cmake_prefix_path.ps1'
[2.671s] INFO:colcon.colcon_core.shell:Creating environment descriptor '/home/mario/master_ws/install/moveit_task_constructor_demo/share/moveit_task_constructor_demo/hook/cmake_prefix_path.dsv'
[2.671s] INFO:colcon.colcon_core.shell:Creating environment hook '/home/mario/master_ws/install/moveit_task_constructor_demo/share/moveit_task_constructor_demo/hook/cmake_prefix_path.sh'
[2.672s] Level 1:colcon.colcon_core.environment:checking '/home/mario/master_ws/install/moveit_task_constructor_demo/lib'
[2.672s] Level 1:colcon.colcon_core.shell:create_environment_hook('moveit_task_constructor_demo', 'ld_library_path_lib')
[2.672s] INFO:colcon.colcon_core.shell:Creating environment hook '/home/mario/master_ws/install/moveit_task_constructor_demo/share/moveit_task_constructor_demo/hook/ld_library_path_lib.ps1'
[2.672s] INFO:colcon.colcon_core.shell:Creating environment descriptor '/home/mario/master_ws/install/moveit_task_constructor_demo/share/moveit_task_constructor_demo/hook/ld_library_path_lib.dsv'
[2.672s] INFO:colcon.colcon_core.shell:Creating environment hook '/home/mario/master_ws/install/moveit_task_constructor_demo/share/moveit_task_constructor_demo/hook/ld_library_path_lib.sh'
[2.673s] Level 1:colcon.colcon_core.environment:checking '/home/mario/master_ws/install/moveit_task_constructor_demo/bin'
[2.673s] Level 1:colcon.colcon_core.environment:checking '/home/mario/master_ws/install/moveit_task_constructor_demo/lib/pkgconfig/moveit_task_constructor_demo.pc'
[2.673s] Level 1:colcon.colcon_core.environment:checking '/home/mario/master_ws/install/moveit_task_constructor_demo/lib/python3.12/site-packages'
[2.673s] Level 1:colcon.colcon_core.environment:checking '/home/mario/master_ws/install/moveit_task_constructor_demo/bin'
[2.673s] INFO:colcon.colcon_core.shell:Creating package script '/home/mario/master_ws/install/moveit_task_constructor_demo/share/moveit_task_constructor_demo/package.ps1'
[2.674s] INFO:colcon.colcon_core.shell:Creating package descriptor '/home/mario/master_ws/install/moveit_task_constructor_demo/share/moveit_task_constructor_demo/package.dsv'
[2.675s] INFO:colcon.colcon_core.shell:Creating package script '/home/mario/master_ws/install/moveit_task_constructor_demo/share/moveit_task_constructor_demo/package.sh'
[2.675s] INFO:colcon.colcon_core.shell:Creating package script '/home/mario/master_ws/install/moveit_task_constructor_demo/share/moveit_task_constructor_demo/package.bash'
[2.675s] INFO:colcon.colcon_core.shell:Creating package script '/home/mario/master_ws/install/moveit_task_constructor_demo/share/moveit_task_constructor_demo/package.zsh'
[2.676s] Level 1:colcon.colcon_core.environment:create_file_with_runtime_dependencies(/home/mario/master_ws/install/moveit_task_constructor_demo/share/colcon-core/packages/moveit_task_constructor_demo)
[27.582s] DEBUG:colcon.colcon_core.event_handler.log_command:Invoked command in '/home/mario/master_ws/build/vision_control' returned '0': CMAKE_PREFIX_PATH=${CMAKE_PREFIX_PATH}:/home/mario/master_ws/install/estun_description:/opt/ros/jazzy DEBUGINFOD_URLS=https://debuginfod.ubuntu.com /usr/bin/cmake --build /home/mario/master_ws/build/vision_control -- -j12 -l12
[27.583s] DEBUG:colcon.colcon_core.event_handler.log_command:Invoking command in '/home/mario/master_ws/build/vision_control': CMAKE_PREFIX_PATH=${CMAKE_PREFIX_PATH}:/home/mario/master_ws/install/estun_description:/opt/ros/jazzy DEBUGINFOD_URLS=https://debuginfod.ubuntu.com /usr/bin/cmake --install /home/mario/master_ws/build/vision_control
[27.608s] Level 1:colcon.colcon_core.environment:create_environment_scripts_only(vision_control)
[27.608s] Level 1:colcon.colcon_core.environment:checking '/home/mario/master_ws/install/vision_control' for CMake module files
[27.609s] Level 1:colcon.colcon_core.environment:checking '/home/mario/master_ws/install/vision_control' for CMake config files
[27.609s] Level 1:colcon.colcon_core.shell:create_environment_hook('vision_control', 'cmake_prefix_path')
[27.609s] INFO:colcon.colcon_core.shell:Creating environment hook '/home/mario/master_ws/install/vision_control/share/vision_control/hook/cmake_prefix_path.ps1'
[27.608s] DEBUG:colcon.colcon_core.event_handler.log_command:Invoked command in '/home/mario/master_ws/build/vision_control' returned '0': CMAKE_PREFIX_PATH=${CMAKE_PREFIX_PATH}:/home/mario/master_ws/install/estun_description:/opt/ros/jazzy DEBUGINFOD_URLS=https://debuginfod.ubuntu.com /usr/bin/cmake --install /home/mario/master_ws/build/vision_control
[27.610s] INFO:colcon.colcon_core.shell:Creating environment descriptor '/home/mario/master_ws/install/vision_control/share/vision_control/hook/cmake_prefix_path.dsv'
[27.610s] INFO:colcon.colcon_core.shell:Creating environment hook '/home/mario/master_ws/install/vision_control/share/vision_control/hook/cmake_prefix_path.sh'
[27.611s] Level 1:colcon.colcon_core.environment:checking '/home/mario/master_ws/install/vision_control/lib'
[27.611s] Level 1:colcon.colcon_core.environment:checking '/home/mario/master_ws/install/vision_control/bin'
[27.611s] Level 1:colcon.colcon_core.environment:checking '/home/mario/master_ws/install/vision_control/lib/pkgconfig/vision_control.pc'
[27.611s] Level 1:colcon.colcon_core.environment:checking '/home/mario/master_ws/install/vision_control/lib/python3.12/site-packages'
[27.611s] Level 1:colcon.colcon_core.environment:checking '/home/mario/master_ws/install/vision_control/bin'
[27.611s] INFO:colcon.colcon_core.shell:Creating package script '/home/mario/master_ws/install/vision_control/share/vision_control/package.ps1'
[27.612s] INFO:colcon.colcon_core.shell:Creating package descriptor '/home/mario/master_ws/install/vision_control/share/vision_control/package.dsv'
[27.612s] INFO:colcon.colcon_core.shell:Creating package script '/home/mario/master_ws/install/vision_control/share/vision_control/package.sh'
[27.612s] INFO:colcon.colcon_core.shell:Creating package script '/home/mario/master_ws/install/vision_control/share/vision_control/package.bash'
[27.613s] INFO:colcon.colcon_core.shell:Creating package script '/home/mario/master_ws/install/vision_control/share/vision_control/package.zsh'
[27.613s] Level 1:colcon.colcon_core.environment:create_file_with_runtime_dependencies(/home/mario/master_ws/install/vision_control/share/colcon-core/packages/vision_control)
[27.613s] Level 1:colcon.colcon_core.environment:create_environment_scripts_only(vision_control)
[27.613s] Level 1:colcon.colcon_core.environment:checking '/home/mario/master_ws/install/vision_control' for CMake module files
[27.614s] Level 1:colcon.colcon_core.environment:checking '/home/mario/master_ws/install/vision_control' for CMake config files
[27.614s] Level 1:colcon.colcon_core.shell:create_environment_hook('vision_control', 'cmake_prefix_path')
[27.614s] INFO:colcon.colcon_core.shell:Creating environment hook '/home/mario/master_ws/install/vision_control/share/vision_control/hook/cmake_prefix_path.ps1'
[27.614s] INFO:colcon.colcon_core.shell:Creating environment descriptor '/home/mario/master_ws/install/vision_control/share/vision_control/hook/cmake_prefix_path.dsv'
[27.615s] INFO:colcon.colcon_core.shell:Creating environment hook '/home/mario/master_ws/install/vision_control/share/vision_control/hook/cmake_prefix_path.sh'
[27.615s] Level 1:colcon.colcon_core.environment:checking '/home/mario/master_ws/install/vision_control/lib'
[27.615s] Level 1:colcon.colcon_core.environment:checking '/home/mario/master_ws/install/vision_control/bin'
[27.615s] Level 1:colcon.colcon_core.environment:checking '/home/mario/master_ws/install/vision_control/lib/pkgconfig/vision_control.pc'
[27.615s] Level 1:colcon.colcon_core.environment:checking '/home/mario/master_ws/install/vision_control/lib/python3.12/site-packages'
[27.616s] Level 1:colcon.colcon_core.environment:checking '/home/mario/master_ws/install/vision_control/bin'
[27.616s] INFO:colcon.colcon_core.shell:Creating package script '/home/mario/master_ws/install/vision_control/share/vision_control/package.ps1'
[27.616s] INFO:colcon.colcon_core.shell:Creating package descriptor '/home/mario/master_ws/install/vision_control/share/vision_control/package.dsv'
[27.617s] INFO:colcon.colcon_core.shell:Creating package script '/home/mario/master_ws/install/vision_control/share/vision_control/package.sh'
[27.617s] INFO:colcon.colcon_core.shell:Creating package script '/home/mario/master_ws/install/vision_control/share/vision_control/package.bash'
[27.617s] INFO:colcon.colcon_core.shell:Creating package script '/home/mario/master_ws/install/vision_control/share/vision_control/package.zsh'
[27.617s] Level 1:colcon.colcon_core.environment:create_file_with_runtime_dependencies(/home/mario/master_ws/install/vision_control/share/colcon-core/packages/vision_control)
[27.618s] DEBUG:colcon.colcon_parallel_executor.executor.parallel:closing loop
[27.618s] DEBUG:colcon.colcon_parallel_executor.executor.parallel:loop closed
[27.618s] DEBUG:colcon.colcon_parallel_executor.executor.parallel:run_until_complete finished with '0'
[27.618s] DEBUG:colcon.colcon_core.event_reactor:joining thread
[27.624s] INFO:colcon.colcon_core.plugin_system:Skipping extension 'colcon_notification.desktop_notification.terminal_notifier': Not used on non-Darwin systems
[27.624s] INFO:colcon.colcon_core.plugin_system:Skipping extension 'colcon_notification.desktop_notification.win32': Not used on non-Windows systems
[27.624s] INFO:colcon.colcon_notification.desktop_notification:Sending desktop notification using 'notify2'
[27.637s] DEBUG:colcon.colcon_core.event_reactor:joined thread
[27.638s] INFO:colcon.colcon_core.shell:Creating prefix script '/home/mario/master_ws/install/local_setup.ps1'
[27.639s] INFO:colcon.colcon_core.shell:Creating prefix util module '/home/mario/master_ws/install/_local_setup_util_ps1.py'
[27.641s] INFO:colcon.colcon_core.shell:Creating prefix chain script '/home/mario/master_ws/install/setup.ps1'
[27.644s] INFO:colcon.colcon_core.shell:Creating prefix script '/home/mario/master_ws/install/local_setup.sh'
[27.644s] INFO:colcon.colcon_core.shell:Creating prefix util module '/home/mario/master_ws/install/_local_setup_util_sh.py'
[27.645s] INFO:colcon.colcon_core.shell:Creating prefix chain script '/home/mario/master_ws/install/setup.sh'
[27.647s] INFO:colcon.colcon_core.shell:Creating prefix script '/home/mario/master_ws/install/local_setup.bash'
[27.648s] INFO:colcon.colcon_core.shell:Creating prefix chain script '/home/mario/master_ws/install/setup.bash'
[27.650s] INFO:colcon.colcon_core.shell:Creating prefix script '/home/mario/master_ws/install/local_setup.zsh'
[27.651s] INFO:colcon.colcon_core.shell:Creating prefix chain script '/home/mario/master_ws/install/setup.zsh'
