[0.118s] DEBUG:colcon:Command line arguments: ['/usr/bin/colcon', 'build']
[0.119s] DEBUG:colcon:Parsed command line arguments: Namespace(log_base=None, log_level=None, verb_name='build', build_base='build', install_base='install', merge_install=False, symlink_install=False, test_result_base=None, continue_on_error=False, executor='parallel', parallel_workers=12, event_handlers=None, ignore_user_meta=False, metas=['./colcon.meta'], base_paths=['.'], packages_ignore=None, packages_ignore_regex=None, paths=None, packages_up_to=None, packages_up_to_regex=None, packages_above=None, packages_above_and_dependencies=None, packages_above_depth=None, packages_select_by_dep=None, packages_skip_by_dep=None, packages_skip_up_to=None, packages_select_build_failed=False, packages_skip_build_finished=False, packages_select_test_failures=False, packages_skip_test_passed=False, packages_select=None, packages_skip=None, packages_select_regex=None, packages_skip_regex=None, packages_start=None, packages_end=None, allow_overriding=[], cmake_args=None, cmake_target=None, cmake_target_skip_unavailable=False, cmake_clean_cache=False, cmake_clean_first=False, cmake_force_configure=False, ament_cmake_args=None, catkin_cmake_args=None, catkin_skip_building_tests=False, mixin_files=None, mixin=None, verb_parser=<colcon_mixin.mixin.mixin_argument.MixinArgumentDecorator object at 0x7309b51a3710>, verb_extension=<colcon_core.verb.build.BuildVerb object at 0x7309b50f8110>, main=<bound method BuildVerb.main of <colcon_core.verb.build.BuildVerb object at 0x7309b50f8110>>, mixin_verb=('build',))
[0.153s] Level 1:colcon.colcon_core.package_discovery:discover_packages(colcon_meta) check parameters
[0.153s] Level 1:colcon.colcon_core.package_discovery:discover_packages(recursive) check parameters
[0.153s] Level 1:colcon.colcon_core.package_discovery:discover_packages(ignore) check parameters
[0.153s] Level 1:colcon.colcon_core.package_discovery:discover_packages(path) check parameters
[0.153s] Level 1:colcon.colcon_core.package_discovery:discover_packages(colcon_meta) discover
[0.153s] Level 1:colcon.colcon_core.package_discovery:discover_packages(recursive) discover
[0.153s] INFO:colcon.colcon_core.package_discovery:Crawling recursively for packages in '/home/mario/master_ws'
[0.153s] Level 1:colcon.colcon_core.package_identification:_identify(.) by extensions ['ignore', 'ignore_ament_install']
[0.153s] Level 1:colcon.colcon_core.package_identification:_identify(.) by extension 'ignore'
[0.154s] Level 1:colcon.colcon_core.package_identification:_identify(.) by extension 'ignore_ament_install'
[0.154s] Level 1:colcon.colcon_core.package_identification:_identify(.) by extensions ['colcon_pkg']
[0.154s] Level 1:colcon.colcon_core.package_identification:_identify(.) by extension 'colcon_pkg'
[0.154s] Level 1:colcon.colcon_core.package_identification:_identify(.) by extensions ['colcon_meta']
[0.154s] Level 1:colcon.colcon_core.package_identification:_identify(.) by extension 'colcon_meta'
[0.154s] Level 1:colcon.colcon_core.package_identification:_identify(.) by extensions ['ros']
[0.154s] Level 1:colcon.colcon_core.package_identification:_identify(.) by extension 'ros'
[0.177s] Level 1:colcon.colcon_core.package_identification:_identify(.) by extensions ['cmake', 'python']
[0.177s] Level 1:colcon.colcon_core.package_identification:_identify(.) by extension 'cmake'
[0.177s] Level 1:colcon.colcon_core.package_identification:_identify(.) by extension 'python'
[0.177s] Level 1:colcon.colcon_core.package_identification:_identify(.) by extensions ['python_setup_py']
[0.177s] Level 1:colcon.colcon_core.package_identification:_identify(.) by extension 'python_setup_py'
[0.177s] Level 1:colcon.colcon_core.package_identification:_identify(build) by extensions ['ignore', 'ignore_ament_install']
[0.177s] Level 1:colcon.colcon_core.package_identification:_identify(build) by extension 'ignore'
[0.177s] Level 1:colcon.colcon_core.package_identification:_identify(build) ignored
[0.177s] Level 1:colcon.colcon_core.package_identification:_identify(install) by extensions ['ignore', 'ignore_ament_install']
[0.177s] Level 1:colcon.colcon_core.package_identification:_identify(install) by extension 'ignore'
[0.177s] Level 1:colcon.colcon_core.package_identification:_identify(install) ignored
[0.177s] Level 1:colcon.colcon_core.package_identification:_identify(log) by extensions ['ignore', 'ignore_ament_install']
[0.178s] Level 1:colcon.colcon_core.package_identification:_identify(log) by extension 'ignore'
[0.178s] Level 1:colcon.colcon_core.package_identification:_identify(log) ignored
[0.178s] Level 1:colcon.colcon_core.package_identification:_identify(src) by extensions ['ignore', 'ignore_ament_install']
[0.178s] Level 1:colcon.colcon_core.package_identification:_identify(src) by extension 'ignore'
[0.178s] Level 1:colcon.colcon_core.package_identification:_identify(src) by extension 'ignore_ament_install'
[0.178s] Level 1:colcon.colcon_core.package_identification:_identify(src) by extensions ['colcon_pkg']
[0.178s] Level 1:colcon.colcon_core.package_identification:_identify(src) by extension 'colcon_pkg'
[0.178s] Level 1:colcon.colcon_core.package_identification:_identify(src) by extensions ['colcon_meta']
[0.178s] Level 1:colcon.colcon_core.package_identification:_identify(src) by extension 'colcon_meta'
[0.178s] Level 1:colcon.colcon_core.package_identification:_identify(src) by extensions ['ros']
[0.178s] Level 1:colcon.colcon_core.package_identification:_identify(src) by extension 'ros'
[0.178s] Level 1:colcon.colcon_core.package_identification:_identify(src) by extensions ['cmake', 'python']
[0.178s] Level 1:colcon.colcon_core.package_identification:_identify(src) by extension 'cmake'
[0.178s] Level 1:colcon.colcon_core.package_identification:_identify(src) by extension 'python'
[0.178s] Level 1:colcon.colcon_core.package_identification:_identify(src) by extensions ['python_setup_py']
[0.178s] Level 1:colcon.colcon_core.package_identification:_identify(src) by extension 'python_setup_py'
[0.178s] Level 1:colcon.colcon_core.package_identification:_identify(src/estun_control) by extensions ['ignore', 'ignore_ament_install']
[0.178s] Level 1:colcon.colcon_core.package_identification:_identify(src/estun_control) by extension 'ignore'
[0.178s] Level 1:colcon.colcon_core.package_identification:_identify(src/estun_control) by extension 'ignore_ament_install'
[0.178s] Level 1:colcon.colcon_core.package_identification:_identify(src/estun_control) by extensions ['colcon_pkg']
[0.178s] Level 1:colcon.colcon_core.package_identification:_identify(src/estun_control) by extension 'colcon_pkg'
[0.178s] Level 1:colcon.colcon_core.package_identification:_identify(src/estun_control) by extensions ['colcon_meta']
[0.178s] Level 1:colcon.colcon_core.package_identification:_identify(src/estun_control) by extension 'colcon_meta'
[0.178s] Level 1:colcon.colcon_core.package_identification:_identify(src/estun_control) by extensions ['ros']
[0.178s] Level 1:colcon.colcon_core.package_identification:_identify(src/estun_control) by extension 'ros'
[0.181s] DEBUG:colcon.colcon_core.package_identification:Package 'src/estun_control' with type 'ros.ament_cmake' and name 'estun_control'
[0.181s] Level 1:colcon.colcon_core.package_identification:_identify(src/estun_description) by extensions ['ignore', 'ignore_ament_install']
[0.181s] Level 1:colcon.colcon_core.package_identification:_identify(src/estun_description) by extension 'ignore'
[0.181s] Level 1:colcon.colcon_core.package_identification:_identify(src/estun_description) by extension 'ignore_ament_install'
[0.181s] Level 1:colcon.colcon_core.package_identification:_identify(src/estun_description) by extensions ['colcon_pkg']
[0.181s] Level 1:colcon.colcon_core.package_identification:_identify(src/estun_description) by extension 'colcon_pkg'
[0.181s] Level 1:colcon.colcon_core.package_identification:_identify(src/estun_description) by extensions ['colcon_meta']
[0.181s] Level 1:colcon.colcon_core.package_identification:_identify(src/estun_description) by extension 'colcon_meta'
[0.181s] Level 1:colcon.colcon_core.package_identification:_identify(src/estun_description) by extensions ['ros']
[0.181s] Level 1:colcon.colcon_core.package_identification:_identify(src/estun_description) by extension 'ros'
[0.182s] DEBUG:colcon.colcon_core.package_identification:Package 'src/estun_description' with type 'ros.ament_python' and name 'estun_description'
[0.182s] Level 1:colcon.colcon_core.package_identification:_identify(src/estun_moveit) by extensions ['ignore', 'ignore_ament_install']
[0.182s] Level 1:colcon.colcon_core.package_identification:_identify(src/estun_moveit) by extension 'ignore'
[0.182s] Level 1:colcon.colcon_core.package_identification:_identify(src/estun_moveit) by extension 'ignore_ament_install'
[0.182s] Level 1:colcon.colcon_core.package_identification:_identify(src/estun_moveit) by extensions ['colcon_pkg']
[0.182s] Level 1:colcon.colcon_core.package_identification:_identify(src/estun_moveit) by extension 'colcon_pkg'
[0.182s] Level 1:colcon.colcon_core.package_identification:_identify(src/estun_moveit) by extensions ['colcon_meta']
[0.182s] Level 1:colcon.colcon_core.package_identification:_identify(src/estun_moveit) by extension 'colcon_meta'
[0.182s] Level 1:colcon.colcon_core.package_identification:_identify(src/estun_moveit) by extensions ['ros']
[0.182s] Level 1:colcon.colcon_core.package_identification:_identify(src/estun_moveit) by extension 'ros'
[0.183s] DEBUG:colcon.colcon_core.package_identification:Package 'src/estun_moveit' with type 'ros.ament_cmake' and name 'estun_moveit'
[0.183s] Level 1:colcon.colcon_core.package_identification:_identify(src/moveit_task_constructor) by extensions ['ignore', 'ignore_ament_install']
[0.183s] Level 1:colcon.colcon_core.package_identification:_identify(src/moveit_task_constructor) by extension 'ignore'
[0.183s] Level 1:colcon.colcon_core.package_identification:_identify(src/moveit_task_constructor) by extension 'ignore_ament_install'
[0.183s] Level 1:colcon.colcon_core.package_identification:_identify(src/moveit_task_constructor) by extensions ['colcon_pkg']
[0.183s] Level 1:colcon.colcon_core.package_identification:_identify(src/moveit_task_constructor) by extension 'colcon_pkg'
[0.183s] Level 1:colcon.colcon_core.package_identification:_identify(src/moveit_task_constructor) by extensions ['colcon_meta']
[0.183s] Level 1:colcon.colcon_core.package_identification:_identify(src/moveit_task_constructor) by extension 'colcon_meta'
[0.183s] Level 1:colcon.colcon_core.package_identification:_identify(src/moveit_task_constructor) by extensions ['ros']
[0.183s] Level 1:colcon.colcon_core.package_identification:_identify(src/moveit_task_constructor) by extension 'ros'
[0.183s] Level 1:colcon.colcon_core.package_identification:_identify(src/moveit_task_constructor) by extensions ['cmake', 'python']
[0.183s] Level 1:colcon.colcon_core.package_identification:_identify(src/moveit_task_constructor) by extension 'cmake'
[0.184s] Level 1:colcon.colcon_core.package_identification:_identify(src/moveit_task_constructor) by extension 'python'
[0.184s] Level 1:colcon.colcon_core.package_identification:_identify(src/moveit_task_constructor) by extensions ['python_setup_py']
[0.184s] Level 1:colcon.colcon_core.package_identification:_identify(src/moveit_task_constructor) by extension 'python_setup_py'
[0.184s] Level 1:colcon.colcon_core.package_identification:_identify(src/moveit_task_constructor/capabilities) by extensions ['ignore', 'ignore_ament_install']
[0.184s] Level 1:colcon.colcon_core.package_identification:_identify(src/moveit_task_constructor/capabilities) by extension 'ignore'
[0.184s] Level 1:colcon.colcon_core.package_identification:_identify(src/moveit_task_constructor/capabilities) by extension 'ignore_ament_install'
[0.184s] Level 1:colcon.colcon_core.package_identification:_identify(src/moveit_task_constructor/capabilities) by extensions ['colcon_pkg']
[0.184s] Level 1:colcon.colcon_core.package_identification:_identify(src/moveit_task_constructor/capabilities) by extension 'colcon_pkg'
[0.184s] Level 1:colcon.colcon_core.package_identification:_identify(src/moveit_task_constructor/capabilities) by extensions ['colcon_meta']
[0.184s] Level 1:colcon.colcon_core.package_identification:_identify(src/moveit_task_constructor/capabilities) by extension 'colcon_meta'
[0.184s] Level 1:colcon.colcon_core.package_identification:_identify(src/moveit_task_constructor/capabilities) by extensions ['ros']
[0.184s] Level 1:colcon.colcon_core.package_identification:_identify(src/moveit_task_constructor/capabilities) by extension 'ros'
[0.185s] DEBUG:colcon.colcon_core.package_identification:Package 'src/moveit_task_constructor/capabilities' with type 'ros.ament_cmake' and name 'moveit_task_constructor_capabilities'
[0.185s] Level 1:colcon.colcon_core.package_identification:_identify(src/moveit_task_constructor/core) by extensions ['ignore', 'ignore_ament_install']
[0.185s] Level 1:colcon.colcon_core.package_identification:_identify(src/moveit_task_constructor/core) by extension 'ignore'
[0.185s] Level 1:colcon.colcon_core.package_identification:_identify(src/moveit_task_constructor/core) by extension 'ignore_ament_install'
[0.185s] Level 1:colcon.colcon_core.package_identification:_identify(src/moveit_task_constructor/core) by extensions ['colcon_pkg']
[0.185s] Level 1:colcon.colcon_core.package_identification:_identify(src/moveit_task_constructor/core) by extension 'colcon_pkg'
[0.185s] Level 1:colcon.colcon_core.package_identification:_identify(src/moveit_task_constructor/core) by extensions ['colcon_meta']
[0.185s] Level 1:colcon.colcon_core.package_identification:_identify(src/moveit_task_constructor/core) by extension 'colcon_meta'
[0.185s] Level 1:colcon.colcon_core.package_identification:_identify(src/moveit_task_constructor/core) by extensions ['ros']
[0.185s] Level 1:colcon.colcon_core.package_identification:_identify(src/moveit_task_constructor/core) by extension 'ros'
[0.186s] DEBUG:colcon.colcon_core.package_identification:Package 'src/moveit_task_constructor/core' with type 'ros.ament_cmake' and name 'moveit_task_constructor_core'
[0.186s] Level 1:colcon.colcon_core.package_identification:_identify(src/moveit_task_constructor/demo) by extensions ['ignore', 'ignore_ament_install']
[0.186s] Level 1:colcon.colcon_core.package_identification:_identify(src/moveit_task_constructor/demo) by extension 'ignore'
[0.187s] Level 1:colcon.colcon_core.package_identification:_identify(src/moveit_task_constructor/demo) by extension 'ignore_ament_install'
[0.187s] Level 1:colcon.colcon_core.package_identification:_identify(src/moveit_task_constructor/demo) by extensions ['colcon_pkg']
[0.187s] Level 1:colcon.colcon_core.package_identification:_identify(src/moveit_task_constructor/demo) by extension 'colcon_pkg'
[0.187s] Level 1:colcon.colcon_core.package_identification:_identify(src/moveit_task_constructor/demo) by extensions ['colcon_meta']
[0.187s] Level 1:colcon.colcon_core.package_identification:_identify(src/moveit_task_constructor/demo) by extension 'colcon_meta'
[0.187s] Level 1:colcon.colcon_core.package_identification:_identify(src/moveit_task_constructor/demo) by extensions ['ros']
[0.187s] Level 1:colcon.colcon_core.package_identification:_identify(src/moveit_task_constructor/demo) by extension 'ros'
[0.187s] DEBUG:colcon.colcon_core.package_identification:Package 'src/moveit_task_constructor/demo' with type 'ros.ament_cmake' and name 'moveit_task_constructor_demo'
[0.187s] Level 1:colcon.colcon_core.package_identification:_identify(src/moveit_task_constructor/msgs) by extensions ['ignore', 'ignore_ament_install']
[0.187s] Level 1:colcon.colcon_core.package_identification:_identify(src/moveit_task_constructor/msgs) by extension 'ignore'
[0.188s] Level 1:colcon.colcon_core.package_identification:_identify(src/moveit_task_constructor/msgs) by extension 'ignore_ament_install'
[0.188s] Level 1:colcon.colcon_core.package_identification:_identify(src/moveit_task_constructor/msgs) by extensions ['colcon_pkg']
[0.188s] Level 1:colcon.colcon_core.package_identification:_identify(src/moveit_task_constructor/msgs) by extension 'colcon_pkg'
[0.188s] Level 1:colcon.colcon_core.package_identification:_identify(src/moveit_task_constructor/msgs) by extensions ['colcon_meta']
[0.188s] Level 1:colcon.colcon_core.package_identification:_identify(src/moveit_task_constructor/msgs) by extension 'colcon_meta'
[0.188s] Level 1:colcon.colcon_core.package_identification:_identify(src/moveit_task_constructor/msgs) by extensions ['ros']
[0.188s] Level 1:colcon.colcon_core.package_identification:_identify(src/moveit_task_constructor/msgs) by extension 'ros'
[0.188s] DEBUG:colcon.colcon_core.package_identification:Package 'src/moveit_task_constructor/msgs' with type 'ros.ament_cmake' and name 'moveit_task_constructor_msgs'
[0.188s] Level 1:colcon.colcon_core.package_identification:_identify(src/moveit_task_constructor/rviz_marker_tools) by extensions ['ignore', 'ignore_ament_install']
[0.188s] Level 1:colcon.colcon_core.package_identification:_identify(src/moveit_task_constructor/rviz_marker_tools) by extension 'ignore'
[0.189s] Level 1:colcon.colcon_core.package_identification:_identify(src/moveit_task_constructor/rviz_marker_tools) by extension 'ignore_ament_install'
[0.189s] Level 1:colcon.colcon_core.package_identification:_identify(src/moveit_task_constructor/rviz_marker_tools) by extensions ['colcon_pkg']
[0.189s] Level 1:colcon.colcon_core.package_identification:_identify(src/moveit_task_constructor/rviz_marker_tools) by extension 'colcon_pkg'
[0.189s] Level 1:colcon.colcon_core.package_identification:_identify(src/moveit_task_constructor/rviz_marker_tools) by extensions ['colcon_meta']
[0.189s] Level 1:colcon.colcon_core.package_identification:_identify(src/moveit_task_constructor/rviz_marker_tools) by extension 'colcon_meta'
[0.189s] Level 1:colcon.colcon_core.package_identification:_identify(src/moveit_task_constructor/rviz_marker_tools) by extensions ['ros']
[0.189s] Level 1:colcon.colcon_core.package_identification:_identify(src/moveit_task_constructor/rviz_marker_tools) by extension 'ros'
[0.189s] DEBUG:colcon.colcon_core.package_identification:Package 'src/moveit_task_constructor/rviz_marker_tools' with type 'ros.ament_cmake' and name 'rviz_marker_tools'
[0.189s] Level 1:colcon.colcon_core.package_identification:_identify(src/moveit_task_constructor/visualization) by extensions ['ignore', 'ignore_ament_install']
[0.190s] Level 1:colcon.colcon_core.package_identification:_identify(src/moveit_task_constructor/visualization) by extension 'ignore'
[0.190s] Level 1:colcon.colcon_core.package_identification:_identify(src/moveit_task_constructor/visualization) by extension 'ignore_ament_install'
[0.190s] Level 1:colcon.colcon_core.package_identification:_identify(src/moveit_task_constructor/visualization) by extensions ['colcon_pkg']
[0.190s] Level 1:colcon.colcon_core.package_identification:_identify(src/moveit_task_constructor/visualization) by extension 'colcon_pkg'
[0.190s] Level 1:colcon.colcon_core.package_identification:_identify(src/moveit_task_constructor/visualization) by extensions ['colcon_meta']
[0.190s] Level 1:colcon.colcon_core.package_identification:_identify(src/moveit_task_constructor/visualization) by extension 'colcon_meta'
[0.190s] Level 1:colcon.colcon_core.package_identification:_identify(src/moveit_task_constructor/visualization) by extensions ['ros']
[0.190s] Level 1:colcon.colcon_core.package_identification:_identify(src/moveit_task_constructor/visualization) by extension 'ros'
[0.191s] DEBUG:colcon.colcon_core.package_identification:Package 'src/moveit_task_constructor/visualization' with type 'ros.ament_cmake' and name 'moveit_task_constructor_visualization'
[0.191s] Level 1:colcon.colcon_core.package_identification:_identify(src/vision_control) by extensions ['ignore', 'ignore_ament_install']
[0.191s] Level 1:colcon.colcon_core.package_identification:_identify(src/vision_control) by extension 'ignore'
[0.191s] Level 1:colcon.colcon_core.package_identification:_identify(src/vision_control) by extension 'ignore_ament_install'
[0.191s] Level 1:colcon.colcon_core.package_identification:_identify(src/vision_control) by extensions ['colcon_pkg']
[0.191s] Level 1:colcon.colcon_core.package_identification:_identify(src/vision_control) by extension 'colcon_pkg'
[0.191s] Level 1:colcon.colcon_core.package_identification:_identify(src/vision_control) by extensions ['colcon_meta']
[0.191s] Level 1:colcon.colcon_core.package_identification:_identify(src/vision_control) by extension 'colcon_meta'
[0.191s] Level 1:colcon.colcon_core.package_identification:_identify(src/vision_control) by extensions ['ros']
[0.191s] Level 1:colcon.colcon_core.package_identification:_identify(src/vision_control) by extension 'ros'
[0.191s] DEBUG:colcon.colcon_core.package_identification:Package 'src/vision_control' with type 'ros.ament_cmake' and name 'vision_control'
[0.192s] Level 1:colcon.colcon_core.package_discovery:discover_packages(recursive) using defaults
[0.192s] Level 1:colcon.colcon_core.package_discovery:discover_packages(ignore) discover
[0.192s] Level 1:colcon.colcon_core.package_discovery:discover_packages(ignore) using defaults
[0.192s] Level 1:colcon.colcon_core.package_discovery:discover_packages(path) discover
[0.192s] Level 1:colcon.colcon_core.package_discovery:discover_packages(path) using defaults
[0.212s] Level 1:colcon.colcon_core.package_discovery:discover_packages(prefix_path) check parameters
[0.212s] Level 1:colcon.colcon_core.package_discovery:discover_packages(prefix_path) discover
[0.214s] DEBUG:colcon.colcon_installed_package_information.package_discovery:Found 10 installed packages in /home/mario/master_ws/install
[0.216s] DEBUG:colcon.colcon_installed_package_information.package_discovery:Found 542 installed packages in /opt/ros/jazzy
[0.218s] Level 1:colcon.colcon_core.package_discovery:discover_packages(prefix_path) using defaults
[0.301s] Level 5:colcon.colcon_core.verb:set package 'estun_description' build argument 'cmake_args' from command line to 'None'
[0.301s] Level 5:colcon.colcon_core.verb:set package 'estun_description' build argument 'cmake_target' from command line to 'None'
[0.301s] Level 5:colcon.colcon_core.verb:set package 'estun_description' build argument 'cmake_target_skip_unavailable' from command line to 'False'
[0.301s] Level 5:colcon.colcon_core.verb:set package 'estun_description' build argument 'cmake_clean_cache' from command line to 'False'
[0.301s] Level 5:colcon.colcon_core.verb:set package 'estun_description' build argument 'cmake_clean_first' from command line to 'False'
[0.301s] Level 5:colcon.colcon_core.verb:set package 'estun_description' build argument 'cmake_force_configure' from command line to 'False'
[0.301s] Level 5:colcon.colcon_core.verb:set package 'estun_description' build argument 'ament_cmake_args' from command line to 'None'
[0.302s] Level 5:colcon.colcon_core.verb:set package 'estun_description' build argument 'catkin_cmake_args' from command line to 'None'
[0.302s] Level 5:colcon.colcon_core.verb:set package 'estun_description' build argument 'catkin_skip_building_tests' from command line to 'False'
[0.302s] DEBUG:colcon.colcon_core.verb:Building package 'estun_description' with the following arguments: {'ament_cmake_args': None, 'build_base': '/home/mario/master_ws/build/estun_description', 'catkin_cmake_args': None, 'catkin_skip_building_tests': False, 'cmake_args': None, 'cmake_clean_cache': False, 'cmake_clean_first': False, 'cmake_force_configure': False, 'cmake_target': None, 'cmake_target_skip_unavailable': False, 'install_base': '/home/mario/master_ws/install/estun_description', 'merge_install': False, 'path': '/home/mario/master_ws/src/estun_description', 'symlink_install': False, 'test_result_base': None}
[0.302s] Level 5:colcon.colcon_core.verb:set package 'moveit_task_constructor_msgs' build argument 'cmake_args' from command line to 'None'
[0.302s] Level 5:colcon.colcon_core.verb:set package 'moveit_task_constructor_msgs' build argument 'cmake_target' from command line to 'None'
[0.302s] Level 5:colcon.colcon_core.verb:set package 'moveit_task_constructor_msgs' build argument 'cmake_target_skip_unavailable' from command line to 'False'
[0.302s] Level 5:colcon.colcon_core.verb:set package 'moveit_task_constructor_msgs' build argument 'cmake_clean_cache' from command line to 'False'
[0.302s] Level 5:colcon.colcon_core.verb:set package 'moveit_task_constructor_msgs' build argument 'cmake_clean_first' from command line to 'False'
[0.302s] Level 5:colcon.colcon_core.verb:set package 'moveit_task_constructor_msgs' build argument 'cmake_force_configure' from command line to 'False'
[0.302s] Level 5:colcon.colcon_core.verb:set package 'moveit_task_constructor_msgs' build argument 'ament_cmake_args' from command line to 'None'
[0.302s] Level 5:colcon.colcon_core.verb:set package 'moveit_task_constructor_msgs' build argument 'catkin_cmake_args' from command line to 'None'
[0.302s] Level 5:colcon.colcon_core.verb:set package 'moveit_task_constructor_msgs' build argument 'catkin_skip_building_tests' from command line to 'False'
[0.302s] DEBUG:colcon.colcon_core.verb:Building package 'moveit_task_constructor_msgs' with the following arguments: {'ament_cmake_args': None, 'build_base': '/home/mario/master_ws/build/moveit_task_constructor_msgs', 'catkin_cmake_args': None, 'catkin_skip_building_tests': False, 'cmake_args': None, 'cmake_clean_cache': False, 'cmake_clean_first': False, 'cmake_force_configure': False, 'cmake_target': None, 'cmake_target_skip_unavailable': False, 'install_base': '/home/mario/master_ws/install/moveit_task_constructor_msgs', 'merge_install': False, 'path': '/home/mario/master_ws/src/moveit_task_constructor/msgs', 'symlink_install': False, 'test_result_base': None}
[0.302s] Level 5:colcon.colcon_core.verb:set package 'rviz_marker_tools' build argument 'cmake_args' from command line to 'None'
[0.302s] Level 5:colcon.colcon_core.verb:set package 'rviz_marker_tools' build argument 'cmake_target' from command line to 'None'
[0.302s] Level 5:colcon.colcon_core.verb:set package 'rviz_marker_tools' build argument 'cmake_target_skip_unavailable' from command line to 'False'
[0.302s] Level 5:colcon.colcon_core.verb:set package 'rviz_marker_tools' build argument 'cmake_clean_cache' from command line to 'False'
[0.302s] Level 5:colcon.colcon_core.verb:set package 'rviz_marker_tools' build argument 'cmake_clean_first' from command line to 'False'
[0.302s] Level 5:colcon.colcon_core.verb:set package 'rviz_marker_tools' build argument 'cmake_force_configure' from command line to 'False'
[0.303s] Level 5:colcon.colcon_core.verb:set package 'rviz_marker_tools' build argument 'ament_cmake_args' from command line to 'None'
[0.303s] Level 5:colcon.colcon_core.verb:set package 'rviz_marker_tools' build argument 'catkin_cmake_args' from command line to 'None'
[0.303s] Level 5:colcon.colcon_core.verb:set package 'rviz_marker_tools' build argument 'catkin_skip_building_tests' from command line to 'False'
[0.303s] DEBUG:colcon.colcon_core.verb:Building package 'rviz_marker_tools' with the following arguments: {'ament_cmake_args': None, 'build_base': '/home/mario/master_ws/build/rviz_marker_tools', 'catkin_cmake_args': None, 'catkin_skip_building_tests': False, 'cmake_args': None, 'cmake_clean_cache': False, 'cmake_clean_first': False, 'cmake_force_configure': False, 'cmake_target': None, 'cmake_target_skip_unavailable': False, 'install_base': '/home/mario/master_ws/install/rviz_marker_tools', 'merge_install': False, 'path': '/home/mario/master_ws/src/moveit_task_constructor/rviz_marker_tools', 'symlink_install': False, 'test_result_base': None}
[0.303s] Level 5:colcon.colcon_core.verb:set package 'vision_control' build argument 'cmake_args' from command line to 'None'
[0.303s] Level 5:colcon.colcon_core.verb:set package 'vision_control' build argument 'cmake_target' from command line to 'None'
[0.303s] Level 5:colcon.colcon_core.verb:set package 'vision_control' build argument 'cmake_target_skip_unavailable' from command line to 'False'
[0.303s] Level 5:colcon.colcon_core.verb:set package 'vision_control' build argument 'cmake_clean_cache' from command line to 'False'
[0.303s] Level 5:colcon.colcon_core.verb:set package 'vision_control' build argument 'cmake_clean_first' from command line to 'False'
[0.303s] Level 5:colcon.colcon_core.verb:set package 'vision_control' build argument 'cmake_force_configure' from command line to 'False'
[0.303s] Level 5:colcon.colcon_core.verb:set package 'vision_control' build argument 'ament_cmake_args' from command line to 'None'
[0.303s] Level 5:colcon.colcon_core.verb:set package 'vision_control' build argument 'catkin_cmake_args' from command line to 'None'
[0.303s] Level 5:colcon.colcon_core.verb:set package 'vision_control' build argument 'catkin_skip_building_tests' from command line to 'False'
[0.303s] DEBUG:colcon.colcon_core.verb:Building package 'vision_control' with the following arguments: {'ament_cmake_args': None, 'build_base': '/home/mario/master_ws/build/vision_control', 'catkin_cmake_args': None, 'catkin_skip_building_tests': False, 'cmake_args': None, 'cmake_clean_cache': False, 'cmake_clean_first': False, 'cmake_force_configure': False, 'cmake_target': None, 'cmake_target_skip_unavailable': False, 'install_base': '/home/mario/master_ws/install/vision_control', 'merge_install': False, 'path': '/home/mario/master_ws/src/vision_control', 'symlink_install': False, 'test_result_base': None}
[0.303s] Level 5:colcon.colcon_core.verb:set package 'estun_moveit' build argument 'cmake_args' from command line to 'None'
[0.303s] Level 5:colcon.colcon_core.verb:set package 'estun_moveit' build argument 'cmake_target' from command line to 'None'
[0.303s] Level 5:colcon.colcon_core.verb:set package 'estun_moveit' build argument 'cmake_target_skip_unavailable' from command line to 'False'
[0.303s] Level 5:colcon.colcon_core.verb:set package 'estun_moveit' build argument 'cmake_clean_cache' from command line to 'False'
[0.303s] Level 5:colcon.colcon_core.verb:set package 'estun_moveit' build argument 'cmake_clean_first' from command line to 'False'
[0.303s] Level 5:colcon.colcon_core.verb:set package 'estun_moveit' build argument 'cmake_force_configure' from command line to 'False'
[0.303s] Level 5:colcon.colcon_core.verb:set package 'estun_moveit' build argument 'ament_cmake_args' from command line to 'None'
[0.303s] Level 5:colcon.colcon_core.verb:set package 'estun_moveit' build argument 'catkin_cmake_args' from command line to 'None'
[0.304s] Level 5:colcon.colcon_core.verb:set package 'estun_moveit' build argument 'catkin_skip_building_tests' from command line to 'False'
[0.304s] DEBUG:colcon.colcon_core.verb:Building package 'estun_moveit' with the following arguments: {'ament_cmake_args': None, 'build_base': '/home/mario/master_ws/build/estun_moveit', 'catkin_cmake_args': None, 'catkin_skip_building_tests': False, 'cmake_args': None, 'cmake_clean_cache': False, 'cmake_clean_first': False, 'cmake_force_configure': False, 'cmake_target': None, 'cmake_target_skip_unavailable': False, 'install_base': '/home/mario/master_ws/install/estun_moveit', 'merge_install': False, 'path': '/home/mario/master_ws/src/estun_moveit', 'symlink_install': False, 'test_result_base': None}
[0.304s] Level 5:colcon.colcon_core.verb:set package 'moveit_task_constructor_core' build argument 'cmake_args' from command line to 'None'
[0.304s] Level 5:colcon.colcon_core.verb:set package 'moveit_task_constructor_core' build argument 'cmake_target' from command line to 'None'
[0.304s] Level 5:colcon.colcon_core.verb:set package 'moveit_task_constructor_core' build argument 'cmake_target_skip_unavailable' from command line to 'False'
[0.304s] Level 5:colcon.colcon_core.verb:set package 'moveit_task_constructor_core' build argument 'cmake_clean_cache' from command line to 'False'
[0.304s] Level 5:colcon.colcon_core.verb:set package 'moveit_task_constructor_core' build argument 'cmake_clean_first' from command line to 'False'
[0.304s] Level 5:colcon.colcon_core.verb:set package 'moveit_task_constructor_core' build argument 'cmake_force_configure' from command line to 'False'
[0.304s] Level 5:colcon.colcon_core.verb:set package 'moveit_task_constructor_core' build argument 'ament_cmake_args' from command line to 'None'
[0.304s] Level 5:colcon.colcon_core.verb:set package 'moveit_task_constructor_core' build argument 'catkin_cmake_args' from command line to 'None'
[0.304s] Level 5:colcon.colcon_core.verb:set package 'moveit_task_constructor_core' build argument 'catkin_skip_building_tests' from command line to 'False'
[0.304s] DEBUG:colcon.colcon_core.verb:Building package 'moveit_task_constructor_core' with the following arguments: {'ament_cmake_args': None, 'build_base': '/home/mario/master_ws/build/moveit_task_constructor_core', 'catkin_cmake_args': None, 'catkin_skip_building_tests': False, 'cmake_args': None, 'cmake_clean_cache': False, 'cmake_clean_first': False, 'cmake_force_configure': False, 'cmake_target': None, 'cmake_target_skip_unavailable': False, 'install_base': '/home/mario/master_ws/install/moveit_task_constructor_core', 'merge_install': False, 'path': '/home/mario/master_ws/src/moveit_task_constructor/core', 'symlink_install': False, 'test_result_base': None}
[0.304s] Level 5:colcon.colcon_core.verb:set package 'estun_control' build argument 'cmake_args' from command line to 'None'
[0.304s] Level 5:colcon.colcon_core.verb:set package 'estun_control' build argument 'cmake_target' from command line to 'None'
[0.304s] Level 5:colcon.colcon_core.verb:set package 'estun_control' build argument 'cmake_target_skip_unavailable' from command line to 'False'
[0.304s] Level 5:colcon.colcon_core.verb:set package 'estun_control' build argument 'cmake_clean_cache' from command line to 'False'
[0.304s] Level 5:colcon.colcon_core.verb:set package 'estun_control' build argument 'cmake_clean_first' from command line to 'False'
[0.304s] Level 5:colcon.colcon_core.verb:set package 'estun_control' build argument 'cmake_force_configure' from command line to 'False'
[0.304s] Level 5:colcon.colcon_core.verb:set package 'estun_control' build argument 'ament_cmake_args' from command line to 'None'
[0.304s] Level 5:colcon.colcon_core.verb:set package 'estun_control' build argument 'catkin_cmake_args' from command line to 'None'
[0.304s] Level 5:colcon.colcon_core.verb:set package 'estun_control' build argument 'catkin_skip_building_tests' from command line to 'False'
[0.304s] DEBUG:colcon.colcon_core.verb:Building package 'estun_control' with the following arguments: {'ament_cmake_args': None, 'build_base': '/home/mario/master_ws/build/estun_control', 'catkin_cmake_args': None, 'catkin_skip_building_tests': False, 'cmake_args': None, 'cmake_clean_cache': False, 'cmake_clean_first': False, 'cmake_force_configure': False, 'cmake_target': None, 'cmake_target_skip_unavailable': False, 'install_base': '/home/mario/master_ws/install/estun_control', 'merge_install': False, 'path': '/home/mario/master_ws/src/estun_control', 'symlink_install': False, 'test_result_base': None}
[0.305s] Level 5:colcon.colcon_core.verb:set package 'moveit_task_constructor_capabilities' build argument 'cmake_args' from command line to 'None'
[0.305s] Level 5:colcon.colcon_core.verb:set package 'moveit_task_constructor_capabilities' build argument 'cmake_target' from command line to 'None'
[0.305s] Level 5:colcon.colcon_core.verb:set package 'moveit_task_constructor_capabilities' build argument 'cmake_target_skip_unavailable' from command line to 'False'
[0.305s] Level 5:colcon.colcon_core.verb:set package 'moveit_task_constructor_capabilities' build argument 'cmake_clean_cache' from command line to 'False'
[0.305s] Level 5:colcon.colcon_core.verb:set package 'moveit_task_constructor_capabilities' build argument 'cmake_clean_first' from command line to 'False'
[0.305s] Level 5:colcon.colcon_core.verb:set package 'moveit_task_constructor_capabilities' build argument 'cmake_force_configure' from command line to 'False'
[0.305s] Level 5:colcon.colcon_core.verb:set package 'moveit_task_constructor_capabilities' build argument 'ament_cmake_args' from command line to 'None'
[0.305s] Level 5:colcon.colcon_core.verb:set package 'moveit_task_constructor_capabilities' build argument 'catkin_cmake_args' from command line to 'None'
[0.305s] Level 5:colcon.colcon_core.verb:set package 'moveit_task_constructor_capabilities' build argument 'catkin_skip_building_tests' from command line to 'False'
[0.305s] DEBUG:colcon.colcon_core.verb:Building package 'moveit_task_constructor_capabilities' with the following arguments: {'ament_cmake_args': None, 'build_base': '/home/mario/master_ws/build/moveit_task_constructor_capabilities', 'catkin_cmake_args': None, 'catkin_skip_building_tests': False, 'cmake_args': None, 'cmake_clean_cache': False, 'cmake_clean_first': False, 'cmake_force_configure': False, 'cmake_target': None, 'cmake_target_skip_unavailable': False, 'install_base': '/home/mario/master_ws/install/moveit_task_constructor_capabilities', 'merge_install': False, 'path': '/home/mario/master_ws/src/moveit_task_constructor/capabilities', 'symlink_install': False, 'test_result_base': None}
[0.305s] Level 5:colcon.colcon_core.verb:set package 'moveit_task_constructor_visualization' build argument 'cmake_args' from command line to 'None'
[0.305s] Level 5:colcon.colcon_core.verb:set package 'moveit_task_constructor_visualization' build argument 'cmake_target' from command line to 'None'
[0.305s] Level 5:colcon.colcon_core.verb:set package 'moveit_task_constructor_visualization' build argument 'cmake_target_skip_unavailable' from command line to 'False'
[0.305s] Level 5:colcon.colcon_core.verb:set package 'moveit_task_constructor_visualization' build argument 'cmake_clean_cache' from command line to 'False'
[0.305s] Level 5:colcon.colcon_core.verb:set package 'moveit_task_constructor_visualization' build argument 'cmake_clean_first' from command line to 'False'
[0.305s] Level 5:colcon.colcon_core.verb:set package 'moveit_task_constructor_visualization' build argument 'cmake_force_configure' from command line to 'False'
[0.305s] Level 5:colcon.colcon_core.verb:set package 'moveit_task_constructor_visualization' build argument 'ament_cmake_args' from command line to 'None'
[0.305s] Level 5:colcon.colcon_core.verb:set package 'moveit_task_constructor_visualization' build argument 'catkin_cmake_args' from command line to 'None'
[0.305s] Level 5:colcon.colcon_core.verb:set package 'moveit_task_constructor_visualization' build argument 'catkin_skip_building_tests' from command line to 'False'
[0.305s] DEBUG:colcon.colcon_core.verb:Building package 'moveit_task_constructor_visualization' with the following arguments: {'ament_cmake_args': None, 'build_base': '/home/mario/master_ws/build/moveit_task_constructor_visualization', 'catkin_cmake_args': None, 'catkin_skip_building_tests': False, 'cmake_args': None, 'cmake_clean_cache': False, 'cmake_clean_first': False, 'cmake_force_configure': False, 'cmake_target': None, 'cmake_target_skip_unavailable': False, 'install_base': '/home/mario/master_ws/install/moveit_task_constructor_visualization', 'merge_install': False, 'path': '/home/mario/master_ws/src/moveit_task_constructor/visualization', 'symlink_install': False, 'test_result_base': None}
[0.306s] Level 5:colcon.colcon_core.verb:set package 'moveit_task_constructor_demo' build argument 'cmake_args' from command line to 'None'
[0.306s] Level 5:colcon.colcon_core.verb:set package 'moveit_task_constructor_demo' build argument 'cmake_target' from command line to 'None'
[0.306s] Level 5:colcon.colcon_core.verb:set package 'moveit_task_constructor_demo' build argument 'cmake_target_skip_unavailable' from command line to 'False'
[0.306s] Level 5:colcon.colcon_core.verb:set package 'moveit_task_constructor_demo' build argument 'cmake_clean_cache' from command line to 'False'
[0.306s] Level 5:colcon.colcon_core.verb:set package 'moveit_task_constructor_demo' build argument 'cmake_clean_first' from command line to 'False'
[0.306s] Level 5:colcon.colcon_core.verb:set package 'moveit_task_constructor_demo' build argument 'cmake_force_configure' from command line to 'False'
[0.306s] Level 5:colcon.colcon_core.verb:set package 'moveit_task_constructor_demo' build argument 'ament_cmake_args' from command line to 'None'
[0.306s] Level 5:colcon.colcon_core.verb:set package 'moveit_task_constructor_demo' build argument 'catkin_cmake_args' from command line to 'None'
[0.306s] Level 5:colcon.colcon_core.verb:set package 'moveit_task_constructor_demo' build argument 'catkin_skip_building_tests' from command line to 'False'
[0.306s] DEBUG:colcon.colcon_core.verb:Building package 'moveit_task_constructor_demo' with the following arguments: {'ament_cmake_args': None, 'build_base': '/home/mario/master_ws/build/moveit_task_constructor_demo', 'catkin_cmake_args': None, 'catkin_skip_building_tests': False, 'cmake_args': None, 'cmake_clean_cache': False, 'cmake_clean_first': False, 'cmake_force_configure': False, 'cmake_target': None, 'cmake_target_skip_unavailable': False, 'install_base': '/home/mario/master_ws/install/moveit_task_constructor_demo', 'merge_install': False, 'path': '/home/mario/master_ws/src/moveit_task_constructor/demo', 'symlink_install': False, 'test_result_base': None}
[0.306s] INFO:colcon.colcon_core.executor:Executing jobs using 'parallel' executor
[0.307s] DEBUG:colcon.colcon_parallel_executor.executor.parallel:run_until_complete
[0.307s] INFO:colcon.colcon_ros.task.ament_cmake.build:Building ROS package in '/home/mario/master_ws/src/moveit_task_constructor/msgs' with build type 'ament_cmake'
[0.307s] INFO:colcon.colcon_cmake.task.cmake.build:Building CMake package in '/home/mario/master_ws/src/moveit_task_constructor/msgs'
[0.309s] INFO:colcon.colcon_core.plugin_system:Skipping extension 'colcon_core.shell.bat': Not used on non-Windows systems
[0.309s] INFO:colcon.colcon_core.shell:Skip shell extension 'powershell' for command environment: Not usable outside of PowerShell
[0.309s] DEBUG:colcon.colcon_core.shell:Skip shell extension 'dsv' for command environment
[0.314s] INFO:colcon.colcon_ros.task.ament_cmake.build:Building ROS package in '/home/mario/master_ws/src/moveit_task_constructor/rviz_marker_tools' with build type 'ament_cmake'
[0.314s] INFO:colcon.colcon_cmake.task.cmake.build:Building CMake package in '/home/mario/master_ws/src/moveit_task_constructor/rviz_marker_tools'
[0.314s] INFO:colcon.colcon_core.shell:Skip shell extension 'powershell' for command environment: Not usable outside of PowerShell
[0.314s] DEBUG:colcon.colcon_core.shell:Skip shell extension 'dsv' for command environment
[0.319s] INFO:colcon.colcon_ros.task.ament_python.build:Building ROS package in '/home/mario/master_ws/src/estun_description' with build type 'ament_python'
[0.319s] Level 1:colcon.colcon_core.shell:create_environment_hook('estun_description', 'ament_prefix_path')
[0.319s] INFO:colcon.colcon_core.shell:Creating environment hook '/home/mario/master_ws/install/estun_description/share/estun_description/hook/ament_prefix_path.ps1'
[0.320s] INFO:colcon.colcon_core.shell:Creating environment descriptor '/home/mario/master_ws/install/estun_description/share/estun_description/hook/ament_prefix_path.dsv'
[0.320s] INFO:colcon.colcon_core.shell:Creating environment hook '/home/mario/master_ws/install/estun_description/share/estun_description/hook/ament_prefix_path.sh'
[0.321s] INFO:colcon.colcon_core.shell:Skip shell extension 'powershell' for command environment: Not usable outside of PowerShell
[0.321s] DEBUG:colcon.colcon_core.shell:Skip shell extension 'dsv' for command environment
[0.325s] INFO:colcon.colcon_ros.task.ament_cmake.build:Building ROS package in '/home/mario/master_ws/src/vision_control' with build type 'ament_cmake'
[0.325s] INFO:colcon.colcon_cmake.task.cmake.build:Building CMake package in '/home/mario/master_ws/src/vision_control'
[0.326s] INFO:colcon.colcon_core.shell:Skip shell extension 'powershell' for command environment: Not usable outside of PowerShell
[0.326s] DEBUG:colcon.colcon_core.shell:Skip shell extension 'dsv' for command environment
[0.334s] DEBUG:colcon.colcon_core.event_handler.log_command:Invoking command in '/home/mario/master_ws/build/moveit_task_constructor_msgs': CMAKE_PREFIX_PATH=${CMAKE_PREFIX_PATH}:/home/mario/master_ws/install/estun_description:/opt/ros/jazzy DEBUGINFOD_URLS=https://debuginfod.ubuntu.com /usr/bin/cmake --build /home/mario/master_ws/build/moveit_task_constructor_msgs -- -j12 -l12
[0.336s] DEBUG:colcon.colcon_core.event_handler.log_command:Invoking command in '/home/mario/master_ws/build/rviz_marker_tools': CMAKE_PREFIX_PATH=${CMAKE_PREFIX_PATH}:/home/mario/master_ws/install/estun_description:/opt/ros/jazzy DEBUGINFOD_URLS=https://debuginfod.ubuntu.com /usr/bin/cmake --build /home/mario/master_ws/build/rviz_marker_tools -- -j12 -l12
[0.602s] INFO:colcon.colcon_core.task.python.build:Building Python package in '/home/mario/master_ws/src/estun_description'
[0.602s] INFO:colcon.colcon_core.shell:Skip shell extension 'powershell' for command environment: Not usable outside of PowerShell
[0.602s] DEBUG:colcon.colcon_core.shell:Skip shell extension 'dsv' for command environment
[0.613s] DEBUG:colcon.colcon_core.event_handler.log_command:Invoked command in '/home/mario/master_ws/build/rviz_marker_tools' returned '0': CMAKE_PREFIX_PATH=${CMAKE_PREFIX_PATH}:/home/mario/master_ws/install/estun_description:/opt/ros/jazzy DEBUGINFOD_URLS=https://debuginfod.ubuntu.com /usr/bin/cmake --build /home/mario/master_ws/build/rviz_marker_tools -- -j12 -l12
[0.624s] DEBUG:colcon.colcon_core.event_handler.log_command:Invoking command in '/home/mario/master_ws/build/rviz_marker_tools': CMAKE_PREFIX_PATH=${CMAKE_PREFIX_PATH}:/home/mario/master_ws/install/estun_description:/opt/ros/jazzy DEBUGINFOD_URLS=https://debuginfod.ubuntu.com /usr/bin/cmake --install /home/mario/master_ws/build/rviz_marker_tools
[0.629s] DEBUG:colcon.colcon_core.event_handler.log_command:Invoking command in '/home/mario/master_ws/build/vision_control': CMAKE_PREFIX_PATH=${CMAKE_PREFIX_PATH}:/home/mario/master_ws/install/estun_description:/opt/ros/jazzy DEBUGINFOD_URLS=https://debuginfod.ubuntu.com /usr/bin/cmake --build /home/mario/master_ws/build/vision_control -- -j12 -l12
[0.641s] Level 1:colcon.colcon_core.environment:create_environment_scripts_only(rviz_marker_tools)
[0.642s] DEBUG:colcon.colcon_core.event_handler.log_command:Invoked command in '/home/mario/master_ws/build/rviz_marker_tools' returned '0': CMAKE_PREFIX_PATH=${CMAKE_PREFIX_PATH}:/home/mario/master_ws/install/estun_description:/opt/ros/jazzy DEBUGINFOD_URLS=https://debuginfod.ubuntu.com /usr/bin/cmake --install /home/mario/master_ws/build/rviz_marker_tools
[0.644s] Level 1:colcon.colcon_core.environment:checking '/home/mario/master_ws/install/rviz_marker_tools' for CMake module files
[0.644s] Level 1:colcon.colcon_core.environment:checking '/home/mario/master_ws/install/rviz_marker_tools' for CMake config files
[0.644s] Level 1:colcon.colcon_core.shell:create_environment_hook('rviz_marker_tools', 'cmake_prefix_path')
[0.645s] INFO:colcon.colcon_core.shell:Creating environment hook '/home/mario/master_ws/install/rviz_marker_tools/share/rviz_marker_tools/hook/cmake_prefix_path.ps1'
[0.645s] INFO:colcon.colcon_core.shell:Creating environment descriptor '/home/mario/master_ws/install/rviz_marker_tools/share/rviz_marker_tools/hook/cmake_prefix_path.dsv'
[0.646s] INFO:colcon.colcon_core.shell:Creating environment hook '/home/mario/master_ws/install/rviz_marker_tools/share/rviz_marker_tools/hook/cmake_prefix_path.sh'
[0.646s] Level 1:colcon.colcon_core.environment:checking '/home/mario/master_ws/install/rviz_marker_tools/lib'
[0.646s] Level 1:colcon.colcon_core.shell:create_environment_hook('rviz_marker_tools', 'ld_library_path_lib')
[0.646s] INFO:colcon.colcon_core.shell:Creating environment hook '/home/mario/master_ws/install/rviz_marker_tools/share/rviz_marker_tools/hook/ld_library_path_lib.ps1'
[0.647s] INFO:colcon.colcon_core.shell:Creating environment descriptor '/home/mario/master_ws/install/rviz_marker_tools/share/rviz_marker_tools/hook/ld_library_path_lib.dsv'
[0.647s] INFO:colcon.colcon_core.shell:Creating environment hook '/home/mario/master_ws/install/rviz_marker_tools/share/rviz_marker_tools/hook/ld_library_path_lib.sh'
[0.648s] Level 1:colcon.colcon_core.environment:checking '/home/mario/master_ws/install/rviz_marker_tools/bin'
[0.648s] Level 1:colcon.colcon_core.environment:checking '/home/mario/master_ws/install/rviz_marker_tools/lib/pkgconfig/rviz_marker_tools.pc'
[0.648s] Level 1:colcon.colcon_core.environment:checking '/home/mario/master_ws/install/rviz_marker_tools/lib/python3.12/site-packages'
[0.649s] Level 1:colcon.colcon_core.environment:checking '/home/mario/master_ws/install/rviz_marker_tools/bin'
[0.649s] INFO:colcon.colcon_core.shell:Creating package script '/home/mario/master_ws/install/rviz_marker_tools/share/rviz_marker_tools/package.ps1'
[0.650s] INFO:colcon.colcon_core.shell:Creating package descriptor '/home/mario/master_ws/install/rviz_marker_tools/share/rviz_marker_tools/package.dsv'
[0.651s] INFO:colcon.colcon_core.shell:Creating package script '/home/mario/master_ws/install/rviz_marker_tools/share/rviz_marker_tools/package.sh'
[0.651s] INFO:colcon.colcon_core.shell:Creating package script '/home/mario/master_ws/install/rviz_marker_tools/share/rviz_marker_tools/package.bash'
[0.652s] INFO:colcon.colcon_core.shell:Creating package script '/home/mario/master_ws/install/rviz_marker_tools/share/rviz_marker_tools/package.zsh'
[0.652s] Level 1:colcon.colcon_core.environment:create_file_with_runtime_dependencies(/home/mario/master_ws/install/rviz_marker_tools/share/colcon-core/packages/rviz_marker_tools)
[0.653s] Level 1:colcon.colcon_core.environment:create_environment_scripts_only(rviz_marker_tools)
[0.653s] Level 1:colcon.colcon_core.environment:checking '/home/mario/master_ws/install/rviz_marker_tools' for CMake module files
[0.653s] Level 1:colcon.colcon_core.environment:checking '/home/mario/master_ws/install/rviz_marker_tools' for CMake config files
[0.653s] Level 1:colcon.colcon_core.shell:create_environment_hook('rviz_marker_tools', 'cmake_prefix_path')
[0.654s] INFO:colcon.colcon_core.shell:Creating environment hook '/home/mario/master_ws/install/rviz_marker_tools/share/rviz_marker_tools/hook/cmake_prefix_path.ps1'
[0.654s] INFO:colcon.colcon_core.shell:Creating environment descriptor '/home/mario/master_ws/install/rviz_marker_tools/share/rviz_marker_tools/hook/cmake_prefix_path.dsv'
[0.654s] INFO:colcon.colcon_core.shell:Creating environment hook '/home/mario/master_ws/install/rviz_marker_tools/share/rviz_marker_tools/hook/cmake_prefix_path.sh'
[0.655s] Level 1:colcon.colcon_core.environment:checking '/home/mario/master_ws/install/rviz_marker_tools/lib'
[0.655s] Level 1:colcon.colcon_core.shell:create_environment_hook('rviz_marker_tools', 'ld_library_path_lib')
[0.655s] INFO:colcon.colcon_core.shell:Creating environment hook '/home/mario/master_ws/install/rviz_marker_tools/share/rviz_marker_tools/hook/ld_library_path_lib.ps1'
[0.655s] INFO:colcon.colcon_core.shell:Creating environment descriptor '/home/mario/master_ws/install/rviz_marker_tools/share/rviz_marker_tools/hook/ld_library_path_lib.dsv'
[0.656s] INFO:colcon.colcon_core.shell:Creating environment hook '/home/mario/master_ws/install/rviz_marker_tools/share/rviz_marker_tools/hook/ld_library_path_lib.sh'
[0.656s] Level 1:colcon.colcon_core.environment:checking '/home/mario/master_ws/install/rviz_marker_tools/bin'
[0.656s] Level 1:colcon.colcon_core.environment:checking '/home/mario/master_ws/install/rviz_marker_tools/lib/pkgconfig/rviz_marker_tools.pc'
[0.656s] Level 1:colcon.colcon_core.environment:checking '/home/mario/master_ws/install/rviz_marker_tools/lib/python3.12/site-packages'
[0.657s] Level 1:colcon.colcon_core.environment:checking '/home/mario/master_ws/install/rviz_marker_tools/bin'
[0.657s] INFO:colcon.colcon_core.shell:Creating package script '/home/mario/master_ws/install/rviz_marker_tools/share/rviz_marker_tools/package.ps1'
[0.658s] INFO:colcon.colcon_core.shell:Creating package descriptor '/home/mario/master_ws/install/rviz_marker_tools/share/rviz_marker_tools/package.dsv'
[0.658s] INFO:colcon.colcon_core.shell:Creating package script '/home/mario/master_ws/install/rviz_marker_tools/share/rviz_marker_tools/package.sh'
[0.659s] INFO:colcon.colcon_core.shell:Creating package script '/home/mario/master_ws/install/rviz_marker_tools/share/rviz_marker_tools/package.bash'
[0.659s] INFO:colcon.colcon_core.shell:Creating package script '/home/mario/master_ws/install/rviz_marker_tools/share/rviz_marker_tools/package.zsh'
[0.659s] Level 1:colcon.colcon_core.environment:create_file_with_runtime_dependencies(/home/mario/master_ws/install/rviz_marker_tools/share/colcon-core/packages/rviz_marker_tools)
[0.905s] DEBUG:colcon.colcon_core.event_handler.log_command:Invoked command in '/home/mario/master_ws/build/moveit_task_constructor_msgs' returned '0': CMAKE_PREFIX_PATH=${CMAKE_PREFIX_PATH}:/home/mario/master_ws/install/estun_description:/opt/ros/jazzy DEBUGINFOD_URLS=https://debuginfod.ubuntu.com /usr/bin/cmake --build /home/mario/master_ws/build/moveit_task_constructor_msgs -- -j12 -l12
[0.906s] DEBUG:colcon.colcon_core.event_handler.log_command:Invoking command in '/home/mario/master_ws/build/moveit_task_constructor_msgs': CMAKE_PREFIX_PATH=${CMAKE_PREFIX_PATH}:/home/mario/master_ws/install/estun_description:/opt/ros/jazzy DEBUGINFOD_URLS=https://debuginfod.ubuntu.com /usr/bin/cmake --install /home/mario/master_ws/build/moveit_task_constructor_msgs
[0.992s] Level 1:colcon.colcon_core.environment:create_environment_scripts_only(moveit_task_constructor_msgs)
[0.992s] Level 1:colcon.colcon_core.environment:checking '/home/mario/master_ws/install/moveit_task_constructor_msgs' for CMake module files
[0.993s] DEBUG:colcon.colcon_core.event_handler.log_command:Invoked command in '/home/mario/master_ws/build/moveit_task_constructor_msgs' returned '0': CMAKE_PREFIX_PATH=${CMAKE_PREFIX_PATH}:/home/mario/master_ws/install/estun_description:/opt/ros/jazzy DEBUGINFOD_URLS=https://debuginfod.ubuntu.com /usr/bin/cmake --install /home/mario/master_ws/build/moveit_task_constructor_msgs
[0.993s] Level 1:colcon.colcon_core.environment:checking '/home/mario/master_ws/install/moveit_task_constructor_msgs' for CMake config files
[0.994s] Level 1:colcon.colcon_core.shell:create_environment_hook('moveit_task_constructor_msgs', 'cmake_prefix_path')
[0.994s] INFO:colcon.colcon_core.shell:Creating environment hook '/home/mario/master_ws/install/moveit_task_constructor_msgs/share/moveit_task_constructor_msgs/hook/cmake_prefix_path.ps1'
[0.994s] INFO:colcon.colcon_core.shell:Creating environment descriptor '/home/mario/master_ws/install/moveit_task_constructor_msgs/share/moveit_task_constructor_msgs/hook/cmake_prefix_path.dsv'
[0.995s] INFO:colcon.colcon_core.shell:Creating environment hook '/home/mario/master_ws/install/moveit_task_constructor_msgs/share/moveit_task_constructor_msgs/hook/cmake_prefix_path.sh'
[0.995s] Level 1:colcon.colcon_core.environment:checking '/home/mario/master_ws/install/moveit_task_constructor_msgs/lib'
[0.995s] Level 1:colcon.colcon_core.shell:create_environment_hook('moveit_task_constructor_msgs', 'ld_library_path_lib')
[0.996s] INFO:colcon.colcon_core.shell:Creating environment hook '/home/mario/master_ws/install/moveit_task_constructor_msgs/share/moveit_task_constructor_msgs/hook/ld_library_path_lib.ps1'
[0.996s] INFO:colcon.colcon_core.shell:Creating environment descriptor '/home/mario/master_ws/install/moveit_task_constructor_msgs/share/moveit_task_constructor_msgs/hook/ld_library_path_lib.dsv'
[0.996s] INFO:colcon.colcon_core.shell:Creating environment hook '/home/mario/master_ws/install/moveit_task_constructor_msgs/share/moveit_task_constructor_msgs/hook/ld_library_path_lib.sh'
[0.997s] Level 1:colcon.colcon_core.environment:checking '/home/mario/master_ws/install/moveit_task_constructor_msgs/bin'
[0.997s] Level 1:colcon.colcon_core.environment:checking '/home/mario/master_ws/install/moveit_task_constructor_msgs/lib/pkgconfig/moveit_task_constructor_msgs.pc'
[0.997s] Level 1:colcon.colcon_core.environment:checking '/home/mario/master_ws/install/moveit_task_constructor_msgs/lib/python3.12/site-packages'
[0.997s] Level 1:colcon.colcon_core.shell:create_environment_hook('moveit_task_constructor_msgs', 'pythonpath')
[0.997s] INFO:colcon.colcon_core.shell:Creating environment hook '/home/mario/master_ws/install/moveit_task_constructor_msgs/share/moveit_task_constructor_msgs/hook/pythonpath.ps1'
[0.997s] INFO:colcon.colcon_core.shell:Creating environment descriptor '/home/mario/master_ws/install/moveit_task_constructor_msgs/share/moveit_task_constructor_msgs/hook/pythonpath.dsv'
[0.998s] INFO:colcon.colcon_core.shell:Creating environment hook '/home/mario/master_ws/install/moveit_task_constructor_msgs/share/moveit_task_constructor_msgs/hook/pythonpath.sh'
[0.998s] Level 1:colcon.colcon_core.environment:checking '/home/mario/master_ws/install/moveit_task_constructor_msgs/bin'
[0.999s] INFO:colcon.colcon_core.shell:Creating package script '/home/mario/master_ws/install/moveit_task_constructor_msgs/share/moveit_task_constructor_msgs/package.ps1'
[0.999s] INFO:colcon.colcon_core.shell:Creating package descriptor '/home/mario/master_ws/install/moveit_task_constructor_msgs/share/moveit_task_constructor_msgs/package.dsv'
[1.000s] INFO:colcon.colcon_core.shell:Creating package script '/home/mario/master_ws/install/moveit_task_constructor_msgs/share/moveit_task_constructor_msgs/package.sh'
[1.000s] INFO:colcon.colcon_core.shell:Creating package script '/home/mario/master_ws/install/moveit_task_constructor_msgs/share/moveit_task_constructor_msgs/package.bash'
[1.000s] INFO:colcon.colcon_core.shell:Creating package script '/home/mario/master_ws/install/moveit_task_constructor_msgs/share/moveit_task_constructor_msgs/package.zsh'
[1.001s] Level 1:colcon.colcon_core.environment:create_file_with_runtime_dependencies(/home/mario/master_ws/install/moveit_task_constructor_msgs/share/colcon-core/packages/moveit_task_constructor_msgs)
[1.001s] Level 1:colcon.colcon_core.environment:create_environment_scripts_only(moveit_task_constructor_msgs)
[1.001s] Level 1:colcon.colcon_core.environment:checking '/home/mario/master_ws/install/moveit_task_constructor_msgs' for CMake module files
[1.002s] Level 1:colcon.colcon_core.environment:checking '/home/mario/master_ws/install/moveit_task_constructor_msgs' for CMake config files
[1.003s] Level 1:colcon.colcon_core.shell:create_environment_hook('moveit_task_constructor_msgs', 'cmake_prefix_path')
[1.003s] INFO:colcon.colcon_core.shell:Creating environment hook '/home/mario/master_ws/install/moveit_task_constructor_msgs/share/moveit_task_constructor_msgs/hook/cmake_prefix_path.ps1'
[1.003s] INFO:colcon.colcon_core.shell:Creating environment descriptor '/home/mario/master_ws/install/moveit_task_constructor_msgs/share/moveit_task_constructor_msgs/hook/cmake_prefix_path.dsv'
[1.004s] INFO:colcon.colcon_core.shell:Creating environment hook '/home/mario/master_ws/install/moveit_task_constructor_msgs/share/moveit_task_constructor_msgs/hook/cmake_prefix_path.sh'
[1.004s] Level 1:colcon.colcon_core.environment:checking '/home/mario/master_ws/install/moveit_task_constructor_msgs/lib'
[1.004s] Level 1:colcon.colcon_core.shell:create_environment_hook('moveit_task_constructor_msgs', 'ld_library_path_lib')
[1.004s] INFO:colcon.colcon_core.shell:Creating environment hook '/home/mario/master_ws/install/moveit_task_constructor_msgs/share/moveit_task_constructor_msgs/hook/ld_library_path_lib.ps1'
[1.005s] INFO:colcon.colcon_core.shell:Creating environment descriptor '/home/mario/master_ws/install/moveit_task_constructor_msgs/share/moveit_task_constructor_msgs/hook/ld_library_path_lib.dsv'
[1.005s] INFO:colcon.colcon_core.shell:Creating environment hook '/home/mario/master_ws/install/moveit_task_constructor_msgs/share/moveit_task_constructor_msgs/hook/ld_library_path_lib.sh'
[1.005s] Level 1:colcon.colcon_core.environment:checking '/home/mario/master_ws/install/moveit_task_constructor_msgs/bin'
[1.005s] Level 1:colcon.colcon_core.environment:checking '/home/mario/master_ws/install/moveit_task_constructor_msgs/lib/pkgconfig/moveit_task_constructor_msgs.pc'
[1.006s] Level 1:colcon.colcon_core.environment:checking '/home/mario/master_ws/install/moveit_task_constructor_msgs/lib/python3.12/site-packages'
[1.006s] Level 1:colcon.colcon_core.shell:create_environment_hook('moveit_task_constructor_msgs', 'pythonpath')
[1.006s] INFO:colcon.colcon_core.shell:Creating environment hook '/home/mario/master_ws/install/moveit_task_constructor_msgs/share/moveit_task_constructor_msgs/hook/pythonpath.ps1'
[1.006s] INFO:colcon.colcon_core.shell:Creating environment descriptor '/home/mario/master_ws/install/moveit_task_constructor_msgs/share/moveit_task_constructor_msgs/hook/pythonpath.dsv'
[1.007s] INFO:colcon.colcon_core.shell:Creating environment hook '/home/mario/master_ws/install/moveit_task_constructor_msgs/share/moveit_task_constructor_msgs/hook/pythonpath.sh'
[1.007s] Level 1:colcon.colcon_core.environment:checking '/home/mario/master_ws/install/moveit_task_constructor_msgs/bin'
[1.007s] INFO:colcon.colcon_core.shell:Creating package script '/home/mario/master_ws/install/moveit_task_constructor_msgs/share/moveit_task_constructor_msgs/package.ps1'
[1.008s] INFO:colcon.colcon_core.shell:Creating package descriptor '/home/mario/master_ws/install/moveit_task_constructor_msgs/share/moveit_task_constructor_msgs/package.dsv'
[1.009s] INFO:colcon.colcon_core.shell:Creating package script '/home/mario/master_ws/install/moveit_task_constructor_msgs/share/moveit_task_constructor_msgs/package.sh'
[1.009s] INFO:colcon.colcon_core.shell:Creating package script '/home/mario/master_ws/install/moveit_task_constructor_msgs/share/moveit_task_constructor_msgs/package.bash'
[1.010s] INFO:colcon.colcon_core.shell:Creating package script '/home/mario/master_ws/install/moveit_task_constructor_msgs/share/moveit_task_constructor_msgs/package.zsh'
[1.010s] Level 1:colcon.colcon_core.environment:create_file_with_runtime_dependencies(/home/mario/master_ws/install/moveit_task_constructor_msgs/share/colcon-core/packages/moveit_task_constructor_msgs)
[1.010s] INFO:colcon.colcon_ros.task.ament_cmake.build:Building ROS package in '/home/mario/master_ws/src/moveit_task_constructor/core' with build type 'ament_cmake'
[1.010s] INFO:colcon.colcon_cmake.task.cmake.build:Building CMake package in '/home/mario/master_ws/src/moveit_task_constructor/core'
[1.011s] INFO:colcon.colcon_core.shell:Skip shell extension 'powershell' for command environment: Not usable outside of PowerShell
[1.011s] DEBUG:colcon.colcon_core.shell:Skip shell extension 'dsv' for command environment
[1.027s] DEBUG:colcon.colcon_core.event_handler.log_command:Invoking command in '/home/mario/master_ws/build/moveit_task_constructor_core': CMAKE_PREFIX_PATH=/home/mario/master_ws/install/rviz_marker_tools:/home/mario/master_ws/install/moveit_task_constructor_msgs:/home/mario/master_ws/install/vision_control:/home/mario/master_ws/install/moveit_task_constructor_demo:/home/mario/master_ws/install/moveit_task_constructor_visualization:/home/mario/master_ws/install/moveit_task_constructor_capabilities:/home/mario/master_ws/install/estun_control:/home/mario/master_ws/install/moveit_task_constructor_core:/home/mario/master_ws/install/estun_moveit:/opt/ros/jazzy/opt/gz_sim_vendor:/opt/ros/jazzy/opt/gz_sensors_vendor:/opt/ros/jazzy/opt/gz_physics_vendor:/opt/ros/jazzy/opt/sdformat_vendor:/opt/ros/jazzy/opt/gz_gui_vendor:/opt/ros/jazzy/opt/gz_transport_vendor:/opt/ros/jazzy/opt/gz_rendering_vendor:/opt/ros/jazzy/opt/gz_plugin_vendor:/opt/ros/jazzy/opt/gz_fuel_tools_vendor:/opt/ros/jazzy/opt/gz_msgs_vendor:/opt/ros/jazzy/opt/gz_common_vendor:/opt/ros/jazzy/opt/gz_math_vendor:/opt/ros/jazzy/opt/gz_utils_vendor:/opt/ros/jazzy/opt/gz_tools_vendor:/opt/ros/jazzy/opt/gz_ogre_next_vendor:/opt/ros/jazzy/opt/gz_dartsim_vendor:/opt/ros/jazzy/opt/gz_cmake_vendor:/home/mario/master_ws/install/estun_description:/opt/ros/jazzy DEBUGINFOD_URLS=https://debuginfod.ubuntu.com LD_LIBRARY_PATH=/home/mario/master_ws/install/rviz_marker_tools/lib:/home/mario/master_ws/install/moveit_task_constructor_msgs/lib:/home/mario/master_ws/install/moveit_task_constructor_demo/lib:/home/mario/master_ws/install/moveit_task_constructor_visualization/lib:/home/mario/master_ws/install/moveit_task_constructor_capabilities/lib:/home/mario/master_ws/install/moveit_task_constructor_core/lib:/opt/ros/jazzy/opt/gz_sim_vendor/lib:/opt/ros/jazzy/opt/gz_sensors_vendor/lib:/opt/ros/jazzy/opt/gz_physics_vendor/lib:/opt/ros/jazzy/opt/sdformat_vendor/lib:/opt/ros/jazzy/opt/rviz_ogre_vendor/lib:/opt/ros/jazzy/lib/x86_64-linux-gnu:/opt/ros/jazzy/opt/gz_gui_vendor/lib:/opt/ros/jazzy/opt/gz_transport_vendor/lib:/opt/ros/jazzy/opt/gz_rendering_vendor/lib:/opt/ros/jazzy/opt/gz_plugin_vendor/lib:/opt/ros/jazzy/opt/gz_fuel_tools_vendor/lib:/opt/ros/jazzy/opt/gz_msgs_vendor/lib:/opt/ros/jazzy/opt/gz_common_vendor/lib:/opt/ros/jazzy/opt/gz_math_vendor/lib:/opt/ros/jazzy/opt/gz_utils_vendor/lib:/opt/ros/jazzy/opt/gz_tools_vendor/lib:/opt/ros/jazzy/opt/gz_ogre_next_vendor/lib:/opt/ros/jazzy/opt/gz_dartsim_vendor/lib:/opt/ros/jazzy/opt/gz_cmake_vendor/lib:/opt/ros/jazzy/lib PYTHONPATH=/home/mario/master_ws/install/moveit_task_constructor_msgs/lib/python3.12/site-packages:/home/mario/master_ws/install/moveit_task_constructor_core/lib/python3.12/site-packages:/home/mario/master_ws/install/estun_description/lib/python3.12/site-packages:/opt/ros/jazzy/opt/gz_sim_vendor/lib/python:/opt/ros/jazzy/opt/sdformat_vendor/lib/python:/opt/ros/jazzy/opt/gz_transport_vendor/lib/python:/opt/ros/jazzy/opt/gz_msgs_vendor/lib/python:/opt/ros/jazzy/opt/gz_math_vendor/lib/python:/opt/ros/jazzy/lib/python3.12/site-packages /usr/bin/cmake --build /home/mario/master_ws/build/moveit_task_constructor_core -- -j12 -l12
[1.495s] DEBUG:colcon.colcon_core.task.python.build:Available setuptools commands: clean, install_headers, easy_install, install_egg_info, compile_catalog, symlink_data, setopt, bdist, init_catalog, editable_wheel, install_lib, bdist_dumb, bdist_rpm, build_ext, upload, extract_messages, egg_info, update_catalog, install_data, build_scripts, build, check, register, install_scripts, sdist, bdist_egg, dist_info, saveopts, develop, upload_docs, install, rotate, build_clib, build_py, test, alias
[1.496s] DEBUG:colcon.colcon_core.event_handler.log_command:Invoking command in '/home/mario/master_ws/src/estun_description': DEBUGINFOD_URLS=https://debuginfod.ubuntu.com PYTHONPATH=/home/mario/master_ws/build/estun_description/prefix_override:/usr/lib/python3/dist-packages/colcon_core/task/python/colcon_distutils_commands:/home/mario/master_ws/install/estun_description/lib/python3.12/site-packages:${PYTHONPATH} /usr/bin/python3 -W ignore:setup.py install is deprecated -W ignore:easy_install command is deprecated setup.py egg_info --egg-base ../../build/estun_description build --build-base /home/mario/master_ws/build/estun_description/build install --record /home/mario/master_ws/build/estun_description/install.log --install-scripts $base/lib/fusion2urdf_ros2 --single-version-externally-managed install_data
[1.654s] DEBUG:colcon.colcon_core.event_handler.log_command:Invoked command in '/home/mario/master_ws/build/moveit_task_constructor_core' returned '0': CMAKE_PREFIX_PATH=/home/mario/master_ws/install/rviz_marker_tools:/home/mario/master_ws/install/moveit_task_constructor_msgs:/home/mario/master_ws/install/vision_control:/home/mario/master_ws/install/moveit_task_constructor_demo:/home/mario/master_ws/install/moveit_task_constructor_visualization:/home/mario/master_ws/install/moveit_task_constructor_capabilities:/home/mario/master_ws/install/estun_control:/home/mario/master_ws/install/moveit_task_constructor_core:/home/mario/master_ws/install/estun_moveit:/opt/ros/jazzy/opt/gz_sim_vendor:/opt/ros/jazzy/opt/gz_sensors_vendor:/opt/ros/jazzy/opt/gz_physics_vendor:/opt/ros/jazzy/opt/sdformat_vendor:/opt/ros/jazzy/opt/gz_gui_vendor:/opt/ros/jazzy/opt/gz_transport_vendor:/opt/ros/jazzy/opt/gz_rendering_vendor:/opt/ros/jazzy/opt/gz_plugin_vendor:/opt/ros/jazzy/opt/gz_fuel_tools_vendor:/opt/ros/jazzy/opt/gz_msgs_vendor:/opt/ros/jazzy/opt/gz_common_vendor:/opt/ros/jazzy/opt/gz_math_vendor:/opt/ros/jazzy/opt/gz_utils_vendor:/opt/ros/jazzy/opt/gz_tools_vendor:/opt/ros/jazzy/opt/gz_ogre_next_vendor:/opt/ros/jazzy/opt/gz_dartsim_vendor:/opt/ros/jazzy/opt/gz_cmake_vendor:/home/mario/master_ws/install/estun_description:/opt/ros/jazzy DEBUGINFOD_URLS=https://debuginfod.ubuntu.com LD_LIBRARY_PATH=/home/mario/master_ws/install/rviz_marker_tools/lib:/home/mario/master_ws/install/moveit_task_constructor_msgs/lib:/home/mario/master_ws/install/moveit_task_constructor_demo/lib:/home/mario/master_ws/install/moveit_task_constructor_visualization/lib:/home/mario/master_ws/install/moveit_task_constructor_capabilities/lib:/home/mario/master_ws/install/moveit_task_constructor_core/lib:/opt/ros/jazzy/opt/gz_sim_vendor/lib:/opt/ros/jazzy/opt/gz_sensors_vendor/lib:/opt/ros/jazzy/opt/gz_physics_vendor/lib:/opt/ros/jazzy/opt/sdformat_vendor/lib:/opt/ros/jazzy/opt/rviz_ogre_vendor/lib:/opt/ros/jazzy/lib/x86_64-linux-gnu:/opt/ros/jazzy/opt/gz_gui_vendor/lib:/opt/ros/jazzy/opt/gz_transport_vendor/lib:/opt/ros/jazzy/opt/gz_rendering_vendor/lib:/opt/ros/jazzy/opt/gz_plugin_vendor/lib:/opt/ros/jazzy/opt/gz_fuel_tools_vendor/lib:/opt/ros/jazzy/opt/gz_msgs_vendor/lib:/opt/ros/jazzy/opt/gz_common_vendor/lib:/opt/ros/jazzy/opt/gz_math_vendor/lib:/opt/ros/jazzy/opt/gz_utils_vendor/lib:/opt/ros/jazzy/opt/gz_tools_vendor/lib:/opt/ros/jazzy/opt/gz_ogre_next_vendor/lib:/opt/ros/jazzy/opt/gz_dartsim_vendor/lib:/opt/ros/jazzy/opt/gz_cmake_vendor/lib:/opt/ros/jazzy/lib PYTHONPATH=/home/mario/master_ws/install/moveit_task_constructor_msgs/lib/python3.12/site-packages:/home/mario/master_ws/install/moveit_task_constructor_core/lib/python3.12/site-packages:/home/mario/master_ws/install/estun_description/lib/python3.12/site-packages:/opt/ros/jazzy/opt/gz_sim_vendor/lib/python:/opt/ros/jazzy/opt/sdformat_vendor/lib/python:/opt/ros/jazzy/opt/gz_transport_vendor/lib/python:/opt/ros/jazzy/opt/gz_msgs_vendor/lib/python:/opt/ros/jazzy/opt/gz_math_vendor/lib/python:/opt/ros/jazzy/lib/python3.12/site-packages /usr/bin/cmake --build /home/mario/master_ws/build/moveit_task_constructor_core -- -j12 -l12
[1.655s] DEBUG:colcon.colcon_core.event_handler.log_command:Invoking command in '/home/mario/master_ws/build/moveit_task_constructor_core': CMAKE_PREFIX_PATH=/home/mario/master_ws/install/rviz_marker_tools:/home/mario/master_ws/install/moveit_task_constructor_msgs:/home/mario/master_ws/install/vision_control:/home/mario/master_ws/install/moveit_task_constructor_demo:/home/mario/master_ws/install/moveit_task_constructor_visualization:/home/mario/master_ws/install/moveit_task_constructor_capabilities:/home/mario/master_ws/install/estun_control:/home/mario/master_ws/install/moveit_task_constructor_core:/home/mario/master_ws/install/estun_moveit:/opt/ros/jazzy/opt/gz_sim_vendor:/opt/ros/jazzy/opt/gz_sensors_vendor:/opt/ros/jazzy/opt/gz_physics_vendor:/opt/ros/jazzy/opt/sdformat_vendor:/opt/ros/jazzy/opt/gz_gui_vendor:/opt/ros/jazzy/opt/gz_transport_vendor:/opt/ros/jazzy/opt/gz_rendering_vendor:/opt/ros/jazzy/opt/gz_plugin_vendor:/opt/ros/jazzy/opt/gz_fuel_tools_vendor:/opt/ros/jazzy/opt/gz_msgs_vendor:/opt/ros/jazzy/opt/gz_common_vendor:/opt/ros/jazzy/opt/gz_math_vendor:/opt/ros/jazzy/opt/gz_utils_vendor:/opt/ros/jazzy/opt/gz_tools_vendor:/opt/ros/jazzy/opt/gz_ogre_next_vendor:/opt/ros/jazzy/opt/gz_dartsim_vendor:/opt/ros/jazzy/opt/gz_cmake_vendor:/home/mario/master_ws/install/estun_description:/opt/ros/jazzy DEBUGINFOD_URLS=https://debuginfod.ubuntu.com LD_LIBRARY_PATH=/home/mario/master_ws/install/rviz_marker_tools/lib:/home/mario/master_ws/install/moveit_task_constructor_msgs/lib:/home/mario/master_ws/install/moveit_task_constructor_demo/lib:/home/mario/master_ws/install/moveit_task_constructor_visualization/lib:/home/mario/master_ws/install/moveit_task_constructor_capabilities/lib:/home/mario/master_ws/install/moveit_task_constructor_core/lib:/opt/ros/jazzy/opt/gz_sim_vendor/lib:/opt/ros/jazzy/opt/gz_sensors_vendor/lib:/opt/ros/jazzy/opt/gz_physics_vendor/lib:/opt/ros/jazzy/opt/sdformat_vendor/lib:/opt/ros/jazzy/opt/rviz_ogre_vendor/lib:/opt/ros/jazzy/lib/x86_64-linux-gnu:/opt/ros/jazzy/opt/gz_gui_vendor/lib:/opt/ros/jazzy/opt/gz_transport_vendor/lib:/opt/ros/jazzy/opt/gz_rendering_vendor/lib:/opt/ros/jazzy/opt/gz_plugin_vendor/lib:/opt/ros/jazzy/opt/gz_fuel_tools_vendor/lib:/opt/ros/jazzy/opt/gz_msgs_vendor/lib:/opt/ros/jazzy/opt/gz_common_vendor/lib:/opt/ros/jazzy/opt/gz_math_vendor/lib:/opt/ros/jazzy/opt/gz_utils_vendor/lib:/opt/ros/jazzy/opt/gz_tools_vendor/lib:/opt/ros/jazzy/opt/gz_ogre_next_vendor/lib:/opt/ros/jazzy/opt/gz_dartsim_vendor/lib:/opt/ros/jazzy/opt/gz_cmake_vendor/lib:/opt/ros/jazzy/lib PYTHONPATH=/home/mario/master_ws/install/moveit_task_constructor_msgs/lib/python3.12/site-packages:/home/mario/master_ws/install/moveit_task_constructor_core/lib/python3.12/site-packages:/home/mario/master_ws/install/estun_description/lib/python3.12/site-packages:/opt/ros/jazzy/opt/gz_sim_vendor/lib/python:/opt/ros/jazzy/opt/sdformat_vendor/lib/python:/opt/ros/jazzy/opt/gz_transport_vendor/lib/python:/opt/ros/jazzy/opt/gz_msgs_vendor/lib/python:/opt/ros/jazzy/opt/gz_math_vendor/lib/python:/opt/ros/jazzy/lib/python3.12/site-packages /usr/bin/cmake --install /home/mario/master_ws/build/moveit_task_constructor_core
[1.721s] Level 1:colcon.colcon_core.environment:create_environment_scripts_only(moveit_task_constructor_core)
[1.722s] Level 1:colcon.colcon_core.environment:checking '/home/mario/master_ws/install/moveit_task_constructor_core' for CMake module files
[1.723s] Level 1:colcon.colcon_core.environment:checking '/home/mario/master_ws/install/moveit_task_constructor_core' for CMake config files
[1.724s] Level 1:colcon.colcon_core.shell:create_environment_hook('moveit_task_constructor_core', 'cmake_prefix_path')
[1.724s] INFO:colcon.colcon_core.shell:Creating environment hook '/home/mario/master_ws/install/moveit_task_constructor_core/share/moveit_task_constructor_core/hook/cmake_prefix_path.ps1'
[1.724s] DEBUG:colcon.colcon_core.event_handler.log_command:Invoked command in '/home/mario/master_ws/build/moveit_task_constructor_core' returned '0': CMAKE_PREFIX_PATH=/home/mario/master_ws/install/rviz_marker_tools:/home/mario/master_ws/install/moveit_task_constructor_msgs:/home/mario/master_ws/install/vision_control:/home/mario/master_ws/install/moveit_task_constructor_demo:/home/mario/master_ws/install/moveit_task_constructor_visualization:/home/mario/master_ws/install/moveit_task_constructor_capabilities:/home/mario/master_ws/install/estun_control:/home/mario/master_ws/install/moveit_task_constructor_core:/home/mario/master_ws/install/estun_moveit:/opt/ros/jazzy/opt/gz_sim_vendor:/opt/ros/jazzy/opt/gz_sensors_vendor:/opt/ros/jazzy/opt/gz_physics_vendor:/opt/ros/jazzy/opt/sdformat_vendor:/opt/ros/jazzy/opt/gz_gui_vendor:/opt/ros/jazzy/opt/gz_transport_vendor:/opt/ros/jazzy/opt/gz_rendering_vendor:/opt/ros/jazzy/opt/gz_plugin_vendor:/opt/ros/jazzy/opt/gz_fuel_tools_vendor:/opt/ros/jazzy/opt/gz_msgs_vendor:/opt/ros/jazzy/opt/gz_common_vendor:/opt/ros/jazzy/opt/gz_math_vendor:/opt/ros/jazzy/opt/gz_utils_vendor:/opt/ros/jazzy/opt/gz_tools_vendor:/opt/ros/jazzy/opt/gz_ogre_next_vendor:/opt/ros/jazzy/opt/gz_dartsim_vendor:/opt/ros/jazzy/opt/gz_cmake_vendor:/home/mario/master_ws/install/estun_description:/opt/ros/jazzy DEBUGINFOD_URLS=https://debuginfod.ubuntu.com LD_LIBRARY_PATH=/home/mario/master_ws/install/rviz_marker_tools/lib:/home/mario/master_ws/install/moveit_task_constructor_msgs/lib:/home/mario/master_ws/install/moveit_task_constructor_demo/lib:/home/mario/master_ws/install/moveit_task_constructor_visualization/lib:/home/mario/master_ws/install/moveit_task_constructor_capabilities/lib:/home/mario/master_ws/install/moveit_task_constructor_core/lib:/opt/ros/jazzy/opt/gz_sim_vendor/lib:/opt/ros/jazzy/opt/gz_sensors_vendor/lib:/opt/ros/jazzy/opt/gz_physics_vendor/lib:/opt/ros/jazzy/opt/sdformat_vendor/lib:/opt/ros/jazzy/opt/rviz_ogre_vendor/lib:/opt/ros/jazzy/lib/x86_64-linux-gnu:/opt/ros/jazzy/opt/gz_gui_vendor/lib:/opt/ros/jazzy/opt/gz_transport_vendor/lib:/opt/ros/jazzy/opt/gz_rendering_vendor/lib:/opt/ros/jazzy/opt/gz_plugin_vendor/lib:/opt/ros/jazzy/opt/gz_fuel_tools_vendor/lib:/opt/ros/jazzy/opt/gz_msgs_vendor/lib:/opt/ros/jazzy/opt/gz_common_vendor/lib:/opt/ros/jazzy/opt/gz_math_vendor/lib:/opt/ros/jazzy/opt/gz_utils_vendor/lib:/opt/ros/jazzy/opt/gz_tools_vendor/lib:/opt/ros/jazzy/opt/gz_ogre_next_vendor/lib:/opt/ros/jazzy/opt/gz_dartsim_vendor/lib:/opt/ros/jazzy/opt/gz_cmake_vendor/lib:/opt/ros/jazzy/lib PYTHONPATH=/home/mario/master_ws/install/moveit_task_constructor_msgs/lib/python3.12/site-packages:/home/mario/master_ws/install/moveit_task_constructor_core/lib/python3.12/site-packages:/home/mario/master_ws/install/estun_description/lib/python3.12/site-packages:/opt/ros/jazzy/opt/gz_sim_vendor/lib/python:/opt/ros/jazzy/opt/sdformat_vendor/lib/python:/opt/ros/jazzy/opt/gz_transport_vendor/lib/python:/opt/ros/jazzy/opt/gz_msgs_vendor/lib/python:/opt/ros/jazzy/opt/gz_math_vendor/lib/python:/opt/ros/jazzy/lib/python3.12/site-packages /usr/bin/cmake --install /home/mario/master_ws/build/moveit_task_constructor_core
[1.725s] INFO:colcon.colcon_core.shell:Creating environment descriptor '/home/mario/master_ws/install/moveit_task_constructor_core/share/moveit_task_constructor_core/hook/cmake_prefix_path.dsv'
[1.725s] INFO:colcon.colcon_core.shell:Creating environment hook '/home/mario/master_ws/install/moveit_task_constructor_core/share/moveit_task_constructor_core/hook/cmake_prefix_path.sh'
[1.725s] Level 1:colcon.colcon_core.environment:checking '/home/mario/master_ws/install/moveit_task_constructor_core/lib'
[1.725s] Level 1:colcon.colcon_core.shell:create_environment_hook('moveit_task_constructor_core', 'ld_library_path_lib')
[1.726s] INFO:colcon.colcon_core.shell:Creating environment hook '/home/mario/master_ws/install/moveit_task_constructor_core/share/moveit_task_constructor_core/hook/ld_library_path_lib.ps1'
[1.726s] INFO:colcon.colcon_core.shell:Creating environment descriptor '/home/mario/master_ws/install/moveit_task_constructor_core/share/moveit_task_constructor_core/hook/ld_library_path_lib.dsv'
[1.726s] INFO:colcon.colcon_core.shell:Creating environment hook '/home/mario/master_ws/install/moveit_task_constructor_core/share/moveit_task_constructor_core/hook/ld_library_path_lib.sh'
[1.727s] Level 1:colcon.colcon_core.environment:checking '/home/mario/master_ws/install/moveit_task_constructor_core/bin'
[1.727s] Level 1:colcon.colcon_core.environment:checking '/home/mario/master_ws/install/moveit_task_constructor_core/lib/pkgconfig/moveit_task_constructor_core.pc'
[1.727s] Level 1:colcon.colcon_core.environment:checking '/home/mario/master_ws/install/moveit_task_constructor_core/lib/python3.12/site-packages'
[1.727s] Level 1:colcon.colcon_core.shell:create_environment_hook('moveit_task_constructor_core', 'pythonpath')
[1.727s] INFO:colcon.colcon_core.shell:Creating environment hook '/home/mario/master_ws/install/moveit_task_constructor_core/share/moveit_task_constructor_core/hook/pythonpath.ps1'
[1.727s] INFO:colcon.colcon_core.shell:Creating environment descriptor '/home/mario/master_ws/install/moveit_task_constructor_core/share/moveit_task_constructor_core/hook/pythonpath.dsv'
[1.728s] INFO:colcon.colcon_core.shell:Creating environment hook '/home/mario/master_ws/install/moveit_task_constructor_core/share/moveit_task_constructor_core/hook/pythonpath.sh'
[1.728s] Level 1:colcon.colcon_core.environment:checking '/home/mario/master_ws/install/moveit_task_constructor_core/bin'
[1.728s] INFO:colcon.colcon_core.shell:Creating package script '/home/mario/master_ws/install/moveit_task_constructor_core/share/moveit_task_constructor_core/package.ps1'
[1.729s] INFO:colcon.colcon_core.shell:Creating package descriptor '/home/mario/master_ws/install/moveit_task_constructor_core/share/moveit_task_constructor_core/package.dsv'
[1.729s] INFO:colcon.colcon_core.shell:Creating package script '/home/mario/master_ws/install/moveit_task_constructor_core/share/moveit_task_constructor_core/package.sh'
[1.730s] INFO:colcon.colcon_core.shell:Creating package script '/home/mario/master_ws/install/moveit_task_constructor_core/share/moveit_task_constructor_core/package.bash'
[1.730s] INFO:colcon.colcon_core.shell:Creating package script '/home/mario/master_ws/install/moveit_task_constructor_core/share/moveit_task_constructor_core/package.zsh'
[1.730s] Level 1:colcon.colcon_core.environment:create_file_with_runtime_dependencies(/home/mario/master_ws/install/moveit_task_constructor_core/share/colcon-core/packages/moveit_task_constructor_core)
[1.731s] Level 1:colcon.colcon_core.environment:create_environment_scripts_only(moveit_task_constructor_core)
[1.731s] Level 1:colcon.colcon_core.environment:checking '/home/mario/master_ws/install/moveit_task_constructor_core' for CMake module files
[1.731s] Level 1:colcon.colcon_core.environment:checking '/home/mario/master_ws/install/moveit_task_constructor_core' for CMake config files
[1.731s] Level 1:colcon.colcon_core.shell:create_environment_hook('moveit_task_constructor_core', 'cmake_prefix_path')
[1.732s] INFO:colcon.colcon_core.shell:Creating environment hook '/home/mario/master_ws/install/moveit_task_constructor_core/share/moveit_task_constructor_core/hook/cmake_prefix_path.ps1'
[1.732s] INFO:colcon.colcon_core.shell:Creating environment descriptor '/home/mario/master_ws/install/moveit_task_constructor_core/share/moveit_task_constructor_core/hook/cmake_prefix_path.dsv'
[1.732s] INFO:colcon.colcon_core.shell:Creating environment hook '/home/mario/master_ws/install/moveit_task_constructor_core/share/moveit_task_constructor_core/hook/cmake_prefix_path.sh'
[1.733s] Level 1:colcon.colcon_core.environment:checking '/home/mario/master_ws/install/moveit_task_constructor_core/lib'
[1.733s] Level 1:colcon.colcon_core.shell:create_environment_hook('moveit_task_constructor_core', 'ld_library_path_lib')
[1.733s] INFO:colcon.colcon_core.shell:Creating environment hook '/home/mario/master_ws/install/moveit_task_constructor_core/share/moveit_task_constructor_core/hook/ld_library_path_lib.ps1'
[1.733s] INFO:colcon.colcon_core.shell:Creating environment descriptor '/home/mario/master_ws/install/moveit_task_constructor_core/share/moveit_task_constructor_core/hook/ld_library_path_lib.dsv'
[1.733s] INFO:colcon.colcon_core.shell:Creating environment hook '/home/mario/master_ws/install/moveit_task_constructor_core/share/moveit_task_constructor_core/hook/ld_library_path_lib.sh'
[1.734s] Level 1:colcon.colcon_core.environment:checking '/home/mario/master_ws/install/moveit_task_constructor_core/bin'
[1.734s] Level 1:colcon.colcon_core.environment:checking '/home/mario/master_ws/install/moveit_task_constructor_core/lib/pkgconfig/moveit_task_constructor_core.pc'
[1.734s] Level 1:colcon.colcon_core.environment:checking '/home/mario/master_ws/install/moveit_task_constructor_core/lib/python3.12/site-packages'
[1.734s] Level 1:colcon.colcon_core.shell:create_environment_hook('moveit_task_constructor_core', 'pythonpath')
[1.734s] INFO:colcon.colcon_core.shell:Creating environment hook '/home/mario/master_ws/install/moveit_task_constructor_core/share/moveit_task_constructor_core/hook/pythonpath.ps1'
[1.735s] INFO:colcon.colcon_core.shell:Creating environment descriptor '/home/mario/master_ws/install/moveit_task_constructor_core/share/moveit_task_constructor_core/hook/pythonpath.dsv'
[1.735s] INFO:colcon.colcon_core.shell:Creating environment hook '/home/mario/master_ws/install/moveit_task_constructor_core/share/moveit_task_constructor_core/hook/pythonpath.sh'
[1.736s] Level 1:colcon.colcon_core.environment:checking '/home/mario/master_ws/install/moveit_task_constructor_core/bin'
[1.736s] INFO:colcon.colcon_core.shell:Creating package script '/home/mario/master_ws/install/moveit_task_constructor_core/share/moveit_task_constructor_core/package.ps1'
[1.737s] INFO:colcon.colcon_core.shell:Creating package descriptor '/home/mario/master_ws/install/moveit_task_constructor_core/share/moveit_task_constructor_core/package.dsv'
[1.737s] INFO:colcon.colcon_core.shell:Creating package script '/home/mario/master_ws/install/moveit_task_constructor_core/share/moveit_task_constructor_core/package.sh'
[1.737s] INFO:colcon.colcon_core.shell:Creating package script '/home/mario/master_ws/install/moveit_task_constructor_core/share/moveit_task_constructor_core/package.bash'
[1.738s] INFO:colcon.colcon_core.shell:Creating package script '/home/mario/master_ws/install/moveit_task_constructor_core/share/moveit_task_constructor_core/package.zsh'
[1.738s] Level 1:colcon.colcon_core.environment:create_file_with_runtime_dependencies(/home/mario/master_ws/install/moveit_task_constructor_core/share/colcon-core/packages/moveit_task_constructor_core)
[1.738s] INFO:colcon.colcon_ros.task.ament_cmake.build:Building ROS package in '/home/mario/master_ws/src/moveit_task_constructor/capabilities' with build type 'ament_cmake'
[1.739s] INFO:colcon.colcon_cmake.task.cmake.build:Building CMake package in '/home/mario/master_ws/src/moveit_task_constructor/capabilities'
[1.739s] INFO:colcon.colcon_core.shell:Skip shell extension 'powershell' for command environment: Not usable outside of PowerShell
[1.739s] DEBUG:colcon.colcon_core.shell:Skip shell extension 'dsv' for command environment
[1.745s] INFO:colcon.colcon_ros.task.ament_cmake.build:Building ROS package in '/home/mario/master_ws/src/moveit_task_constructor/visualization' with build type 'ament_cmake'
[1.745s] INFO:colcon.colcon_cmake.task.cmake.build:Building CMake package in '/home/mario/master_ws/src/moveit_task_constructor/visualization'
[1.745s] INFO:colcon.colcon_core.shell:Skip shell extension 'powershell' for command environment: Not usable outside of PowerShell
[1.745s] DEBUG:colcon.colcon_core.shell:Skip shell extension 'dsv' for command environment
[1.753s] INFO:colcon.colcon_ros.task.ament_cmake.build:Building ROS package in '/home/mario/master_ws/src/estun_control' with build type 'ament_cmake'
[1.753s] INFO:colcon.colcon_cmake.task.cmake.build:Building CMake package in '/home/mario/master_ws/src/estun_control'
[1.753s] INFO:colcon.colcon_core.shell:Skip shell extension 'powershell' for command environment: Not usable outside of PowerShell
[1.753s] DEBUG:colcon.colcon_core.shell:Skip shell extension 'dsv' for command environment
[1.764s] DEBUG:colcon.colcon_core.event_handler.log_command:Invoking command in '/home/mario/master_ws/build/moveit_task_constructor_capabilities': CMAKE_PREFIX_PATH=/home/mario/master_ws/install/moveit_task_constructor_core:/home/mario/master_ws/install/rviz_marker_tools:/home/mario/master_ws/install/moveit_task_constructor_msgs:/home/mario/master_ws/install/vision_control:/home/mario/master_ws/install/moveit_task_constructor_demo:/home/mario/master_ws/install/moveit_task_constructor_visualization:/home/mario/master_ws/install/moveit_task_constructor_capabilities:/home/mario/master_ws/install/estun_control:/home/mario/master_ws/install/estun_moveit:/opt/ros/jazzy/opt/gz_sim_vendor:/opt/ros/jazzy/opt/gz_sensors_vendor:/opt/ros/jazzy/opt/gz_physics_vendor:/opt/ros/jazzy/opt/sdformat_vendor:/opt/ros/jazzy/opt/gz_gui_vendor:/opt/ros/jazzy/opt/gz_transport_vendor:/opt/ros/jazzy/opt/gz_rendering_vendor:/opt/ros/jazzy/opt/gz_plugin_vendor:/opt/ros/jazzy/opt/gz_fuel_tools_vendor:/opt/ros/jazzy/opt/gz_msgs_vendor:/opt/ros/jazzy/opt/gz_common_vendor:/opt/ros/jazzy/opt/gz_math_vendor:/opt/ros/jazzy/opt/gz_utils_vendor:/opt/ros/jazzy/opt/gz_tools_vendor:/opt/ros/jazzy/opt/gz_ogre_next_vendor:/opt/ros/jazzy/opt/gz_dartsim_vendor:/opt/ros/jazzy/opt/gz_cmake_vendor:/home/mario/master_ws/install/estun_description:/opt/ros/jazzy DEBUGINFOD_URLS=https://debuginfod.ubuntu.com LD_LIBRARY_PATH=/home/mario/master_ws/install/moveit_task_constructor_core/lib:/home/mario/master_ws/install/rviz_marker_tools/lib:/home/mario/master_ws/install/moveit_task_constructor_msgs/lib:/home/mario/master_ws/install/moveit_task_constructor_demo/lib:/home/mario/master_ws/install/moveit_task_constructor_visualization/lib:/home/mario/master_ws/install/moveit_task_constructor_capabilities/lib:/opt/ros/jazzy/opt/gz_sim_vendor/lib:/opt/ros/jazzy/opt/gz_sensors_vendor/lib:/opt/ros/jazzy/opt/gz_physics_vendor/lib:/opt/ros/jazzy/opt/sdformat_vendor/lib:/opt/ros/jazzy/opt/rviz_ogre_vendor/lib:/opt/ros/jazzy/lib/x86_64-linux-gnu:/opt/ros/jazzy/opt/gz_gui_vendor/lib:/opt/ros/jazzy/opt/gz_transport_vendor/lib:/opt/ros/jazzy/opt/gz_rendering_vendor/lib:/opt/ros/jazzy/opt/gz_plugin_vendor/lib:/opt/ros/jazzy/opt/gz_fuel_tools_vendor/lib:/opt/ros/jazzy/opt/gz_msgs_vendor/lib:/opt/ros/jazzy/opt/gz_common_vendor/lib:/opt/ros/jazzy/opt/gz_math_vendor/lib:/opt/ros/jazzy/opt/gz_utils_vendor/lib:/opt/ros/jazzy/opt/gz_tools_vendor/lib:/opt/ros/jazzy/opt/gz_ogre_next_vendor/lib:/opt/ros/jazzy/opt/gz_dartsim_vendor/lib:/opt/ros/jazzy/opt/gz_cmake_vendor/lib:/opt/ros/jazzy/lib /usr/bin/cmake --build /home/mario/master_ws/build/moveit_task_constructor_capabilities -- -j12 -l12
[1.769s] DEBUG:colcon.colcon_core.event_handler.log_command:Invoking command in '/home/mario/master_ws/build/moveit_task_constructor_visualization': CMAKE_PREFIX_PATH=/home/mario/master_ws/install/moveit_task_constructor_core:/home/mario/master_ws/install/rviz_marker_tools:/home/mario/master_ws/install/moveit_task_constructor_msgs:/home/mario/master_ws/install/vision_control:/home/mario/master_ws/install/moveit_task_constructor_demo:/home/mario/master_ws/install/moveit_task_constructor_visualization:/home/mario/master_ws/install/moveit_task_constructor_capabilities:/home/mario/master_ws/install/estun_control:/home/mario/master_ws/install/estun_moveit:/opt/ros/jazzy/opt/gz_sim_vendor:/opt/ros/jazzy/opt/gz_sensors_vendor:/opt/ros/jazzy/opt/gz_physics_vendor:/opt/ros/jazzy/opt/sdformat_vendor:/opt/ros/jazzy/opt/gz_gui_vendor:/opt/ros/jazzy/opt/gz_transport_vendor:/opt/ros/jazzy/opt/gz_rendering_vendor:/opt/ros/jazzy/opt/gz_plugin_vendor:/opt/ros/jazzy/opt/gz_fuel_tools_vendor:/opt/ros/jazzy/opt/gz_msgs_vendor:/opt/ros/jazzy/opt/gz_common_vendor:/opt/ros/jazzy/opt/gz_math_vendor:/opt/ros/jazzy/opt/gz_utils_vendor:/opt/ros/jazzy/opt/gz_tools_vendor:/opt/ros/jazzy/opt/gz_ogre_next_vendor:/opt/ros/jazzy/opt/gz_dartsim_vendor:/opt/ros/jazzy/opt/gz_cmake_vendor:/home/mario/master_ws/install/estun_description:/opt/ros/jazzy DEBUGINFOD_URLS=https://debuginfod.ubuntu.com LD_LIBRARY_PATH=/home/mario/master_ws/install/moveit_task_constructor_core/lib:/home/mario/master_ws/install/rviz_marker_tools/lib:/home/mario/master_ws/install/moveit_task_constructor_msgs/lib:/home/mario/master_ws/install/moveit_task_constructor_demo/lib:/home/mario/master_ws/install/moveit_task_constructor_visualization/lib:/home/mario/master_ws/install/moveit_task_constructor_capabilities/lib:/opt/ros/jazzy/opt/gz_sim_vendor/lib:/opt/ros/jazzy/opt/gz_sensors_vendor/lib:/opt/ros/jazzy/opt/gz_physics_vendor/lib:/opt/ros/jazzy/opt/sdformat_vendor/lib:/opt/ros/jazzy/opt/rviz_ogre_vendor/lib:/opt/ros/jazzy/lib/x86_64-linux-gnu:/opt/ros/jazzy/opt/gz_gui_vendor/lib:/opt/ros/jazzy/opt/gz_transport_vendor/lib:/opt/ros/jazzy/opt/gz_rendering_vendor/lib:/opt/ros/jazzy/opt/gz_plugin_vendor/lib:/opt/ros/jazzy/opt/gz_fuel_tools_vendor/lib:/opt/ros/jazzy/opt/gz_msgs_vendor/lib:/opt/ros/jazzy/opt/gz_common_vendor/lib:/opt/ros/jazzy/opt/gz_math_vendor/lib:/opt/ros/jazzy/opt/gz_utils_vendor/lib:/opt/ros/jazzy/opt/gz_tools_vendor/lib:/opt/ros/jazzy/opt/gz_ogre_next_vendor/lib:/opt/ros/jazzy/opt/gz_dartsim_vendor/lib:/opt/ros/jazzy/opt/gz_cmake_vendor/lib:/opt/ros/jazzy/lib /usr/bin/cmake --build /home/mario/master_ws/build/moveit_task_constructor_visualization -- -j12 -l12
[1.778s] DEBUG:colcon.colcon_core.event_handler.log_command:Invoking command in '/home/mario/master_ws/build/estun_control': CMAKE_PREFIX_PATH=/home/mario/master_ws/install/moveit_task_constructor_core:/home/mario/master_ws/install/rviz_marker_tools:/home/mario/master_ws/install/moveit_task_constructor_msgs:/home/mario/master_ws/install/vision_control:/home/mario/master_ws/install/moveit_task_constructor_demo:/home/mario/master_ws/install/moveit_task_constructor_visualization:/home/mario/master_ws/install/moveit_task_constructor_capabilities:/home/mario/master_ws/install/estun_control:/home/mario/master_ws/install/estun_moveit:/opt/ros/jazzy/opt/gz_sim_vendor:/opt/ros/jazzy/opt/gz_sensors_vendor:/opt/ros/jazzy/opt/gz_physics_vendor:/opt/ros/jazzy/opt/sdformat_vendor:/opt/ros/jazzy/opt/gz_gui_vendor:/opt/ros/jazzy/opt/gz_transport_vendor:/opt/ros/jazzy/opt/gz_rendering_vendor:/opt/ros/jazzy/opt/gz_plugin_vendor:/opt/ros/jazzy/opt/gz_fuel_tools_vendor:/opt/ros/jazzy/opt/gz_msgs_vendor:/opt/ros/jazzy/opt/gz_common_vendor:/opt/ros/jazzy/opt/gz_math_vendor:/opt/ros/jazzy/opt/gz_utils_vendor:/opt/ros/jazzy/opt/gz_tools_vendor:/opt/ros/jazzy/opt/gz_ogre_next_vendor:/opt/ros/jazzy/opt/gz_dartsim_vendor:/opt/ros/jazzy/opt/gz_cmake_vendor:/home/mario/master_ws/install/estun_description:/opt/ros/jazzy DEBUGINFOD_URLS=https://debuginfod.ubuntu.com LD_LIBRARY_PATH=/home/mario/master_ws/install/moveit_task_constructor_core/lib:/home/mario/master_ws/install/rviz_marker_tools/lib:/home/mario/master_ws/install/moveit_task_constructor_msgs/lib:/home/mario/master_ws/install/moveit_task_constructor_demo/lib:/home/mario/master_ws/install/moveit_task_constructor_visualization/lib:/home/mario/master_ws/install/moveit_task_constructor_capabilities/lib:/opt/ros/jazzy/opt/gz_sim_vendor/lib:/opt/ros/jazzy/opt/gz_sensors_vendor/lib:/opt/ros/jazzy/opt/gz_physics_vendor/lib:/opt/ros/jazzy/opt/sdformat_vendor/lib:/opt/ros/jazzy/opt/rviz_ogre_vendor/lib:/opt/ros/jazzy/lib/x86_64-linux-gnu:/opt/ros/jazzy/opt/gz_gui_vendor/lib:/opt/ros/jazzy/opt/gz_transport_vendor/lib:/opt/ros/jazzy/opt/gz_rendering_vendor/lib:/opt/ros/jazzy/opt/gz_plugin_vendor/lib:/opt/ros/jazzy/opt/gz_fuel_tools_vendor/lib:/opt/ros/jazzy/opt/gz_msgs_vendor/lib:/opt/ros/jazzy/opt/gz_common_vendor/lib:/opt/ros/jazzy/opt/gz_math_vendor/lib:/opt/ros/jazzy/opt/gz_utils_vendor/lib:/opt/ros/jazzy/opt/gz_tools_vendor/lib:/opt/ros/jazzy/opt/gz_ogre_next_vendor/lib:/opt/ros/jazzy/opt/gz_dartsim_vendor/lib:/opt/ros/jazzy/opt/gz_cmake_vendor/lib:/opt/ros/jazzy/lib /usr/bin/cmake --build /home/mario/master_ws/build/estun_control -- -j12 -l12
[1.994s] DEBUG:colcon.colcon_core.event_handler.log_command:Invoked command in '/home/mario/master_ws/build/estun_control' returned '0': CMAKE_PREFIX_PATH=/home/mario/master_ws/install/moveit_task_constructor_core:/home/mario/master_ws/install/rviz_marker_tools:/home/mario/master_ws/install/moveit_task_constructor_msgs:/home/mario/master_ws/install/vision_control:/home/mario/master_ws/install/moveit_task_constructor_demo:/home/mario/master_ws/install/moveit_task_constructor_visualization:/home/mario/master_ws/install/moveit_task_constructor_capabilities:/home/mario/master_ws/install/estun_control:/home/mario/master_ws/install/estun_moveit:/opt/ros/jazzy/opt/gz_sim_vendor:/opt/ros/jazzy/opt/gz_sensors_vendor:/opt/ros/jazzy/opt/gz_physics_vendor:/opt/ros/jazzy/opt/sdformat_vendor:/opt/ros/jazzy/opt/gz_gui_vendor:/opt/ros/jazzy/opt/gz_transport_vendor:/opt/ros/jazzy/opt/gz_rendering_vendor:/opt/ros/jazzy/opt/gz_plugin_vendor:/opt/ros/jazzy/opt/gz_fuel_tools_vendor:/opt/ros/jazzy/opt/gz_msgs_vendor:/opt/ros/jazzy/opt/gz_common_vendor:/opt/ros/jazzy/opt/gz_math_vendor:/opt/ros/jazzy/opt/gz_utils_vendor:/opt/ros/jazzy/opt/gz_tools_vendor:/opt/ros/jazzy/opt/gz_ogre_next_vendor:/opt/ros/jazzy/opt/gz_dartsim_vendor:/opt/ros/jazzy/opt/gz_cmake_vendor:/home/mario/master_ws/install/estun_description:/opt/ros/jazzy DEBUGINFOD_URLS=https://debuginfod.ubuntu.com LD_LIBRARY_PATH=/home/mario/master_ws/install/moveit_task_constructor_core/lib:/home/mario/master_ws/install/rviz_marker_tools/lib:/home/mario/master_ws/install/moveit_task_constructor_msgs/lib:/home/mario/master_ws/install/moveit_task_constructor_demo/lib:/home/mario/master_ws/install/moveit_task_constructor_visualization/lib:/home/mario/master_ws/install/moveit_task_constructor_capabilities/lib:/opt/ros/jazzy/opt/gz_sim_vendor/lib:/opt/ros/jazzy/opt/gz_sensors_vendor/lib:/opt/ros/jazzy/opt/gz_physics_vendor/lib:/opt/ros/jazzy/opt/sdformat_vendor/lib:/opt/ros/jazzy/opt/rviz_ogre_vendor/lib:/opt/ros/jazzy/lib/x86_64-linux-gnu:/opt/ros/jazzy/opt/gz_gui_vendor/lib:/opt/ros/jazzy/opt/gz_transport_vendor/lib:/opt/ros/jazzy/opt/gz_rendering_vendor/lib:/opt/ros/jazzy/opt/gz_plugin_vendor/lib:/opt/ros/jazzy/opt/gz_fuel_tools_vendor/lib:/opt/ros/jazzy/opt/gz_msgs_vendor/lib:/opt/ros/jazzy/opt/gz_common_vendor/lib:/opt/ros/jazzy/opt/gz_math_vendor/lib:/opt/ros/jazzy/opt/gz_utils_vendor/lib:/opt/ros/jazzy/opt/gz_tools_vendor/lib:/opt/ros/jazzy/opt/gz_ogre_next_vendor/lib:/opt/ros/jazzy/opt/gz_dartsim_vendor/lib:/opt/ros/jazzy/opt/gz_cmake_vendor/lib:/opt/ros/jazzy/lib /usr/bin/cmake --build /home/mario/master_ws/build/estun_control -- -j12 -l12
[1.995s] DEBUG:colcon.colcon_core.event_handler.log_command:Invoking command in '/home/mario/master_ws/build/estun_control': CMAKE_PREFIX_PATH=/home/mario/master_ws/install/moveit_task_constructor_core:/home/mario/master_ws/install/rviz_marker_tools:/home/mario/master_ws/install/moveit_task_constructor_msgs:/home/mario/master_ws/install/vision_control:/home/mario/master_ws/install/moveit_task_constructor_demo:/home/mario/master_ws/install/moveit_task_constructor_visualization:/home/mario/master_ws/install/moveit_task_constructor_capabilities:/home/mario/master_ws/install/estun_control:/home/mario/master_ws/install/estun_moveit:/opt/ros/jazzy/opt/gz_sim_vendor:/opt/ros/jazzy/opt/gz_sensors_vendor:/opt/ros/jazzy/opt/gz_physics_vendor:/opt/ros/jazzy/opt/sdformat_vendor:/opt/ros/jazzy/opt/gz_gui_vendor:/opt/ros/jazzy/opt/gz_transport_vendor:/opt/ros/jazzy/opt/gz_rendering_vendor:/opt/ros/jazzy/opt/gz_plugin_vendor:/opt/ros/jazzy/opt/gz_fuel_tools_vendor:/opt/ros/jazzy/opt/gz_msgs_vendor:/opt/ros/jazzy/opt/gz_common_vendor:/opt/ros/jazzy/opt/gz_math_vendor:/opt/ros/jazzy/opt/gz_utils_vendor:/opt/ros/jazzy/opt/gz_tools_vendor:/opt/ros/jazzy/opt/gz_ogre_next_vendor:/opt/ros/jazzy/opt/gz_dartsim_vendor:/opt/ros/jazzy/opt/gz_cmake_vendor:/home/mario/master_ws/install/estun_description:/opt/ros/jazzy DEBUGINFOD_URLS=https://debuginfod.ubuntu.com LD_LIBRARY_PATH=/home/mario/master_ws/install/moveit_task_constructor_core/lib:/home/mario/master_ws/install/rviz_marker_tools/lib:/home/mario/master_ws/install/moveit_task_constructor_msgs/lib:/home/mario/master_ws/install/moveit_task_constructor_demo/lib:/home/mario/master_ws/install/moveit_task_constructor_visualization/lib:/home/mario/master_ws/install/moveit_task_constructor_capabilities/lib:/opt/ros/jazzy/opt/gz_sim_vendor/lib:/opt/ros/jazzy/opt/gz_sensors_vendor/lib:/opt/ros/jazzy/opt/gz_physics_vendor/lib:/opt/ros/jazzy/opt/sdformat_vendor/lib:/opt/ros/jazzy/opt/rviz_ogre_vendor/lib:/opt/ros/jazzy/lib/x86_64-linux-gnu:/opt/ros/jazzy/opt/gz_gui_vendor/lib:/opt/ros/jazzy/opt/gz_transport_vendor/lib:/opt/ros/jazzy/opt/gz_rendering_vendor/lib:/opt/ros/jazzy/opt/gz_plugin_vendor/lib:/opt/ros/jazzy/opt/gz_fuel_tools_vendor/lib:/opt/ros/jazzy/opt/gz_msgs_vendor/lib:/opt/ros/jazzy/opt/gz_common_vendor/lib:/opt/ros/jazzy/opt/gz_math_vendor/lib:/opt/ros/jazzy/opt/gz_utils_vendor/lib:/opt/ros/jazzy/opt/gz_tools_vendor/lib:/opt/ros/jazzy/opt/gz_ogre_next_vendor/lib:/opt/ros/jazzy/opt/gz_dartsim_vendor/lib:/opt/ros/jazzy/opt/gz_cmake_vendor/lib:/opt/ros/jazzy/lib /usr/bin/cmake --install /home/mario/master_ws/build/estun_control
[2.008s] DEBUG:colcon.colcon_core.event_handler.log_command:Invoked command in '/home/mario/master_ws/build/moveit_task_constructor_capabilities' returned '0': CMAKE_PREFIX_PATH=/home/mario/master_ws/install/moveit_task_constructor_core:/home/mario/master_ws/install/rviz_marker_tools:/home/mario/master_ws/install/moveit_task_constructor_msgs:/home/mario/master_ws/install/vision_control:/home/mario/master_ws/install/moveit_task_constructor_demo:/home/mario/master_ws/install/moveit_task_constructor_visualization:/home/mario/master_ws/install/moveit_task_constructor_capabilities:/home/mario/master_ws/install/estun_control:/home/mario/master_ws/install/estun_moveit:/opt/ros/jazzy/opt/gz_sim_vendor:/opt/ros/jazzy/opt/gz_sensors_vendor:/opt/ros/jazzy/opt/gz_physics_vendor:/opt/ros/jazzy/opt/sdformat_vendor:/opt/ros/jazzy/opt/gz_gui_vendor:/opt/ros/jazzy/opt/gz_transport_vendor:/opt/ros/jazzy/opt/gz_rendering_vendor:/opt/ros/jazzy/opt/gz_plugin_vendor:/opt/ros/jazzy/opt/gz_fuel_tools_vendor:/opt/ros/jazzy/opt/gz_msgs_vendor:/opt/ros/jazzy/opt/gz_common_vendor:/opt/ros/jazzy/opt/gz_math_vendor:/opt/ros/jazzy/opt/gz_utils_vendor:/opt/ros/jazzy/opt/gz_tools_vendor:/opt/ros/jazzy/opt/gz_ogre_next_vendor:/opt/ros/jazzy/opt/gz_dartsim_vendor:/opt/ros/jazzy/opt/gz_cmake_vendor:/home/mario/master_ws/install/estun_description:/opt/ros/jazzy DEBUGINFOD_URLS=https://debuginfod.ubuntu.com LD_LIBRARY_PATH=/home/mario/master_ws/install/moveit_task_constructor_core/lib:/home/mario/master_ws/install/rviz_marker_tools/lib:/home/mario/master_ws/install/moveit_task_constructor_msgs/lib:/home/mario/master_ws/install/moveit_task_constructor_demo/lib:/home/mario/master_ws/install/moveit_task_constructor_visualization/lib:/home/mario/master_ws/install/moveit_task_constructor_capabilities/lib:/opt/ros/jazzy/opt/gz_sim_vendor/lib:/opt/ros/jazzy/opt/gz_sensors_vendor/lib:/opt/ros/jazzy/opt/gz_physics_vendor/lib:/opt/ros/jazzy/opt/sdformat_vendor/lib:/opt/ros/jazzy/opt/rviz_ogre_vendor/lib:/opt/ros/jazzy/lib/x86_64-linux-gnu:/opt/ros/jazzy/opt/gz_gui_vendor/lib:/opt/ros/jazzy/opt/gz_transport_vendor/lib:/opt/ros/jazzy/opt/gz_rendering_vendor/lib:/opt/ros/jazzy/opt/gz_plugin_vendor/lib:/opt/ros/jazzy/opt/gz_fuel_tools_vendor/lib:/opt/ros/jazzy/opt/gz_msgs_vendor/lib:/opt/ros/jazzy/opt/gz_common_vendor/lib:/opt/ros/jazzy/opt/gz_math_vendor/lib:/opt/ros/jazzy/opt/gz_utils_vendor/lib:/opt/ros/jazzy/opt/gz_tools_vendor/lib:/opt/ros/jazzy/opt/gz_ogre_next_vendor/lib:/opt/ros/jazzy/opt/gz_dartsim_vendor/lib:/opt/ros/jazzy/opt/gz_cmake_vendor/lib:/opt/ros/jazzy/lib /usr/bin/cmake --build /home/mario/master_ws/build/moveit_task_constructor_capabilities -- -j12 -l12
[2.008s] DEBUG:colcon.colcon_core.event_handler.log_command:Invoking command in '/home/mario/master_ws/build/moveit_task_constructor_capabilities': CMAKE_PREFIX_PATH=/home/mario/master_ws/install/moveit_task_constructor_core:/home/mario/master_ws/install/rviz_marker_tools:/home/mario/master_ws/install/moveit_task_constructor_msgs:/home/mario/master_ws/install/vision_control:/home/mario/master_ws/install/moveit_task_constructor_demo:/home/mario/master_ws/install/moveit_task_constructor_visualization:/home/mario/master_ws/install/moveit_task_constructor_capabilities:/home/mario/master_ws/install/estun_control:/home/mario/master_ws/install/estun_moveit:/opt/ros/jazzy/opt/gz_sim_vendor:/opt/ros/jazzy/opt/gz_sensors_vendor:/opt/ros/jazzy/opt/gz_physics_vendor:/opt/ros/jazzy/opt/sdformat_vendor:/opt/ros/jazzy/opt/gz_gui_vendor:/opt/ros/jazzy/opt/gz_transport_vendor:/opt/ros/jazzy/opt/gz_rendering_vendor:/opt/ros/jazzy/opt/gz_plugin_vendor:/opt/ros/jazzy/opt/gz_fuel_tools_vendor:/opt/ros/jazzy/opt/gz_msgs_vendor:/opt/ros/jazzy/opt/gz_common_vendor:/opt/ros/jazzy/opt/gz_math_vendor:/opt/ros/jazzy/opt/gz_utils_vendor:/opt/ros/jazzy/opt/gz_tools_vendor:/opt/ros/jazzy/opt/gz_ogre_next_vendor:/opt/ros/jazzy/opt/gz_dartsim_vendor:/opt/ros/jazzy/opt/gz_cmake_vendor:/home/mario/master_ws/install/estun_description:/opt/ros/jazzy DEBUGINFOD_URLS=https://debuginfod.ubuntu.com LD_LIBRARY_PATH=/home/mario/master_ws/install/moveit_task_constructor_core/lib:/home/mario/master_ws/install/rviz_marker_tools/lib:/home/mario/master_ws/install/moveit_task_constructor_msgs/lib:/home/mario/master_ws/install/moveit_task_constructor_demo/lib:/home/mario/master_ws/install/moveit_task_constructor_visualization/lib:/home/mario/master_ws/install/moveit_task_constructor_capabilities/lib:/opt/ros/jazzy/opt/gz_sim_vendor/lib:/opt/ros/jazzy/opt/gz_sensors_vendor/lib:/opt/ros/jazzy/opt/gz_physics_vendor/lib:/opt/ros/jazzy/opt/sdformat_vendor/lib:/opt/ros/jazzy/opt/rviz_ogre_vendor/lib:/opt/ros/jazzy/lib/x86_64-linux-gnu:/opt/ros/jazzy/opt/gz_gui_vendor/lib:/opt/ros/jazzy/opt/gz_transport_vendor/lib:/opt/ros/jazzy/opt/gz_rendering_vendor/lib:/opt/ros/jazzy/opt/gz_plugin_vendor/lib:/opt/ros/jazzy/opt/gz_fuel_tools_vendor/lib:/opt/ros/jazzy/opt/gz_msgs_vendor/lib:/opt/ros/jazzy/opt/gz_common_vendor/lib:/opt/ros/jazzy/opt/gz_math_vendor/lib:/opt/ros/jazzy/opt/gz_utils_vendor/lib:/opt/ros/jazzy/opt/gz_tools_vendor/lib:/opt/ros/jazzy/opt/gz_ogre_next_vendor/lib:/opt/ros/jazzy/opt/gz_dartsim_vendor/lib:/opt/ros/jazzy/opt/gz_cmake_vendor/lib:/opt/ros/jazzy/lib /usr/bin/cmake --install /home/mario/master_ws/build/moveit_task_constructor_capabilities
[2.021s] Level 1:colcon.colcon_core.environment:create_environment_scripts_only(estun_control)
[2.022s] Level 1:colcon.colcon_core.environment:checking '/home/mario/master_ws/install/estun_control' for CMake module files
[2.025s] Level 1:colcon.colcon_core.environment:checking '/home/mario/master_ws/install/estun_control' for CMake config files
[2.026s] DEBUG:colcon.colcon_core.event_handler.log_command:Invoked command in '/home/mario/master_ws/build/estun_control' returned '0': CMAKE_PREFIX_PATH=/home/mario/master_ws/install/moveit_task_constructor_core:/home/mario/master_ws/install/rviz_marker_tools:/home/mario/master_ws/install/moveit_task_constructor_msgs:/home/mario/master_ws/install/vision_control:/home/mario/master_ws/install/moveit_task_constructor_demo:/home/mario/master_ws/install/moveit_task_constructor_visualization:/home/mario/master_ws/install/moveit_task_constructor_capabilities:/home/mario/master_ws/install/estun_control:/home/mario/master_ws/install/estun_moveit:/opt/ros/jazzy/opt/gz_sim_vendor:/opt/ros/jazzy/opt/gz_sensors_vendor:/opt/ros/jazzy/opt/gz_physics_vendor:/opt/ros/jazzy/opt/sdformat_vendor:/opt/ros/jazzy/opt/gz_gui_vendor:/opt/ros/jazzy/opt/gz_transport_vendor:/opt/ros/jazzy/opt/gz_rendering_vendor:/opt/ros/jazzy/opt/gz_plugin_vendor:/opt/ros/jazzy/opt/gz_fuel_tools_vendor:/opt/ros/jazzy/opt/gz_msgs_vendor:/opt/ros/jazzy/opt/gz_common_vendor:/opt/ros/jazzy/opt/gz_math_vendor:/opt/ros/jazzy/opt/gz_utils_vendor:/opt/ros/jazzy/opt/gz_tools_vendor:/opt/ros/jazzy/opt/gz_ogre_next_vendor:/opt/ros/jazzy/opt/gz_dartsim_vendor:/opt/ros/jazzy/opt/gz_cmake_vendor:/home/mario/master_ws/install/estun_description:/opt/ros/jazzy DEBUGINFOD_URLS=https://debuginfod.ubuntu.com LD_LIBRARY_PATH=/home/mario/master_ws/install/moveit_task_constructor_core/lib:/home/mario/master_ws/install/rviz_marker_tools/lib:/home/mario/master_ws/install/moveit_task_constructor_msgs/lib:/home/mario/master_ws/install/moveit_task_constructor_demo/lib:/home/mario/master_ws/install/moveit_task_constructor_visualization/lib:/home/mario/master_ws/install/moveit_task_constructor_capabilities/lib:/opt/ros/jazzy/opt/gz_sim_vendor/lib:/opt/ros/jazzy/opt/gz_sensors_vendor/lib:/opt/ros/jazzy/opt/gz_physics_vendor/lib:/opt/ros/jazzy/opt/sdformat_vendor/lib:/opt/ros/jazzy/opt/rviz_ogre_vendor/lib:/opt/ros/jazzy/lib/x86_64-linux-gnu:/opt/ros/jazzy/opt/gz_gui_vendor/lib:/opt/ros/jazzy/opt/gz_transport_vendor/lib:/opt/ros/jazzy/opt/gz_rendering_vendor/lib:/opt/ros/jazzy/opt/gz_plugin_vendor/lib:/opt/ros/jazzy/opt/gz_fuel_tools_vendor/lib:/opt/ros/jazzy/opt/gz_msgs_vendor/lib:/opt/ros/jazzy/opt/gz_common_vendor/lib:/opt/ros/jazzy/opt/gz_math_vendor/lib:/opt/ros/jazzy/opt/gz_utils_vendor/lib:/opt/ros/jazzy/opt/gz_tools_vendor/lib:/opt/ros/jazzy/opt/gz_ogre_next_vendor/lib:/opt/ros/jazzy/opt/gz_dartsim_vendor/lib:/opt/ros/jazzy/opt/gz_cmake_vendor/lib:/opt/ros/jazzy/lib /usr/bin/cmake --install /home/mario/master_ws/build/estun_control
[2.029s] Level 1:colcon.colcon_core.shell:create_environment_hook('estun_control', 'cmake_prefix_path')
[2.029s] INFO:colcon.colcon_core.shell:Creating environment hook '/home/mario/master_ws/install/estun_control/share/estun_control/hook/cmake_prefix_path.ps1'
[2.030s] INFO:colcon.colcon_core.shell:Creating environment descriptor '/home/mario/master_ws/install/estun_control/share/estun_control/hook/cmake_prefix_path.dsv'
[2.030s] INFO:colcon.colcon_core.shell:Creating environment hook '/home/mario/master_ws/install/estun_control/share/estun_control/hook/cmake_prefix_path.sh'
[2.031s] Level 1:colcon.colcon_core.environment:checking '/home/mario/master_ws/install/estun_control/lib'
[2.031s] Level 1:colcon.colcon_core.environment:checking '/home/mario/master_ws/install/estun_control/bin'
[2.031s] Level 1:colcon.colcon_core.environment:checking '/home/mario/master_ws/install/estun_control/lib/pkgconfig/estun_control.pc'
[2.031s] Level 1:colcon.colcon_core.environment:checking '/home/mario/master_ws/install/estun_control/lib/python3.12/site-packages'
[2.032s] Level 1:colcon.colcon_core.environment:checking '/home/mario/master_ws/install/estun_control/bin'
[2.032s] INFO:colcon.colcon_core.shell:Creating package script '/home/mario/master_ws/install/estun_control/share/estun_control/package.ps1'
[2.032s] INFO:colcon.colcon_core.shell:Creating package descriptor '/home/mario/master_ws/install/estun_control/share/estun_control/package.dsv'
[2.033s] INFO:colcon.colcon_core.shell:Creating package script '/home/mario/master_ws/install/estun_control/share/estun_control/package.sh'
[2.033s] INFO:colcon.colcon_core.shell:Creating package script '/home/mario/master_ws/install/estun_control/share/estun_control/package.bash'
[2.034s] INFO:colcon.colcon_core.shell:Creating package script '/home/mario/master_ws/install/estun_control/share/estun_control/package.zsh'
[2.034s] Level 1:colcon.colcon_core.environment:create_file_with_runtime_dependencies(/home/mario/master_ws/install/estun_control/share/colcon-core/packages/estun_control)
[2.035s] Level 1:colcon.colcon_core.environment:create_environment_scripts_only(estun_control)
[2.035s] Level 1:colcon.colcon_core.environment:checking '/home/mario/master_ws/install/estun_control' for CMake module files
[2.036s] Level 1:colcon.colcon_core.environment:checking '/home/mario/master_ws/install/estun_control' for CMake config files
[2.036s] Level 1:colcon.colcon_core.shell:create_environment_hook('estun_control', 'cmake_prefix_path')
[2.036s] INFO:colcon.colcon_core.shell:Creating environment hook '/home/mario/master_ws/install/estun_control/share/estun_control/hook/cmake_prefix_path.ps1'
[2.037s] INFO:colcon.colcon_core.shell:Creating environment descriptor '/home/mario/master_ws/install/estun_control/share/estun_control/hook/cmake_prefix_path.dsv'
[2.037s] INFO:colcon.colcon_core.shell:Creating environment hook '/home/mario/master_ws/install/estun_control/share/estun_control/hook/cmake_prefix_path.sh'
[2.038s] Level 1:colcon.colcon_core.environment:checking '/home/mario/master_ws/install/estun_control/lib'
[2.038s] Level 1:colcon.colcon_core.environment:checking '/home/mario/master_ws/install/estun_control/bin'
[2.038s] Level 1:colcon.colcon_core.environment:checking '/home/mario/master_ws/install/estun_control/lib/pkgconfig/estun_control.pc'
[2.039s] Level 1:colcon.colcon_core.environment:checking '/home/mario/master_ws/install/estun_control/lib/python3.12/site-packages'
[2.039s] Level 1:colcon.colcon_core.environment:checking '/home/mario/master_ws/install/estun_control/bin'
[2.039s] INFO:colcon.colcon_core.shell:Creating package script '/home/mario/master_ws/install/estun_control/share/estun_control/package.ps1'
[2.040s] INFO:colcon.colcon_core.shell:Creating package descriptor '/home/mario/master_ws/install/estun_control/share/estun_control/package.dsv'
[2.040s] INFO:colcon.colcon_core.shell:Creating package script '/home/mario/master_ws/install/estun_control/share/estun_control/package.sh'
[2.041s] INFO:colcon.colcon_core.shell:Creating package script '/home/mario/master_ws/install/estun_control/share/estun_control/package.bash'
[2.041s] INFO:colcon.colcon_core.shell:Creating package script '/home/mario/master_ws/install/estun_control/share/estun_control/package.zsh'
[2.041s] Level 1:colcon.colcon_core.environment:create_file_with_runtime_dependencies(/home/mario/master_ws/install/estun_control/share/colcon-core/packages/estun_control)
[2.042s] Level 1:colcon.colcon_core.environment:create_environment_scripts_only(moveit_task_constructor_capabilities)
[2.042s] Level 1:colcon.colcon_core.environment:checking '/home/mario/master_ws/install/moveit_task_constructor_capabilities' for CMake module files
[2.043s] DEBUG:colcon.colcon_core.event_handler.log_command:Invoked command in '/home/mario/master_ws/build/moveit_task_constructor_capabilities' returned '0': CMAKE_PREFIX_PATH=/home/mario/master_ws/install/moveit_task_constructor_core:/home/mario/master_ws/install/rviz_marker_tools:/home/mario/master_ws/install/moveit_task_constructor_msgs:/home/mario/master_ws/install/vision_control:/home/mario/master_ws/install/moveit_task_constructor_demo:/home/mario/master_ws/install/moveit_task_constructor_visualization:/home/mario/master_ws/install/moveit_task_constructor_capabilities:/home/mario/master_ws/install/estun_control:/home/mario/master_ws/install/estun_moveit:/opt/ros/jazzy/opt/gz_sim_vendor:/opt/ros/jazzy/opt/gz_sensors_vendor:/opt/ros/jazzy/opt/gz_physics_vendor:/opt/ros/jazzy/opt/sdformat_vendor:/opt/ros/jazzy/opt/gz_gui_vendor:/opt/ros/jazzy/opt/gz_transport_vendor:/opt/ros/jazzy/opt/gz_rendering_vendor:/opt/ros/jazzy/opt/gz_plugin_vendor:/opt/ros/jazzy/opt/gz_fuel_tools_vendor:/opt/ros/jazzy/opt/gz_msgs_vendor:/opt/ros/jazzy/opt/gz_common_vendor:/opt/ros/jazzy/opt/gz_math_vendor:/opt/ros/jazzy/opt/gz_utils_vendor:/opt/ros/jazzy/opt/gz_tools_vendor:/opt/ros/jazzy/opt/gz_ogre_next_vendor:/opt/ros/jazzy/opt/gz_dartsim_vendor:/opt/ros/jazzy/opt/gz_cmake_vendor:/home/mario/master_ws/install/estun_description:/opt/ros/jazzy DEBUGINFOD_URLS=https://debuginfod.ubuntu.com LD_LIBRARY_PATH=/home/mario/master_ws/install/moveit_task_constructor_core/lib:/home/mario/master_ws/install/rviz_marker_tools/lib:/home/mario/master_ws/install/moveit_task_constructor_msgs/lib:/home/mario/master_ws/install/moveit_task_constructor_demo/lib:/home/mario/master_ws/install/moveit_task_constructor_visualization/lib:/home/mario/master_ws/install/moveit_task_constructor_capabilities/lib:/opt/ros/jazzy/opt/gz_sim_vendor/lib:/opt/ros/jazzy/opt/gz_sensors_vendor/lib:/opt/ros/jazzy/opt/gz_physics_vendor/lib:/opt/ros/jazzy/opt/sdformat_vendor/lib:/opt/ros/jazzy/opt/rviz_ogre_vendor/lib:/opt/ros/jazzy/lib/x86_64-linux-gnu:/opt/ros/jazzy/opt/gz_gui_vendor/lib:/opt/ros/jazzy/opt/gz_transport_vendor/lib:/opt/ros/jazzy/opt/gz_rendering_vendor/lib:/opt/ros/jazzy/opt/gz_plugin_vendor/lib:/opt/ros/jazzy/opt/gz_fuel_tools_vendor/lib:/opt/ros/jazzy/opt/gz_msgs_vendor/lib:/opt/ros/jazzy/opt/gz_common_vendor/lib:/opt/ros/jazzy/opt/gz_math_vendor/lib:/opt/ros/jazzy/opt/gz_utils_vendor/lib:/opt/ros/jazzy/opt/gz_tools_vendor/lib:/opt/ros/jazzy/opt/gz_ogre_next_vendor/lib:/opt/ros/jazzy/opt/gz_dartsim_vendor/lib:/opt/ros/jazzy/opt/gz_cmake_vendor/lib:/opt/ros/jazzy/lib /usr/bin/cmake --install /home/mario/master_ws/build/moveit_task_constructor_capabilities
[2.044s] Level 1:colcon.colcon_core.environment:checking '/home/mario/master_ws/install/moveit_task_constructor_capabilities' for CMake config files
[2.044s] Level 1:colcon.colcon_core.shell:create_environment_hook('moveit_task_constructor_capabilities', 'cmake_prefix_path')
[2.044s] INFO:colcon.colcon_core.shell:Creating environment hook '/home/mario/master_ws/install/moveit_task_constructor_capabilities/share/moveit_task_constructor_capabilities/hook/cmake_prefix_path.ps1'
[2.045s] INFO:colcon.colcon_core.shell:Creating environment descriptor '/home/mario/master_ws/install/moveit_task_constructor_capabilities/share/moveit_task_constructor_capabilities/hook/cmake_prefix_path.dsv'
[2.045s] INFO:colcon.colcon_core.shell:Creating environment hook '/home/mario/master_ws/install/moveit_task_constructor_capabilities/share/moveit_task_constructor_capabilities/hook/cmake_prefix_path.sh'
[2.046s] Level 1:colcon.colcon_core.environment:checking '/home/mario/master_ws/install/moveit_task_constructor_capabilities/lib'
[2.046s] Level 1:colcon.colcon_core.shell:create_environment_hook('moveit_task_constructor_capabilities', 'ld_library_path_lib')
[2.046s] INFO:colcon.colcon_core.shell:Creating environment hook '/home/mario/master_ws/install/moveit_task_constructor_capabilities/share/moveit_task_constructor_capabilities/hook/ld_library_path_lib.ps1'
[2.046s] INFO:colcon.colcon_core.shell:Creating environment descriptor '/home/mario/master_ws/install/moveit_task_constructor_capabilities/share/moveit_task_constructor_capabilities/hook/ld_library_path_lib.dsv'
[2.047s] INFO:colcon.colcon_core.shell:Creating environment hook '/home/mario/master_ws/install/moveit_task_constructor_capabilities/share/moveit_task_constructor_capabilities/hook/ld_library_path_lib.sh'
[2.048s] Level 1:colcon.colcon_core.environment:checking '/home/mario/master_ws/install/moveit_task_constructor_capabilities/bin'
[2.048s] Level 1:colcon.colcon_core.environment:checking '/home/mario/master_ws/install/moveit_task_constructor_capabilities/lib/pkgconfig/moveit_task_constructor_capabilities.pc'
[2.048s] Level 1:colcon.colcon_core.environment:checking '/home/mario/master_ws/install/moveit_task_constructor_capabilities/lib/python3.12/site-packages'
[2.048s] Level 1:colcon.colcon_core.environment:checking '/home/mario/master_ws/install/moveit_task_constructor_capabilities/bin'
[2.049s] INFO:colcon.colcon_core.shell:Creating package script '/home/mario/master_ws/install/moveit_task_constructor_capabilities/share/moveit_task_constructor_capabilities/package.ps1'
[2.049s] INFO:colcon.colcon_core.shell:Creating package descriptor '/home/mario/master_ws/install/moveit_task_constructor_capabilities/share/moveit_task_constructor_capabilities/package.dsv'
[2.050s] INFO:colcon.colcon_core.shell:Creating package script '/home/mario/master_ws/install/moveit_task_constructor_capabilities/share/moveit_task_constructor_capabilities/package.sh'
[2.050s] INFO:colcon.colcon_core.shell:Creating package script '/home/mario/master_ws/install/moveit_task_constructor_capabilities/share/moveit_task_constructor_capabilities/package.bash'
[2.051s] INFO:colcon.colcon_core.shell:Creating package script '/home/mario/master_ws/install/moveit_task_constructor_capabilities/share/moveit_task_constructor_capabilities/package.zsh'
[2.051s] Level 1:colcon.colcon_core.environment:create_file_with_runtime_dependencies(/home/mario/master_ws/install/moveit_task_constructor_capabilities/share/colcon-core/packages/moveit_task_constructor_capabilities)
[2.052s] Level 1:colcon.colcon_core.environment:create_environment_scripts_only(moveit_task_constructor_capabilities)
[2.052s] Level 1:colcon.colcon_core.environment:checking '/home/mario/master_ws/install/moveit_task_constructor_capabilities' for CMake module files
[2.053s] Level 1:colcon.colcon_core.environment:checking '/home/mario/master_ws/install/moveit_task_constructor_capabilities' for CMake config files
[2.053s] Level 1:colcon.colcon_core.shell:create_environment_hook('moveit_task_constructor_capabilities', 'cmake_prefix_path')
[2.053s] INFO:colcon.colcon_core.shell:Creating environment hook '/home/mario/master_ws/install/moveit_task_constructor_capabilities/share/moveit_task_constructor_capabilities/hook/cmake_prefix_path.ps1'
[2.054s] INFO:colcon.colcon_core.shell:Creating environment descriptor '/home/mario/master_ws/install/moveit_task_constructor_capabilities/share/moveit_task_constructor_capabilities/hook/cmake_prefix_path.dsv'
[2.055s] INFO:colcon.colcon_core.shell:Creating environment hook '/home/mario/master_ws/install/moveit_task_constructor_capabilities/share/moveit_task_constructor_capabilities/hook/cmake_prefix_path.sh'
[2.055s] Level 1:colcon.colcon_core.environment:checking '/home/mario/master_ws/install/moveit_task_constructor_capabilities/lib'
[2.055s] Level 1:colcon.colcon_core.shell:create_environment_hook('moveit_task_constructor_capabilities', 'ld_library_path_lib')
[2.056s] INFO:colcon.colcon_core.shell:Creating environment hook '/home/mario/master_ws/install/moveit_task_constructor_capabilities/share/moveit_task_constructor_capabilities/hook/ld_library_path_lib.ps1'
[2.056s] INFO:colcon.colcon_core.shell:Creating environment descriptor '/home/mario/master_ws/install/moveit_task_constructor_capabilities/share/moveit_task_constructor_capabilities/hook/ld_library_path_lib.dsv'
[2.056s] INFO:colcon.colcon_core.shell:Creating environment hook '/home/mario/master_ws/install/moveit_task_constructor_capabilities/share/moveit_task_constructor_capabilities/hook/ld_library_path_lib.sh'
[2.057s] Level 1:colcon.colcon_core.environment:checking '/home/mario/master_ws/install/moveit_task_constructor_capabilities/bin'
[2.057s] Level 1:colcon.colcon_core.environment:checking '/home/mario/master_ws/install/moveit_task_constructor_capabilities/lib/pkgconfig/moveit_task_constructor_capabilities.pc'
[2.057s] Level 1:colcon.colcon_core.environment:checking '/home/mario/master_ws/install/moveit_task_constructor_capabilities/lib/python3.12/site-packages'
[2.058s] Level 1:colcon.colcon_core.environment:checking '/home/mario/master_ws/install/moveit_task_constructor_capabilities/bin'
[2.058s] INFO:colcon.colcon_core.shell:Creating package script '/home/mario/master_ws/install/moveit_task_constructor_capabilities/share/moveit_task_constructor_capabilities/package.ps1'
[2.059s] INFO:colcon.colcon_core.shell:Creating package descriptor '/home/mario/master_ws/install/moveit_task_constructor_capabilities/share/moveit_task_constructor_capabilities/package.dsv'
[2.059s] INFO:colcon.colcon_core.shell:Creating package script '/home/mario/master_ws/install/moveit_task_constructor_capabilities/share/moveit_task_constructor_capabilities/package.sh'
[2.060s] INFO:colcon.colcon_core.shell:Creating package script '/home/mario/master_ws/install/moveit_task_constructor_capabilities/share/moveit_task_constructor_capabilities/package.bash'
[2.061s] INFO:colcon.colcon_core.shell:Creating package script '/home/mario/master_ws/install/moveit_task_constructor_capabilities/share/moveit_task_constructor_capabilities/package.zsh'
[2.062s] Level 1:colcon.colcon_core.environment:create_file_with_runtime_dependencies(/home/mario/master_ws/install/moveit_task_constructor_capabilities/share/colcon-core/packages/moveit_task_constructor_capabilities)
[2.325s] DEBUG:colcon.colcon_core.event_handler.log_command:Invoked command in '/home/mario/master_ws/build/moveit_task_constructor_visualization' returned '0': CMAKE_PREFIX_PATH=/home/mario/master_ws/install/moveit_task_constructor_core:/home/mario/master_ws/install/rviz_marker_tools:/home/mario/master_ws/install/moveit_task_constructor_msgs:/home/mario/master_ws/install/vision_control:/home/mario/master_ws/install/moveit_task_constructor_demo:/home/mario/master_ws/install/moveit_task_constructor_visualization:/home/mario/master_ws/install/moveit_task_constructor_capabilities:/home/mario/master_ws/install/estun_control:/home/mario/master_ws/install/estun_moveit:/opt/ros/jazzy/opt/gz_sim_vendor:/opt/ros/jazzy/opt/gz_sensors_vendor:/opt/ros/jazzy/opt/gz_physics_vendor:/opt/ros/jazzy/opt/sdformat_vendor:/opt/ros/jazzy/opt/gz_gui_vendor:/opt/ros/jazzy/opt/gz_transport_vendor:/opt/ros/jazzy/opt/gz_rendering_vendor:/opt/ros/jazzy/opt/gz_plugin_vendor:/opt/ros/jazzy/opt/gz_fuel_tools_vendor:/opt/ros/jazzy/opt/gz_msgs_vendor:/opt/ros/jazzy/opt/gz_common_vendor:/opt/ros/jazzy/opt/gz_math_vendor:/opt/ros/jazzy/opt/gz_utils_vendor:/opt/ros/jazzy/opt/gz_tools_vendor:/opt/ros/jazzy/opt/gz_ogre_next_vendor:/opt/ros/jazzy/opt/gz_dartsim_vendor:/opt/ros/jazzy/opt/gz_cmake_vendor:/home/mario/master_ws/install/estun_description:/opt/ros/jazzy DEBUGINFOD_URLS=https://debuginfod.ubuntu.com LD_LIBRARY_PATH=/home/mario/master_ws/install/moveit_task_constructor_core/lib:/home/mario/master_ws/install/rviz_marker_tools/lib:/home/mario/master_ws/install/moveit_task_constructor_msgs/lib:/home/mario/master_ws/install/moveit_task_constructor_demo/lib:/home/mario/master_ws/install/moveit_task_constructor_visualization/lib:/home/mario/master_ws/install/moveit_task_constructor_capabilities/lib:/opt/ros/jazzy/opt/gz_sim_vendor/lib:/opt/ros/jazzy/opt/gz_sensors_vendor/lib:/opt/ros/jazzy/opt/gz_physics_vendor/lib:/opt/ros/jazzy/opt/sdformat_vendor/lib:/opt/ros/jazzy/opt/rviz_ogre_vendor/lib:/opt/ros/jazzy/lib/x86_64-linux-gnu:/opt/ros/jazzy/opt/gz_gui_vendor/lib:/opt/ros/jazzy/opt/gz_transport_vendor/lib:/opt/ros/jazzy/opt/gz_rendering_vendor/lib:/opt/ros/jazzy/opt/gz_plugin_vendor/lib:/opt/ros/jazzy/opt/gz_fuel_tools_vendor/lib:/opt/ros/jazzy/opt/gz_msgs_vendor/lib:/opt/ros/jazzy/opt/gz_common_vendor/lib:/opt/ros/jazzy/opt/gz_math_vendor/lib:/opt/ros/jazzy/opt/gz_utils_vendor/lib:/opt/ros/jazzy/opt/gz_tools_vendor/lib:/opt/ros/jazzy/opt/gz_ogre_next_vendor/lib:/opt/ros/jazzy/opt/gz_dartsim_vendor/lib:/opt/ros/jazzy/opt/gz_cmake_vendor/lib:/opt/ros/jazzy/lib /usr/bin/cmake --build /home/mario/master_ws/build/moveit_task_constructor_visualization -- -j12 -l12
[2.327s] DEBUG:colcon.colcon_core.event_handler.log_command:Invoking command in '/home/mario/master_ws/build/moveit_task_constructor_visualization': CMAKE_PREFIX_PATH=/home/mario/master_ws/install/moveit_task_constructor_core:/home/mario/master_ws/install/rviz_marker_tools:/home/mario/master_ws/install/moveit_task_constructor_msgs:/home/mario/master_ws/install/vision_control:/home/mario/master_ws/install/moveit_task_constructor_demo:/home/mario/master_ws/install/moveit_task_constructor_visualization:/home/mario/master_ws/install/moveit_task_constructor_capabilities:/home/mario/master_ws/install/estun_control:/home/mario/master_ws/install/estun_moveit:/opt/ros/jazzy/opt/gz_sim_vendor:/opt/ros/jazzy/opt/gz_sensors_vendor:/opt/ros/jazzy/opt/gz_physics_vendor:/opt/ros/jazzy/opt/sdformat_vendor:/opt/ros/jazzy/opt/gz_gui_vendor:/opt/ros/jazzy/opt/gz_transport_vendor:/opt/ros/jazzy/opt/gz_rendering_vendor:/opt/ros/jazzy/opt/gz_plugin_vendor:/opt/ros/jazzy/opt/gz_fuel_tools_vendor:/opt/ros/jazzy/opt/gz_msgs_vendor:/opt/ros/jazzy/opt/gz_common_vendor:/opt/ros/jazzy/opt/gz_math_vendor:/opt/ros/jazzy/opt/gz_utils_vendor:/opt/ros/jazzy/opt/gz_tools_vendor:/opt/ros/jazzy/opt/gz_ogre_next_vendor:/opt/ros/jazzy/opt/gz_dartsim_vendor:/opt/ros/jazzy/opt/gz_cmake_vendor:/home/mario/master_ws/install/estun_description:/opt/ros/jazzy DEBUGINFOD_URLS=https://debuginfod.ubuntu.com LD_LIBRARY_PATH=/home/mario/master_ws/install/moveit_task_constructor_core/lib:/home/mario/master_ws/install/rviz_marker_tools/lib:/home/mario/master_ws/install/moveit_task_constructor_msgs/lib:/home/mario/master_ws/install/moveit_task_constructor_demo/lib:/home/mario/master_ws/install/moveit_task_constructor_visualization/lib:/home/mario/master_ws/install/moveit_task_constructor_capabilities/lib:/opt/ros/jazzy/opt/gz_sim_vendor/lib:/opt/ros/jazzy/opt/gz_sensors_vendor/lib:/opt/ros/jazzy/opt/gz_physics_vendor/lib:/opt/ros/jazzy/opt/sdformat_vendor/lib:/opt/ros/jazzy/opt/rviz_ogre_vendor/lib:/opt/ros/jazzy/lib/x86_64-linux-gnu:/opt/ros/jazzy/opt/gz_gui_vendor/lib:/opt/ros/jazzy/opt/gz_transport_vendor/lib:/opt/ros/jazzy/opt/gz_rendering_vendor/lib:/opt/ros/jazzy/opt/gz_plugin_vendor/lib:/opt/ros/jazzy/opt/gz_fuel_tools_vendor/lib:/opt/ros/jazzy/opt/gz_msgs_vendor/lib:/opt/ros/jazzy/opt/gz_common_vendor/lib:/opt/ros/jazzy/opt/gz_math_vendor/lib:/opt/ros/jazzy/opt/gz_utils_vendor/lib:/opt/ros/jazzy/opt/gz_tools_vendor/lib:/opt/ros/jazzy/opt/gz_ogre_next_vendor/lib:/opt/ros/jazzy/opt/gz_dartsim_vendor/lib:/opt/ros/jazzy/opt/gz_cmake_vendor/lib:/opt/ros/jazzy/lib /usr/bin/cmake --install /home/mario/master_ws/build/moveit_task_constructor_visualization
[2.345s] Level 1:colcon.colcon_core.environment:create_environment_scripts_only(moveit_task_constructor_visualization)
[2.345s] Level 1:colcon.colcon_core.environment:checking '/home/mario/master_ws/install/moveit_task_constructor_visualization' for CMake module files
[2.346s] DEBUG:colcon.colcon_core.event_handler.log_command:Invoked command in '/home/mario/master_ws/build/moveit_task_constructor_visualization' returned '0': CMAKE_PREFIX_PATH=/home/mario/master_ws/install/moveit_task_constructor_core:/home/mario/master_ws/install/rviz_marker_tools:/home/mario/master_ws/install/moveit_task_constructor_msgs:/home/mario/master_ws/install/vision_control:/home/mario/master_ws/install/moveit_task_constructor_demo:/home/mario/master_ws/install/moveit_task_constructor_visualization:/home/mario/master_ws/install/moveit_task_constructor_capabilities:/home/mario/master_ws/install/estun_control:/home/mario/master_ws/install/estun_moveit:/opt/ros/jazzy/opt/gz_sim_vendor:/opt/ros/jazzy/opt/gz_sensors_vendor:/opt/ros/jazzy/opt/gz_physics_vendor:/opt/ros/jazzy/opt/sdformat_vendor:/opt/ros/jazzy/opt/gz_gui_vendor:/opt/ros/jazzy/opt/gz_transport_vendor:/opt/ros/jazzy/opt/gz_rendering_vendor:/opt/ros/jazzy/opt/gz_plugin_vendor:/opt/ros/jazzy/opt/gz_fuel_tools_vendor:/opt/ros/jazzy/opt/gz_msgs_vendor:/opt/ros/jazzy/opt/gz_common_vendor:/opt/ros/jazzy/opt/gz_math_vendor:/opt/ros/jazzy/opt/gz_utils_vendor:/opt/ros/jazzy/opt/gz_tools_vendor:/opt/ros/jazzy/opt/gz_ogre_next_vendor:/opt/ros/jazzy/opt/gz_dartsim_vendor:/opt/ros/jazzy/opt/gz_cmake_vendor:/home/mario/master_ws/install/estun_description:/opt/ros/jazzy DEBUGINFOD_URLS=https://debuginfod.ubuntu.com LD_LIBRARY_PATH=/home/mario/master_ws/install/moveit_task_constructor_core/lib:/home/mario/master_ws/install/rviz_marker_tools/lib:/home/mario/master_ws/install/moveit_task_constructor_msgs/lib:/home/mario/master_ws/install/moveit_task_constructor_demo/lib:/home/mario/master_ws/install/moveit_task_constructor_visualization/lib:/home/mario/master_ws/install/moveit_task_constructor_capabilities/lib:/opt/ros/jazzy/opt/gz_sim_vendor/lib:/opt/ros/jazzy/opt/gz_sensors_vendor/lib:/opt/ros/jazzy/opt/gz_physics_vendor/lib:/opt/ros/jazzy/opt/sdformat_vendor/lib:/opt/ros/jazzy/opt/rviz_ogre_vendor/lib:/opt/ros/jazzy/lib/x86_64-linux-gnu:/opt/ros/jazzy/opt/gz_gui_vendor/lib:/opt/ros/jazzy/opt/gz_transport_vendor/lib:/opt/ros/jazzy/opt/gz_rendering_vendor/lib:/opt/ros/jazzy/opt/gz_plugin_vendor/lib:/opt/ros/jazzy/opt/gz_fuel_tools_vendor/lib:/opt/ros/jazzy/opt/gz_msgs_vendor/lib:/opt/ros/jazzy/opt/gz_common_vendor/lib:/opt/ros/jazzy/opt/gz_math_vendor/lib:/opt/ros/jazzy/opt/gz_utils_vendor/lib:/opt/ros/jazzy/opt/gz_tools_vendor/lib:/opt/ros/jazzy/opt/gz_ogre_next_vendor/lib:/opt/ros/jazzy/opt/gz_dartsim_vendor/lib:/opt/ros/jazzy/opt/gz_cmake_vendor/lib:/opt/ros/jazzy/lib /usr/bin/cmake --install /home/mario/master_ws/build/moveit_task_constructor_visualization
[2.346s] Level 1:colcon.colcon_core.environment:checking '/home/mario/master_ws/install/moveit_task_constructor_visualization' for CMake config files
[2.346s] Level 1:colcon.colcon_core.shell:create_environment_hook('moveit_task_constructor_visualization', 'cmake_prefix_path')
[2.346s] INFO:colcon.colcon_core.shell:Creating environment hook '/home/mario/master_ws/install/moveit_task_constructor_visualization/share/moveit_task_constructor_visualization/hook/cmake_prefix_path.ps1'
[2.347s] INFO:colcon.colcon_core.shell:Creating environment descriptor '/home/mario/master_ws/install/moveit_task_constructor_visualization/share/moveit_task_constructor_visualization/hook/cmake_prefix_path.dsv'
[2.347s] INFO:colcon.colcon_core.shell:Creating environment hook '/home/mario/master_ws/install/moveit_task_constructor_visualization/share/moveit_task_constructor_visualization/hook/cmake_prefix_path.sh'
[2.347s] Level 1:colcon.colcon_core.environment:checking '/home/mario/master_ws/install/moveit_task_constructor_visualization/lib'
[2.348s] Level 1:colcon.colcon_core.shell:create_environment_hook('moveit_task_constructor_visualization', 'ld_library_path_lib')
[2.348s] INFO:colcon.colcon_core.shell:Creating environment hook '/home/mario/master_ws/install/moveit_task_constructor_visualization/share/moveit_task_constructor_visualization/hook/ld_library_path_lib.ps1'
[2.348s] INFO:colcon.colcon_core.shell:Creating environment descriptor '/home/mario/master_ws/install/moveit_task_constructor_visualization/share/moveit_task_constructor_visualization/hook/ld_library_path_lib.dsv'
[2.348s] INFO:colcon.colcon_core.shell:Creating environment hook '/home/mario/master_ws/install/moveit_task_constructor_visualization/share/moveit_task_constructor_visualization/hook/ld_library_path_lib.sh'
[2.349s] Level 1:colcon.colcon_core.environment:checking '/home/mario/master_ws/install/moveit_task_constructor_visualization/bin'
[2.349s] Level 1:colcon.colcon_core.environment:checking '/home/mario/master_ws/install/moveit_task_constructor_visualization/lib/pkgconfig/moveit_task_constructor_visualization.pc'
[2.349s] Level 1:colcon.colcon_core.environment:checking '/home/mario/master_ws/install/moveit_task_constructor_visualization/lib/python3.12/site-packages'
[2.349s] Level 1:colcon.colcon_core.environment:checking '/home/mario/master_ws/install/moveit_task_constructor_visualization/bin'
[2.349s] INFO:colcon.colcon_core.shell:Creating package script '/home/mario/master_ws/install/moveit_task_constructor_visualization/share/moveit_task_constructor_visualization/package.ps1'
[2.350s] INFO:colcon.colcon_core.shell:Creating package descriptor '/home/mario/master_ws/install/moveit_task_constructor_visualization/share/moveit_task_constructor_visualization/package.dsv'
[2.350s] INFO:colcon.colcon_core.shell:Creating package script '/home/mario/master_ws/install/moveit_task_constructor_visualization/share/moveit_task_constructor_visualization/package.sh'
[2.351s] INFO:colcon.colcon_core.shell:Creating package script '/home/mario/master_ws/install/moveit_task_constructor_visualization/share/moveit_task_constructor_visualization/package.bash'
[2.351s] INFO:colcon.colcon_core.shell:Creating package script '/home/mario/master_ws/install/moveit_task_constructor_visualization/share/moveit_task_constructor_visualization/package.zsh'
[2.351s] Level 1:colcon.colcon_core.environment:create_file_with_runtime_dependencies(/home/mario/master_ws/install/moveit_task_constructor_visualization/share/colcon-core/packages/moveit_task_constructor_visualization)
[2.352s] Level 1:colcon.colcon_core.environment:create_environment_scripts_only(moveit_task_constructor_visualization)
[2.352s] Level 1:colcon.colcon_core.environment:checking '/home/mario/master_ws/install/moveit_task_constructor_visualization' for CMake module files
[2.353s] Level 1:colcon.colcon_core.environment:checking '/home/mario/master_ws/install/moveit_task_constructor_visualization' for CMake config files
[2.353s] Level 1:colcon.colcon_core.shell:create_environment_hook('moveit_task_constructor_visualization', 'cmake_prefix_path')
[2.353s] INFO:colcon.colcon_core.shell:Creating environment hook '/home/mario/master_ws/install/moveit_task_constructor_visualization/share/moveit_task_constructor_visualization/hook/cmake_prefix_path.ps1'
[2.353s] INFO:colcon.colcon_core.shell:Creating environment descriptor '/home/mario/master_ws/install/moveit_task_constructor_visualization/share/moveit_task_constructor_visualization/hook/cmake_prefix_path.dsv'
[2.354s] INFO:colcon.colcon_core.shell:Creating environment hook '/home/mario/master_ws/install/moveit_task_constructor_visualization/share/moveit_task_constructor_visualization/hook/cmake_prefix_path.sh'
[2.355s] Level 1:colcon.colcon_core.environment:checking '/home/mario/master_ws/install/moveit_task_constructor_visualization/lib'
[2.355s] Level 1:colcon.colcon_core.shell:create_environment_hook('moveit_task_constructor_visualization', 'ld_library_path_lib')
[2.355s] INFO:colcon.colcon_core.shell:Creating environment hook '/home/mario/master_ws/install/moveit_task_constructor_visualization/share/moveit_task_constructor_visualization/hook/ld_library_path_lib.ps1'
[2.355s] INFO:colcon.colcon_core.shell:Creating environment descriptor '/home/mario/master_ws/install/moveit_task_constructor_visualization/share/moveit_task_constructor_visualization/hook/ld_library_path_lib.dsv'
[2.356s] INFO:colcon.colcon_core.shell:Creating environment hook '/home/mario/master_ws/install/moveit_task_constructor_visualization/share/moveit_task_constructor_visualization/hook/ld_library_path_lib.sh'
[2.356s] Level 1:colcon.colcon_core.environment:checking '/home/mario/master_ws/install/moveit_task_constructor_visualization/bin'
[2.356s] Level 1:colcon.colcon_core.environment:checking '/home/mario/master_ws/install/moveit_task_constructor_visualization/lib/pkgconfig/moveit_task_constructor_visualization.pc'
[2.356s] Level 1:colcon.colcon_core.environment:checking '/home/mario/master_ws/install/moveit_task_constructor_visualization/lib/python3.12/site-packages'
[2.357s] Level 1:colcon.colcon_core.environment:checking '/home/mario/master_ws/install/moveit_task_constructor_visualization/bin'
[2.357s] INFO:colcon.colcon_core.shell:Creating package script '/home/mario/master_ws/install/moveit_task_constructor_visualization/share/moveit_task_constructor_visualization/package.ps1'
[2.358s] INFO:colcon.colcon_core.shell:Creating package descriptor '/home/mario/master_ws/install/moveit_task_constructor_visualization/share/moveit_task_constructor_visualization/package.dsv'
[2.358s] INFO:colcon.colcon_core.shell:Creating package script '/home/mario/master_ws/install/moveit_task_constructor_visualization/share/moveit_task_constructor_visualization/package.sh'
[2.358s] INFO:colcon.colcon_core.shell:Creating package script '/home/mario/master_ws/install/moveit_task_constructor_visualization/share/moveit_task_constructor_visualization/package.bash'
[2.359s] INFO:colcon.colcon_core.shell:Creating package script '/home/mario/master_ws/install/moveit_task_constructor_visualization/share/moveit_task_constructor_visualization/package.zsh'
[2.359s] Level 1:colcon.colcon_core.environment:create_file_with_runtime_dependencies(/home/mario/master_ws/install/moveit_task_constructor_visualization/share/colcon-core/packages/moveit_task_constructor_visualization)
[2.360s] INFO:colcon.colcon_ros.task.ament_cmake.build:Building ROS package in '/home/mario/master_ws/src/moveit_task_constructor/demo' with build type 'ament_cmake'
[2.360s] INFO:colcon.colcon_cmake.task.cmake.build:Building CMake package in '/home/mario/master_ws/src/moveit_task_constructor/demo'
[2.360s] INFO:colcon.colcon_core.shell:Skip shell extension 'powershell' for command environment: Not usable outside of PowerShell
[2.360s] DEBUG:colcon.colcon_core.shell:Skip shell extension 'dsv' for command environment
[2.367s] Level 1:colcon.colcon_core.environment:checking '/home/mario/master_ws/install/estun_description' for CMake module files
[2.368s] DEBUG:colcon.colcon_core.event_handler.log_command:Invoked command in '/home/mario/master_ws/src/estun_description' returned '0': DEBUGINFOD_URLS=https://debuginfod.ubuntu.com PYTHONPATH=/home/mario/master_ws/build/estun_description/prefix_override:/usr/lib/python3/dist-packages/colcon_core/task/python/colcon_distutils_commands:/home/mario/master_ws/install/estun_description/lib/python3.12/site-packages:${PYTHONPATH} /usr/bin/python3 -W ignore:setup.py install is deprecated -W ignore:easy_install command is deprecated setup.py egg_info --egg-base ../../build/estun_description build --build-base /home/mario/master_ws/build/estun_description/build install --record /home/mario/master_ws/build/estun_description/install.log --install-scripts $base/lib/fusion2urdf_ros2 --single-version-externally-managed install_data
[2.368s] Level 1:colcon.colcon_core.environment:checking '/home/mario/master_ws/install/estun_description' for CMake config files
[2.369s] Level 1:colcon.colcon_core.environment:checking '/home/mario/master_ws/install/estun_description/lib'
[2.369s] Level 1:colcon.colcon_core.environment:checking '/home/mario/master_ws/install/estun_description/bin'
[2.369s] Level 1:colcon.colcon_core.environment:checking '/home/mario/master_ws/install/estun_description/lib/pkgconfig/estun_description.pc'
[2.369s] Level 1:colcon.colcon_core.environment:checking '/home/mario/master_ws/install/estun_description/lib/python3.12/site-packages'
[2.369s] Level 1:colcon.colcon_core.shell:create_environment_hook('estun_description', 'pythonpath')
[2.369s] INFO:colcon.colcon_core.shell:Creating environment hook '/home/mario/master_ws/install/estun_description/share/estun_description/hook/pythonpath.ps1'
[2.370s] INFO:colcon.colcon_core.shell:Creating environment descriptor '/home/mario/master_ws/install/estun_description/share/estun_description/hook/pythonpath.dsv'
[2.370s] INFO:colcon.colcon_core.shell:Creating environment hook '/home/mario/master_ws/install/estun_description/share/estun_description/hook/pythonpath.sh'
[2.371s] Level 1:colcon.colcon_core.environment:checking '/home/mario/master_ws/install/estun_description/bin'
[2.371s] Level 1:colcon.colcon_core.environment:create_environment_scripts_only(estun_description)
[2.371s] INFO:colcon.colcon_core.shell:Creating package script '/home/mario/master_ws/install/estun_description/share/estun_description/package.ps1'
[2.371s] INFO:colcon.colcon_core.shell:Creating package descriptor '/home/mario/master_ws/install/estun_description/share/estun_description/package.dsv'
[2.372s] INFO:colcon.colcon_core.shell:Creating package script '/home/mario/master_ws/install/estun_description/share/estun_description/package.sh'
[2.372s] INFO:colcon.colcon_core.shell:Creating package script '/home/mario/master_ws/install/estun_description/share/estun_description/package.bash'
[2.373s] INFO:colcon.colcon_core.shell:Creating package script '/home/mario/master_ws/install/estun_description/share/estun_description/package.zsh'
[2.373s] Level 1:colcon.colcon_core.environment:create_file_with_runtime_dependencies(/home/mario/master_ws/install/estun_description/share/colcon-core/packages/estun_description)
[2.373s] INFO:colcon.colcon_ros.task.ament_cmake.build:Building ROS package in '/home/mario/master_ws/src/estun_moveit' with build type 'ament_cmake'
[2.373s] INFO:colcon.colcon_cmake.task.cmake.build:Building CMake package in '/home/mario/master_ws/src/estun_moveit'
[2.374s] INFO:colcon.colcon_core.shell:Skip shell extension 'powershell' for command environment: Not usable outside of PowerShell
[2.374s] DEBUG:colcon.colcon_core.shell:Skip shell extension 'dsv' for command environment
[2.385s] DEBUG:colcon.colcon_core.event_handler.log_command:Invoking command in '/home/mario/master_ws/build/moveit_task_constructor_demo': CMAKE_PREFIX_PATH=/home/mario/master_ws/install/moveit_task_constructor_visualization:/home/mario/master_ws/install/moveit_task_constructor_capabilities:/home/mario/master_ws/install/moveit_task_constructor_core:/home/mario/master_ws/install/rviz_marker_tools:/home/mario/master_ws/install/moveit_task_constructor_msgs:/home/mario/master_ws/install/vision_control:/home/mario/master_ws/install/moveit_task_constructor_demo:/home/mario/master_ws/install/estun_control:/home/mario/master_ws/install/estun_moveit:/opt/ros/jazzy/opt/gz_sim_vendor:/opt/ros/jazzy/opt/gz_sensors_vendor:/opt/ros/jazzy/opt/gz_physics_vendor:/opt/ros/jazzy/opt/sdformat_vendor:/opt/ros/jazzy/opt/gz_gui_vendor:/opt/ros/jazzy/opt/gz_transport_vendor:/opt/ros/jazzy/opt/gz_rendering_vendor:/opt/ros/jazzy/opt/gz_plugin_vendor:/opt/ros/jazzy/opt/gz_fuel_tools_vendor:/opt/ros/jazzy/opt/gz_msgs_vendor:/opt/ros/jazzy/opt/gz_common_vendor:/opt/ros/jazzy/opt/gz_math_vendor:/opt/ros/jazzy/opt/gz_utils_vendor:/opt/ros/jazzy/opt/gz_tools_vendor:/opt/ros/jazzy/opt/gz_ogre_next_vendor:/opt/ros/jazzy/opt/gz_dartsim_vendor:/opt/ros/jazzy/opt/gz_cmake_vendor:/home/mario/master_ws/install/estun_description:/opt/ros/jazzy DEBUGINFOD_URLS=https://debuginfod.ubuntu.com LD_LIBRARY_PATH=/home/mario/master_ws/install/moveit_task_constructor_visualization/lib:/home/mario/master_ws/install/moveit_task_constructor_capabilities/lib:/home/mario/master_ws/install/moveit_task_constructor_core/lib:/home/mario/master_ws/install/rviz_marker_tools/lib:/home/mario/master_ws/install/moveit_task_constructor_msgs/lib:/home/mario/master_ws/install/moveit_task_constructor_demo/lib:/opt/ros/jazzy/opt/gz_sim_vendor/lib:/opt/ros/jazzy/opt/gz_sensors_vendor/lib:/opt/ros/jazzy/opt/gz_physics_vendor/lib:/opt/ros/jazzy/opt/sdformat_vendor/lib:/opt/ros/jazzy/opt/rviz_ogre_vendor/lib:/opt/ros/jazzy/lib/x86_64-linux-gnu:/opt/ros/jazzy/opt/gz_gui_vendor/lib:/opt/ros/jazzy/opt/gz_transport_vendor/lib:/opt/ros/jazzy/opt/gz_rendering_vendor/lib:/opt/ros/jazzy/opt/gz_plugin_vendor/lib:/opt/ros/jazzy/opt/gz_fuel_tools_vendor/lib:/opt/ros/jazzy/opt/gz_msgs_vendor/lib:/opt/ros/jazzy/opt/gz_common_vendor/lib:/opt/ros/jazzy/opt/gz_math_vendor/lib:/opt/ros/jazzy/opt/gz_utils_vendor/lib:/opt/ros/jazzy/opt/gz_tools_vendor/lib:/opt/ros/jazzy/opt/gz_ogre_next_vendor/lib:/opt/ros/jazzy/opt/gz_dartsim_vendor/lib:/opt/ros/jazzy/opt/gz_cmake_vendor/lib:/opt/ros/jazzy/lib /usr/bin/cmake --build /home/mario/master_ws/build/moveit_task_constructor_demo -- -j12 -l12
[2.388s] DEBUG:colcon.colcon_core.event_handler.log_command:Invoking command in '/home/mario/master_ws/build/estun_moveit': AMENT_PREFIX_PATH=/home/mario/master_ws/install/estun_description:/home/mario/master_ws/install/vision_control:/home/mario/master_ws/install/moveit_task_constructor_demo:/home/mario/master_ws/install/moveit_task_constructor_visualization:/home/mario/master_ws/install/moveit_task_constructor_capabilities:/home/mario/master_ws/install/estun_control:/home/mario/master_ws/install/moveit_task_constructor_core:/home/mario/master_ws/install/rviz_marker_tools:/home/mario/master_ws/install/moveit_task_constructor_msgs:/home/mario/master_ws/install/estun_moveit:/opt/ros/jazzy CMAKE_PREFIX_PATH=${CMAKE_PREFIX_PATH}:/home/mario/master_ws/install/estun_description:/opt/ros/jazzy DEBUGINFOD_URLS=https://debuginfod.ubuntu.com PYTHONPATH=/home/mario/master_ws/install/estun_description/lib/python3.12/site-packages:/home/mario/master_ws/install/moveit_task_constructor_core/lib/python3.12/site-packages:/home/mario/master_ws/install/moveit_task_constructor_msgs/lib/python3.12/site-packages:/opt/ros/jazzy/opt/gz_sim_vendor/lib/python:/opt/ros/jazzy/opt/sdformat_vendor/lib/python:/opt/ros/jazzy/opt/gz_transport_vendor/lib/python:/opt/ros/jazzy/opt/gz_msgs_vendor/lib/python:/opt/ros/jazzy/opt/gz_math_vendor/lib/python:/opt/ros/jazzy/lib/python3.12/site-packages /usr/bin/cmake --build /home/mario/master_ws/build/estun_moveit -- -j12 -l12
[2.445s] DEBUG:colcon.colcon_core.event_handler.log_command:Invoked command in '/home/mario/master_ws/build/estun_moveit' returned '0': AMENT_PREFIX_PATH=/home/mario/master_ws/install/estun_description:/home/mario/master_ws/install/vision_control:/home/mario/master_ws/install/moveit_task_constructor_demo:/home/mario/master_ws/install/moveit_task_constructor_visualization:/home/mario/master_ws/install/moveit_task_constructor_capabilities:/home/mario/master_ws/install/estun_control:/home/mario/master_ws/install/moveit_task_constructor_core:/home/mario/master_ws/install/rviz_marker_tools:/home/mario/master_ws/install/moveit_task_constructor_msgs:/home/mario/master_ws/install/estun_moveit:/opt/ros/jazzy CMAKE_PREFIX_PATH=${CMAKE_PREFIX_PATH}:/home/mario/master_ws/install/estun_description:/opt/ros/jazzy DEBUGINFOD_URLS=https://debuginfod.ubuntu.com PYTHONPATH=/home/mario/master_ws/install/estun_description/lib/python3.12/site-packages:/home/mario/master_ws/install/moveit_task_constructor_core/lib/python3.12/site-packages:/home/mario/master_ws/install/moveit_task_constructor_msgs/lib/python3.12/site-packages:/opt/ros/jazzy/opt/gz_sim_vendor/lib/python:/opt/ros/jazzy/opt/sdformat_vendor/lib/python:/opt/ros/jazzy/opt/gz_transport_vendor/lib/python:/opt/ros/jazzy/opt/gz_msgs_vendor/lib/python:/opt/ros/jazzy/opt/gz_math_vendor/lib/python:/opt/ros/jazzy/lib/python3.12/site-packages /usr/bin/cmake --build /home/mario/master_ws/build/estun_moveit -- -j12 -l12
[2.446s] DEBUG:colcon.colcon_core.event_handler.log_command:Invoking command in '/home/mario/master_ws/build/estun_moveit': AMENT_PREFIX_PATH=/home/mario/master_ws/install/estun_description:/home/mario/master_ws/install/vision_control:/home/mario/master_ws/install/moveit_task_constructor_demo:/home/mario/master_ws/install/moveit_task_constructor_visualization:/home/mario/master_ws/install/moveit_task_constructor_capabilities:/home/mario/master_ws/install/estun_control:/home/mario/master_ws/install/moveit_task_constructor_core:/home/mario/master_ws/install/rviz_marker_tools:/home/mario/master_ws/install/moveit_task_constructor_msgs:/home/mario/master_ws/install/estun_moveit:/opt/ros/jazzy CMAKE_PREFIX_PATH=${CMAKE_PREFIX_PATH}:/home/mario/master_ws/install/estun_description:/opt/ros/jazzy DEBUGINFOD_URLS=https://debuginfod.ubuntu.com PYTHONPATH=/home/mario/master_ws/install/estun_description/lib/python3.12/site-packages:/home/mario/master_ws/install/moveit_task_constructor_core/lib/python3.12/site-packages:/home/mario/master_ws/install/moveit_task_constructor_msgs/lib/python3.12/site-packages:/opt/ros/jazzy/opt/gz_sim_vendor/lib/python:/opt/ros/jazzy/opt/sdformat_vendor/lib/python:/opt/ros/jazzy/opt/gz_transport_vendor/lib/python:/opt/ros/jazzy/opt/gz_msgs_vendor/lib/python:/opt/ros/jazzy/opt/gz_math_vendor/lib/python:/opt/ros/jazzy/lib/python3.12/site-packages /usr/bin/cmake --install /home/mario/master_ws/build/estun_moveit
[2.470s] Level 1:colcon.colcon_core.environment:create_environment_scripts_only(estun_moveit)
[2.470s] Level 1:colcon.colcon_core.environment:checking '/home/mario/master_ws/install/estun_moveit' for CMake module files
[2.471s] Level 1:colcon.colcon_core.environment:checking '/home/mario/master_ws/install/estun_moveit' for CMake config files
[2.471s] Level 1:colcon.colcon_core.shell:create_environment_hook('estun_moveit', 'cmake_prefix_path')
[2.471s] INFO:colcon.colcon_core.shell:Creating environment hook '/home/mario/master_ws/install/estun_moveit/share/estun_moveit/hook/cmake_prefix_path.ps1'
[2.472s] INFO:colcon.colcon_core.shell:Creating environment descriptor '/home/mario/master_ws/install/estun_moveit/share/estun_moveit/hook/cmake_prefix_path.dsv'
[2.472s] INFO:colcon.colcon_core.shell:Creating environment hook '/home/mario/master_ws/install/estun_moveit/share/estun_moveit/hook/cmake_prefix_path.sh'
[2.473s] Level 1:colcon.colcon_core.environment:checking '/home/mario/master_ws/install/estun_moveit/bin'
[2.473s] Level 1:colcon.colcon_core.environment:checking '/home/mario/master_ws/install/estun_moveit/lib/pkgconfig/estun_moveit.pc'
[2.470s] DEBUG:colcon.colcon_core.event_handler.log_command:Invoked command in '/home/mario/master_ws/build/estun_moveit' returned '0': AMENT_PREFIX_PATH=/home/mario/master_ws/install/estun_description:/home/mario/master_ws/install/vision_control:/home/mario/master_ws/install/moveit_task_constructor_demo:/home/mario/master_ws/install/moveit_task_constructor_visualization:/home/mario/master_ws/install/moveit_task_constructor_capabilities:/home/mario/master_ws/install/estun_control:/home/mario/master_ws/install/moveit_task_constructor_core:/home/mario/master_ws/install/rviz_marker_tools:/home/mario/master_ws/install/moveit_task_constructor_msgs:/home/mario/master_ws/install/estun_moveit:/opt/ros/jazzy CMAKE_PREFIX_PATH=${CMAKE_PREFIX_PATH}:/home/mario/master_ws/install/estun_description:/opt/ros/jazzy DEBUGINFOD_URLS=https://debuginfod.ubuntu.com PYTHONPATH=/home/mario/master_ws/install/estun_description/lib/python3.12/site-packages:/home/mario/master_ws/install/moveit_task_constructor_core/lib/python3.12/site-packages:/home/mario/master_ws/install/moveit_task_constructor_msgs/lib/python3.12/site-packages:/opt/ros/jazzy/opt/gz_sim_vendor/lib/python:/opt/ros/jazzy/opt/sdformat_vendor/lib/python:/opt/ros/jazzy/opt/gz_transport_vendor/lib/python:/opt/ros/jazzy/opt/gz_msgs_vendor/lib/python:/opt/ros/jazzy/opt/gz_math_vendor/lib/python:/opt/ros/jazzy/lib/python3.12/site-packages /usr/bin/cmake --install /home/mario/master_ws/build/estun_moveit
[2.473s] Level 1:colcon.colcon_core.environment:checking '/home/mario/master_ws/install/estun_moveit/lib/python3.12/site-packages'
[2.474s] Level 1:colcon.colcon_core.environment:checking '/home/mario/master_ws/install/estun_moveit/bin'
[2.474s] INFO:colcon.colcon_core.shell:Creating package script '/home/mario/master_ws/install/estun_moveit/share/estun_moveit/package.ps1'
[2.475s] INFO:colcon.colcon_core.shell:Creating package descriptor '/home/mario/master_ws/install/estun_moveit/share/estun_moveit/package.dsv'
[2.476s] INFO:colcon.colcon_core.shell:Creating package script '/home/mario/master_ws/install/estun_moveit/share/estun_moveit/package.sh'
[2.476s] INFO:colcon.colcon_core.shell:Creating package script '/home/mario/master_ws/install/estun_moveit/share/estun_moveit/package.bash'
[2.477s] INFO:colcon.colcon_core.shell:Creating package script '/home/mario/master_ws/install/estun_moveit/share/estun_moveit/package.zsh'
[2.478s] Level 1:colcon.colcon_core.environment:create_file_with_runtime_dependencies(/home/mario/master_ws/install/estun_moveit/share/colcon-core/packages/estun_moveit)
[2.480s] Level 1:colcon.colcon_core.environment:create_environment_scripts_only(estun_moveit)
[2.481s] Level 1:colcon.colcon_core.environment:checking '/home/mario/master_ws/install/estun_moveit' for CMake module files
[2.481s] Level 1:colcon.colcon_core.environment:checking '/home/mario/master_ws/install/estun_moveit' for CMake config files
[2.483s] Level 1:colcon.colcon_core.shell:create_environment_hook('estun_moveit', 'cmake_prefix_path')
[2.484s] INFO:colcon.colcon_core.shell:Creating environment hook '/home/mario/master_ws/install/estun_moveit/share/estun_moveit/hook/cmake_prefix_path.ps1'
[2.484s] INFO:colcon.colcon_core.shell:Creating environment descriptor '/home/mario/master_ws/install/estun_moveit/share/estun_moveit/hook/cmake_prefix_path.dsv'
[2.485s] INFO:colcon.colcon_core.shell:Creating environment hook '/home/mario/master_ws/install/estun_moveit/share/estun_moveit/hook/cmake_prefix_path.sh'
[2.485s] Level 1:colcon.colcon_core.environment:checking '/home/mario/master_ws/install/estun_moveit/bin'
[2.485s] Level 1:colcon.colcon_core.environment:checking '/home/mario/master_ws/install/estun_moveit/lib/pkgconfig/estun_moveit.pc'
[2.487s] Level 1:colcon.colcon_core.environment:checking '/home/mario/master_ws/install/estun_moveit/lib/python3.12/site-packages'
[2.487s] Level 1:colcon.colcon_core.environment:checking '/home/mario/master_ws/install/estun_moveit/bin'
[2.488s] INFO:colcon.colcon_core.shell:Creating package script '/home/mario/master_ws/install/estun_moveit/share/estun_moveit/package.ps1'
[2.489s] INFO:colcon.colcon_core.shell:Creating package descriptor '/home/mario/master_ws/install/estun_moveit/share/estun_moveit/package.dsv'
[2.490s] INFO:colcon.colcon_core.shell:Creating package script '/home/mario/master_ws/install/estun_moveit/share/estun_moveit/package.sh'
[2.490s] INFO:colcon.colcon_core.shell:Creating package script '/home/mario/master_ws/install/estun_moveit/share/estun_moveit/package.bash'
[2.491s] INFO:colcon.colcon_core.shell:Creating package script '/home/mario/master_ws/install/estun_moveit/share/estun_moveit/package.zsh'
[2.491s] Level 1:colcon.colcon_core.environment:create_file_with_runtime_dependencies(/home/mario/master_ws/install/estun_moveit/share/colcon-core/packages/estun_moveit)
[2.588s] DEBUG:colcon.colcon_core.event_handler.log_command:Invoked command in '/home/mario/master_ws/build/moveit_task_constructor_demo' returned '0': CMAKE_PREFIX_PATH=/home/mario/master_ws/install/moveit_task_constructor_visualization:/home/mario/master_ws/install/moveit_task_constructor_capabilities:/home/mario/master_ws/install/moveit_task_constructor_core:/home/mario/master_ws/install/rviz_marker_tools:/home/mario/master_ws/install/moveit_task_constructor_msgs:/home/mario/master_ws/install/vision_control:/home/mario/master_ws/install/moveit_task_constructor_demo:/home/mario/master_ws/install/estun_control:/home/mario/master_ws/install/estun_moveit:/opt/ros/jazzy/opt/gz_sim_vendor:/opt/ros/jazzy/opt/gz_sensors_vendor:/opt/ros/jazzy/opt/gz_physics_vendor:/opt/ros/jazzy/opt/sdformat_vendor:/opt/ros/jazzy/opt/gz_gui_vendor:/opt/ros/jazzy/opt/gz_transport_vendor:/opt/ros/jazzy/opt/gz_rendering_vendor:/opt/ros/jazzy/opt/gz_plugin_vendor:/opt/ros/jazzy/opt/gz_fuel_tools_vendor:/opt/ros/jazzy/opt/gz_msgs_vendor:/opt/ros/jazzy/opt/gz_common_vendor:/opt/ros/jazzy/opt/gz_math_vendor:/opt/ros/jazzy/opt/gz_utils_vendor:/opt/ros/jazzy/opt/gz_tools_vendor:/opt/ros/jazzy/opt/gz_ogre_next_vendor:/opt/ros/jazzy/opt/gz_dartsim_vendor:/opt/ros/jazzy/opt/gz_cmake_vendor:/home/mario/master_ws/install/estun_description:/opt/ros/jazzy DEBUGINFOD_URLS=https://debuginfod.ubuntu.com LD_LIBRARY_PATH=/home/mario/master_ws/install/moveit_task_constructor_visualization/lib:/home/mario/master_ws/install/moveit_task_constructor_capabilities/lib:/home/mario/master_ws/install/moveit_task_constructor_core/lib:/home/mario/master_ws/install/rviz_marker_tools/lib:/home/mario/master_ws/install/moveit_task_constructor_msgs/lib:/home/mario/master_ws/install/moveit_task_constructor_demo/lib:/opt/ros/jazzy/opt/gz_sim_vendor/lib:/opt/ros/jazzy/opt/gz_sensors_vendor/lib:/opt/ros/jazzy/opt/gz_physics_vendor/lib:/opt/ros/jazzy/opt/sdformat_vendor/lib:/opt/ros/jazzy/opt/rviz_ogre_vendor/lib:/opt/ros/jazzy/lib/x86_64-linux-gnu:/opt/ros/jazzy/opt/gz_gui_vendor/lib:/opt/ros/jazzy/opt/gz_transport_vendor/lib:/opt/ros/jazzy/opt/gz_rendering_vendor/lib:/opt/ros/jazzy/opt/gz_plugin_vendor/lib:/opt/ros/jazzy/opt/gz_fuel_tools_vendor/lib:/opt/ros/jazzy/opt/gz_msgs_vendor/lib:/opt/ros/jazzy/opt/gz_common_vendor/lib:/opt/ros/jazzy/opt/gz_math_vendor/lib:/opt/ros/jazzy/opt/gz_utils_vendor/lib:/opt/ros/jazzy/opt/gz_tools_vendor/lib:/opt/ros/jazzy/opt/gz_ogre_next_vendor/lib:/opt/ros/jazzy/opt/gz_dartsim_vendor/lib:/opt/ros/jazzy/opt/gz_cmake_vendor/lib:/opt/ros/jazzy/lib /usr/bin/cmake --build /home/mario/master_ws/build/moveit_task_constructor_demo -- -j12 -l12
[2.589s] DEBUG:colcon.colcon_core.event_handler.log_command:Invoking command in '/home/mario/master_ws/build/moveit_task_constructor_demo': CMAKE_PREFIX_PATH=/home/mario/master_ws/install/moveit_task_constructor_visualization:/home/mario/master_ws/install/moveit_task_constructor_capabilities:/home/mario/master_ws/install/moveit_task_constructor_core:/home/mario/master_ws/install/rviz_marker_tools:/home/mario/master_ws/install/moveit_task_constructor_msgs:/home/mario/master_ws/install/vision_control:/home/mario/master_ws/install/moveit_task_constructor_demo:/home/mario/master_ws/install/estun_control:/home/mario/master_ws/install/estun_moveit:/opt/ros/jazzy/opt/gz_sim_vendor:/opt/ros/jazzy/opt/gz_sensors_vendor:/opt/ros/jazzy/opt/gz_physics_vendor:/opt/ros/jazzy/opt/sdformat_vendor:/opt/ros/jazzy/opt/gz_gui_vendor:/opt/ros/jazzy/opt/gz_transport_vendor:/opt/ros/jazzy/opt/gz_rendering_vendor:/opt/ros/jazzy/opt/gz_plugin_vendor:/opt/ros/jazzy/opt/gz_fuel_tools_vendor:/opt/ros/jazzy/opt/gz_msgs_vendor:/opt/ros/jazzy/opt/gz_common_vendor:/opt/ros/jazzy/opt/gz_math_vendor:/opt/ros/jazzy/opt/gz_utils_vendor:/opt/ros/jazzy/opt/gz_tools_vendor:/opt/ros/jazzy/opt/gz_ogre_next_vendor:/opt/ros/jazzy/opt/gz_dartsim_vendor:/opt/ros/jazzy/opt/gz_cmake_vendor:/home/mario/master_ws/install/estun_description:/opt/ros/jazzy DEBUGINFOD_URLS=https://debuginfod.ubuntu.com LD_LIBRARY_PATH=/home/mario/master_ws/install/moveit_task_constructor_visualization/lib:/home/mario/master_ws/install/moveit_task_constructor_capabilities/lib:/home/mario/master_ws/install/moveit_task_constructor_core/lib:/home/mario/master_ws/install/rviz_marker_tools/lib:/home/mario/master_ws/install/moveit_task_constructor_msgs/lib:/home/mario/master_ws/install/moveit_task_constructor_demo/lib:/opt/ros/jazzy/opt/gz_sim_vendor/lib:/opt/ros/jazzy/opt/gz_sensors_vendor/lib:/opt/ros/jazzy/opt/gz_physics_vendor/lib:/opt/ros/jazzy/opt/sdformat_vendor/lib:/opt/ros/jazzy/opt/rviz_ogre_vendor/lib:/opt/ros/jazzy/lib/x86_64-linux-gnu:/opt/ros/jazzy/opt/gz_gui_vendor/lib:/opt/ros/jazzy/opt/gz_transport_vendor/lib:/opt/ros/jazzy/opt/gz_rendering_vendor/lib:/opt/ros/jazzy/opt/gz_plugin_vendor/lib:/opt/ros/jazzy/opt/gz_fuel_tools_vendor/lib:/opt/ros/jazzy/opt/gz_msgs_vendor/lib:/opt/ros/jazzy/opt/gz_common_vendor/lib:/opt/ros/jazzy/opt/gz_math_vendor/lib:/opt/ros/jazzy/opt/gz_utils_vendor/lib:/opt/ros/jazzy/opt/gz_tools_vendor/lib:/opt/ros/jazzy/opt/gz_ogre_next_vendor/lib:/opt/ros/jazzy/opt/gz_dartsim_vendor/lib:/opt/ros/jazzy/opt/gz_cmake_vendor/lib:/opt/ros/jazzy/lib /usr/bin/cmake --install /home/mario/master_ws/build/moveit_task_constructor_demo
[2.607s] Level 1:colcon.colcon_core.environment:create_environment_scripts_only(moveit_task_constructor_demo)
[2.608s] Level 1:colcon.colcon_core.environment:checking '/home/mario/master_ws/install/moveit_task_constructor_demo' for CMake module files
[2.608s] DEBUG:colcon.colcon_core.event_handler.log_command:Invoked command in '/home/mario/master_ws/build/moveit_task_constructor_demo' returned '0': CMAKE_PREFIX_PATH=/home/mario/master_ws/install/moveit_task_constructor_visualization:/home/mario/master_ws/install/moveit_task_constructor_capabilities:/home/mario/master_ws/install/moveit_task_constructor_core:/home/mario/master_ws/install/rviz_marker_tools:/home/mario/master_ws/install/moveit_task_constructor_msgs:/home/mario/master_ws/install/vision_control:/home/mario/master_ws/install/moveit_task_constructor_demo:/home/mario/master_ws/install/estun_control:/home/mario/master_ws/install/estun_moveit:/opt/ros/jazzy/opt/gz_sim_vendor:/opt/ros/jazzy/opt/gz_sensors_vendor:/opt/ros/jazzy/opt/gz_physics_vendor:/opt/ros/jazzy/opt/sdformat_vendor:/opt/ros/jazzy/opt/gz_gui_vendor:/opt/ros/jazzy/opt/gz_transport_vendor:/opt/ros/jazzy/opt/gz_rendering_vendor:/opt/ros/jazzy/opt/gz_plugin_vendor:/opt/ros/jazzy/opt/gz_fuel_tools_vendor:/opt/ros/jazzy/opt/gz_msgs_vendor:/opt/ros/jazzy/opt/gz_common_vendor:/opt/ros/jazzy/opt/gz_math_vendor:/opt/ros/jazzy/opt/gz_utils_vendor:/opt/ros/jazzy/opt/gz_tools_vendor:/opt/ros/jazzy/opt/gz_ogre_next_vendor:/opt/ros/jazzy/opt/gz_dartsim_vendor:/opt/ros/jazzy/opt/gz_cmake_vendor:/home/mario/master_ws/install/estun_description:/opt/ros/jazzy DEBUGINFOD_URLS=https://debuginfod.ubuntu.com LD_LIBRARY_PATH=/home/mario/master_ws/install/moveit_task_constructor_visualization/lib:/home/mario/master_ws/install/moveit_task_constructor_capabilities/lib:/home/mario/master_ws/install/moveit_task_constructor_core/lib:/home/mario/master_ws/install/rviz_marker_tools/lib:/home/mario/master_ws/install/moveit_task_constructor_msgs/lib:/home/mario/master_ws/install/moveit_task_constructor_demo/lib:/opt/ros/jazzy/opt/gz_sim_vendor/lib:/opt/ros/jazzy/opt/gz_sensors_vendor/lib:/opt/ros/jazzy/opt/gz_physics_vendor/lib:/opt/ros/jazzy/opt/sdformat_vendor/lib:/opt/ros/jazzy/opt/rviz_ogre_vendor/lib:/opt/ros/jazzy/lib/x86_64-linux-gnu:/opt/ros/jazzy/opt/gz_gui_vendor/lib:/opt/ros/jazzy/opt/gz_transport_vendor/lib:/opt/ros/jazzy/opt/gz_rendering_vendor/lib:/opt/ros/jazzy/opt/gz_plugin_vendor/lib:/opt/ros/jazzy/opt/gz_fuel_tools_vendor/lib:/opt/ros/jazzy/opt/gz_msgs_vendor/lib:/opt/ros/jazzy/opt/gz_common_vendor/lib:/opt/ros/jazzy/opt/gz_math_vendor/lib:/opt/ros/jazzy/opt/gz_utils_vendor/lib:/opt/ros/jazzy/opt/gz_tools_vendor/lib:/opt/ros/jazzy/opt/gz_ogre_next_vendor/lib:/opt/ros/jazzy/opt/gz_dartsim_vendor/lib:/opt/ros/jazzy/opt/gz_cmake_vendor/lib:/opt/ros/jazzy/lib /usr/bin/cmake --install /home/mario/master_ws/build/moveit_task_constructor_demo
[2.609s] Level 1:colcon.colcon_core.environment:checking '/home/mario/master_ws/install/moveit_task_constructor_demo' for CMake config files
[2.609s] Level 1:colcon.colcon_core.shell:create_environment_hook('moveit_task_constructor_demo', 'cmake_prefix_path')
[2.609s] INFO:colcon.colcon_core.shell:Creating environment hook '/home/mario/master_ws/install/moveit_task_constructor_demo/share/moveit_task_constructor_demo/hook/cmake_prefix_path.ps1'
[2.610s] INFO:colcon.colcon_core.shell:Creating environment descriptor '/home/mario/master_ws/install/moveit_task_constructor_demo/share/moveit_task_constructor_demo/hook/cmake_prefix_path.dsv'
[2.610s] INFO:colcon.colcon_core.shell:Creating environment hook '/home/mario/master_ws/install/moveit_task_constructor_demo/share/moveit_task_constructor_demo/hook/cmake_prefix_path.sh'
[2.611s] Level 1:colcon.colcon_core.environment:checking '/home/mario/master_ws/install/moveit_task_constructor_demo/lib'
[2.611s] Level 1:colcon.colcon_core.shell:create_environment_hook('moveit_task_constructor_demo', 'ld_library_path_lib')
[2.611s] INFO:colcon.colcon_core.shell:Creating environment hook '/home/mario/master_ws/install/moveit_task_constructor_demo/share/moveit_task_constructor_demo/hook/ld_library_path_lib.ps1'
[2.611s] INFO:colcon.colcon_core.shell:Creating environment descriptor '/home/mario/master_ws/install/moveit_task_constructor_demo/share/moveit_task_constructor_demo/hook/ld_library_path_lib.dsv'
[2.612s] INFO:colcon.colcon_core.shell:Creating environment hook '/home/mario/master_ws/install/moveit_task_constructor_demo/share/moveit_task_constructor_demo/hook/ld_library_path_lib.sh'
[2.612s] Level 1:colcon.colcon_core.environment:checking '/home/mario/master_ws/install/moveit_task_constructor_demo/bin'
[2.612s] Level 1:colcon.colcon_core.environment:checking '/home/mario/master_ws/install/moveit_task_constructor_demo/lib/pkgconfig/moveit_task_constructor_demo.pc'
[2.612s] Level 1:colcon.colcon_core.environment:checking '/home/mario/master_ws/install/moveit_task_constructor_demo/lib/python3.12/site-packages'
[2.613s] Level 1:colcon.colcon_core.environment:checking '/home/mario/master_ws/install/moveit_task_constructor_demo/bin'
[2.613s] INFO:colcon.colcon_core.shell:Creating package script '/home/mario/master_ws/install/moveit_task_constructor_demo/share/moveit_task_constructor_demo/package.ps1'
[2.614s] INFO:colcon.colcon_core.shell:Creating package descriptor '/home/mario/master_ws/install/moveit_task_constructor_demo/share/moveit_task_constructor_demo/package.dsv'
[2.614s] INFO:colcon.colcon_core.shell:Creating package script '/home/mario/master_ws/install/moveit_task_constructor_demo/share/moveit_task_constructor_demo/package.sh'
[2.614s] INFO:colcon.colcon_core.shell:Creating package script '/home/mario/master_ws/install/moveit_task_constructor_demo/share/moveit_task_constructor_demo/package.bash'
[2.615s] INFO:colcon.colcon_core.shell:Creating package script '/home/mario/master_ws/install/moveit_task_constructor_demo/share/moveit_task_constructor_demo/package.zsh'
[2.615s] Level 1:colcon.colcon_core.environment:create_file_with_runtime_dependencies(/home/mario/master_ws/install/moveit_task_constructor_demo/share/colcon-core/packages/moveit_task_constructor_demo)
[2.616s] Level 1:colcon.colcon_core.environment:create_environment_scripts_only(moveit_task_constructor_demo)
[2.616s] Level 1:colcon.colcon_core.environment:checking '/home/mario/master_ws/install/moveit_task_constructor_demo' for CMake module files
[2.617s] Level 1:colcon.colcon_core.environment:checking '/home/mario/master_ws/install/moveit_task_constructor_demo' for CMake config files
[2.617s] Level 1:colcon.colcon_core.shell:create_environment_hook('moveit_task_constructor_demo', 'cmake_prefix_path')
[2.617s] INFO:colcon.colcon_core.shell:Creating environment hook '/home/mario/master_ws/install/moveit_task_constructor_demo/share/moveit_task_constructor_demo/hook/cmake_prefix_path.ps1'
[2.617s] INFO:colcon.colcon_core.shell:Creating environment descriptor '/home/mario/master_ws/install/moveit_task_constructor_demo/share/moveit_task_constructor_demo/hook/cmake_prefix_path.dsv'
[2.618s] INFO:colcon.colcon_core.shell:Creating environment hook '/home/mario/master_ws/install/moveit_task_constructor_demo/share/moveit_task_constructor_demo/hook/cmake_prefix_path.sh'
[2.618s] Level 1:colcon.colcon_core.environment:checking '/home/mario/master_ws/install/moveit_task_constructor_demo/lib'
[2.618s] Level 1:colcon.colcon_core.shell:create_environment_hook('moveit_task_constructor_demo', 'ld_library_path_lib')
[2.618s] INFO:colcon.colcon_core.shell:Creating environment hook '/home/mario/master_ws/install/moveit_task_constructor_demo/share/moveit_task_constructor_demo/hook/ld_library_path_lib.ps1'
[2.619s] INFO:colcon.colcon_core.shell:Creating environment descriptor '/home/mario/master_ws/install/moveit_task_constructor_demo/share/moveit_task_constructor_demo/hook/ld_library_path_lib.dsv'
[2.619s] INFO:colcon.colcon_core.shell:Creating environment hook '/home/mario/master_ws/install/moveit_task_constructor_demo/share/moveit_task_constructor_demo/hook/ld_library_path_lib.sh'
[2.619s] Level 1:colcon.colcon_core.environment:checking '/home/mario/master_ws/install/moveit_task_constructor_demo/bin'
[2.619s] Level 1:colcon.colcon_core.environment:checking '/home/mario/master_ws/install/moveit_task_constructor_demo/lib/pkgconfig/moveit_task_constructor_demo.pc'
[2.620s] Level 1:colcon.colcon_core.environment:checking '/home/mario/master_ws/install/moveit_task_constructor_demo/lib/python3.12/site-packages'
[2.620s] Level 1:colcon.colcon_core.environment:checking '/home/mario/master_ws/install/moveit_task_constructor_demo/bin'
[2.620s] INFO:colcon.colcon_core.shell:Creating package script '/home/mario/master_ws/install/moveit_task_constructor_demo/share/moveit_task_constructor_demo/package.ps1'
[2.621s] INFO:colcon.colcon_core.shell:Creating package descriptor '/home/mario/master_ws/install/moveit_task_constructor_demo/share/moveit_task_constructor_demo/package.dsv'
[2.622s] INFO:colcon.colcon_core.shell:Creating package script '/home/mario/master_ws/install/moveit_task_constructor_demo/share/moveit_task_constructor_demo/package.sh'
[2.622s] INFO:colcon.colcon_core.shell:Creating package script '/home/mario/master_ws/install/moveit_task_constructor_demo/share/moveit_task_constructor_demo/package.bash'
[2.622s] INFO:colcon.colcon_core.shell:Creating package script '/home/mario/master_ws/install/moveit_task_constructor_demo/share/moveit_task_constructor_demo/package.zsh'
[2.623s] Level 1:colcon.colcon_core.environment:create_file_with_runtime_dependencies(/home/mario/master_ws/install/moveit_task_constructor_demo/share/colcon-core/packages/moveit_task_constructor_demo)
[29.578s] DEBUG:colcon.colcon_core.event_handler.log_command:Invoked command in '/home/mario/master_ws/build/vision_control' returned '0': CMAKE_PREFIX_PATH=${CMAKE_PREFIX_PATH}:/home/mario/master_ws/install/estun_description:/opt/ros/jazzy DEBUGINFOD_URLS=https://debuginfod.ubuntu.com /usr/bin/cmake --build /home/mario/master_ws/build/vision_control -- -j12 -l12
[29.579s] DEBUG:colcon.colcon_core.event_handler.log_command:Invoking command in '/home/mario/master_ws/build/vision_control': CMAKE_PREFIX_PATH=${CMAKE_PREFIX_PATH}:/home/mario/master_ws/install/estun_description:/opt/ros/jazzy DEBUGINFOD_URLS=https://debuginfod.ubuntu.com /usr/bin/cmake --install /home/mario/master_ws/build/vision_control
[29.605s] Level 1:colcon.colcon_core.environment:create_environment_scripts_only(vision_control)
[29.605s] Level 1:colcon.colcon_core.environment:checking '/home/mario/master_ws/install/vision_control' for CMake module files
[29.606s] DEBUG:colcon.colcon_core.event_handler.log_command:Invoked command in '/home/mario/master_ws/build/vision_control' returned '0': CMAKE_PREFIX_PATH=${CMAKE_PREFIX_PATH}:/home/mario/master_ws/install/estun_description:/opt/ros/jazzy DEBUGINFOD_URLS=https://debuginfod.ubuntu.com /usr/bin/cmake --install /home/mario/master_ws/build/vision_control
[29.606s] Level 1:colcon.colcon_core.environment:checking '/home/mario/master_ws/install/vision_control' for CMake config files
[29.606s] Level 1:colcon.colcon_core.shell:create_environment_hook('vision_control', 'cmake_prefix_path')
[29.606s] INFO:colcon.colcon_core.shell:Creating environment hook '/home/mario/master_ws/install/vision_control/share/vision_control/hook/cmake_prefix_path.ps1'
[29.607s] INFO:colcon.colcon_core.shell:Creating environment descriptor '/home/mario/master_ws/install/vision_control/share/vision_control/hook/cmake_prefix_path.dsv'
[29.607s] INFO:colcon.colcon_core.shell:Creating environment hook '/home/mario/master_ws/install/vision_control/share/vision_control/hook/cmake_prefix_path.sh'
[29.608s] Level 1:colcon.colcon_core.environment:checking '/home/mario/master_ws/install/vision_control/lib'
[29.608s] Level 1:colcon.colcon_core.environment:checking '/home/mario/master_ws/install/vision_control/bin'
[29.608s] Level 1:colcon.colcon_core.environment:checking '/home/mario/master_ws/install/vision_control/lib/pkgconfig/vision_control.pc'
[29.608s] Level 1:colcon.colcon_core.environment:checking '/home/mario/master_ws/install/vision_control/lib/python3.12/site-packages'
[29.608s] Level 1:colcon.colcon_core.environment:checking '/home/mario/master_ws/install/vision_control/bin'
[29.608s] INFO:colcon.colcon_core.shell:Creating package script '/home/mario/master_ws/install/vision_control/share/vision_control/package.ps1'
[29.609s] INFO:colcon.colcon_core.shell:Creating package descriptor '/home/mario/master_ws/install/vision_control/share/vision_control/package.dsv'
[29.609s] INFO:colcon.colcon_core.shell:Creating package script '/home/mario/master_ws/install/vision_control/share/vision_control/package.sh'
[29.610s] INFO:colcon.colcon_core.shell:Creating package script '/home/mario/master_ws/install/vision_control/share/vision_control/package.bash'
[29.610s] INFO:colcon.colcon_core.shell:Creating package script '/home/mario/master_ws/install/vision_control/share/vision_control/package.zsh'
[29.610s] Level 1:colcon.colcon_core.environment:create_file_with_runtime_dependencies(/home/mario/master_ws/install/vision_control/share/colcon-core/packages/vision_control)
[29.611s] Level 1:colcon.colcon_core.environment:create_environment_scripts_only(vision_control)
[29.611s] Level 1:colcon.colcon_core.environment:checking '/home/mario/master_ws/install/vision_control' for CMake module files
[29.611s] Level 1:colcon.colcon_core.environment:checking '/home/mario/master_ws/install/vision_control' for CMake config files
[29.611s] Level 1:colcon.colcon_core.shell:create_environment_hook('vision_control', 'cmake_prefix_path')
[29.611s] INFO:colcon.colcon_core.shell:Creating environment hook '/home/mario/master_ws/install/vision_control/share/vision_control/hook/cmake_prefix_path.ps1'
[29.612s] INFO:colcon.colcon_core.shell:Creating environment descriptor '/home/mario/master_ws/install/vision_control/share/vision_control/hook/cmake_prefix_path.dsv'
[29.612s] INFO:colcon.colcon_core.shell:Creating environment hook '/home/mario/master_ws/install/vision_control/share/vision_control/hook/cmake_prefix_path.sh'
[29.613s] Level 1:colcon.colcon_core.environment:checking '/home/mario/master_ws/install/vision_control/lib'
[29.613s] Level 1:colcon.colcon_core.environment:checking '/home/mario/master_ws/install/vision_control/bin'
[29.613s] Level 1:colcon.colcon_core.environment:checking '/home/mario/master_ws/install/vision_control/lib/pkgconfig/vision_control.pc'
[29.613s] Level 1:colcon.colcon_core.environment:checking '/home/mario/master_ws/install/vision_control/lib/python3.12/site-packages'
[29.613s] Level 1:colcon.colcon_core.environment:checking '/home/mario/master_ws/install/vision_control/bin'
[29.613s] INFO:colcon.colcon_core.shell:Creating package script '/home/mario/master_ws/install/vision_control/share/vision_control/package.ps1'
[29.614s] INFO:colcon.colcon_core.shell:Creating package descriptor '/home/mario/master_ws/install/vision_control/share/vision_control/package.dsv'
[29.614s] INFO:colcon.colcon_core.shell:Creating package script '/home/mario/master_ws/install/vision_control/share/vision_control/package.sh'
[29.615s] INFO:colcon.colcon_core.shell:Creating package script '/home/mario/master_ws/install/vision_control/share/vision_control/package.bash'
[29.615s] INFO:colcon.colcon_core.shell:Creating package script '/home/mario/master_ws/install/vision_control/share/vision_control/package.zsh'
[29.615s] Level 1:colcon.colcon_core.environment:create_file_with_runtime_dependencies(/home/mario/master_ws/install/vision_control/share/colcon-core/packages/vision_control)
[29.615s] DEBUG:colcon.colcon_parallel_executor.executor.parallel:closing loop
[29.616s] DEBUG:colcon.colcon_parallel_executor.executor.parallel:loop closed
[29.616s] DEBUG:colcon.colcon_parallel_executor.executor.parallel:run_until_complete finished with '0'
[29.616s] DEBUG:colcon.colcon_core.event_reactor:joining thread
[29.623s] INFO:colcon.colcon_core.plugin_system:Skipping extension 'colcon_notification.desktop_notification.terminal_notifier': Not used on non-Darwin systems
[29.623s] INFO:colcon.colcon_core.plugin_system:Skipping extension 'colcon_notification.desktop_notification.win32': Not used on non-Windows systems
[29.623s] INFO:colcon.colcon_notification.desktop_notification:Sending desktop notification using 'notify2'
[29.634s] DEBUG:colcon.colcon_core.event_reactor:joined thread
[29.634s] INFO:colcon.colcon_core.shell:Creating prefix script '/home/mario/master_ws/install/local_setup.ps1'
[29.636s] INFO:colcon.colcon_core.shell:Creating prefix util module '/home/mario/master_ws/install/_local_setup_util_ps1.py'
[29.637s] INFO:colcon.colcon_core.shell:Creating prefix chain script '/home/mario/master_ws/install/setup.ps1'
[29.638s] INFO:colcon.colcon_core.shell:Creating prefix script '/home/mario/master_ws/install/local_setup.sh'
[29.638s] INFO:colcon.colcon_core.shell:Creating prefix util module '/home/mario/master_ws/install/_local_setup_util_sh.py'
[29.639s] INFO:colcon.colcon_core.shell:Creating prefix chain script '/home/mario/master_ws/install/setup.sh'
[29.640s] INFO:colcon.colcon_core.shell:Creating prefix script '/home/mario/master_ws/install/local_setup.bash'
[29.641s] INFO:colcon.colcon_core.shell:Creating prefix chain script '/home/mario/master_ws/install/setup.bash'
[29.642s] INFO:colcon.colcon_core.shell:Creating prefix script '/home/mario/master_ws/install/local_setup.zsh'
[29.642s] INFO:colcon.colcon_core.shell:Creating prefix chain script '/home/mario/master_ws/install/setup.zsh'
