[0.109s] DEBUG:colcon:Command line arguments: ['/usr/bin/colcon', 'build']
[0.109s] DEBUG:colcon:Parsed command line arguments: Namespace(log_base=None, log_level=None, verb_name='build', build_base='build', install_base='install', merge_install=False, symlink_install=False, test_result_base=None, continue_on_error=False, executor='parallel', parallel_workers=12, event_handlers=None, ignore_user_meta=False, metas=['./colcon.meta'], base_paths=['.'], packages_ignore=None, packages_ignore_regex=None, paths=None, packages_up_to=None, packages_up_to_regex=None, packages_above=None, packages_above_and_dependencies=None, packages_above_depth=None, packages_select_by_dep=None, packages_skip_by_dep=None, packages_skip_up_to=None, packages_select_build_failed=False, packages_skip_build_finished=False, packages_select_test_failures=False, packages_skip_test_passed=False, packages_select=None, packages_skip=None, packages_select_regex=None, packages_skip_regex=None, packages_start=None, packages_end=None, allow_overriding=[], cmake_args=None, cmake_target=None, cmake_target_skip_unavailable=False, cmake_clean_cache=False, cmake_clean_first=False, cmake_force_configure=False, ament_cmake_args=None, catkin_cmake_args=None, catkin_skip_building_tests=False, mixin_files=None, mixin=None, verb_parser=<colcon_mixin.mixin.mixin_argument.MixinArgumentDecorator object at 0x7aa42f7af290>, verb_extension=<colcon_core.verb.build.BuildVerb object at 0x7aa42f6d3e30>, main=<bound method BuildVerb.main of <colcon_core.verb.build.BuildVerb object at 0x7aa42f6d3e30>>, mixin_verb=('build',))
[0.140s] Level 1:colcon.colcon_core.package_discovery:discover_packages(colcon_meta) check parameters
[0.140s] Level 1:colcon.colcon_core.package_discovery:discover_packages(recursive) check parameters
[0.140s] Level 1:colcon.colcon_core.package_discovery:discover_packages(ignore) check parameters
[0.140s] Level 1:colcon.colcon_core.package_discovery:discover_packages(path) check parameters
[0.140s] Level 1:colcon.colcon_core.package_discovery:discover_packages(colcon_meta) discover
[0.140s] Level 1:colcon.colcon_core.package_discovery:discover_packages(recursive) discover
[0.140s] INFO:colcon.colcon_core.package_discovery:Crawling recursively for packages in '/home/mario/master_ws'
[0.140s] Level 1:colcon.colcon_core.package_identification:_identify(.) by extensions ['ignore', 'ignore_ament_install']
[0.140s] Level 1:colcon.colcon_core.package_identification:_identify(.) by extension 'ignore'
[0.141s] Level 1:colcon.colcon_core.package_identification:_identify(.) by extension 'ignore_ament_install'
[0.141s] Level 1:colcon.colcon_core.package_identification:_identify(.) by extensions ['colcon_pkg']
[0.141s] Level 1:colcon.colcon_core.package_identification:_identify(.) by extension 'colcon_pkg'
[0.141s] Level 1:colcon.colcon_core.package_identification:_identify(.) by extensions ['colcon_meta']
[0.141s] Level 1:colcon.colcon_core.package_identification:_identify(.) by extension 'colcon_meta'
[0.141s] Level 1:colcon.colcon_core.package_identification:_identify(.) by extensions ['ros']
[0.141s] Level 1:colcon.colcon_core.package_identification:_identify(.) by extension 'ros'
[0.160s] Level 1:colcon.colcon_core.package_identification:_identify(.) by extensions ['cmake', 'python']
[0.160s] Level 1:colcon.colcon_core.package_identification:_identify(.) by extension 'cmake'
[0.160s] Level 1:colcon.colcon_core.package_identification:_identify(.) by extension 'python'
[0.161s] Level 1:colcon.colcon_core.package_identification:_identify(.) by extensions ['python_setup_py']
[0.161s] Level 1:colcon.colcon_core.package_identification:_identify(.) by extension 'python_setup_py'
[0.161s] Level 1:colcon.colcon_core.package_identification:_identify(build) by extensions ['ignore', 'ignore_ament_install']
[0.161s] Level 1:colcon.colcon_core.package_identification:_identify(build) by extension 'ignore'
[0.161s] Level 1:colcon.colcon_core.package_identification:_identify(build) ignored
[0.161s] Level 1:colcon.colcon_core.package_identification:_identify(install) by extensions ['ignore', 'ignore_ament_install']
[0.161s] Level 1:colcon.colcon_core.package_identification:_identify(install) by extension 'ignore'
[0.161s] Level 1:colcon.colcon_core.package_identification:_identify(install) ignored
[0.161s] Level 1:colcon.colcon_core.package_identification:_identify(log) by extensions ['ignore', 'ignore_ament_install']
[0.161s] Level 1:colcon.colcon_core.package_identification:_identify(log) by extension 'ignore'
[0.161s] Level 1:colcon.colcon_core.package_identification:_identify(log) ignored
[0.161s] Level 1:colcon.colcon_core.package_identification:_identify(src) by extensions ['ignore', 'ignore_ament_install']
[0.161s] Level 1:colcon.colcon_core.package_identification:_identify(src) by extension 'ignore'
[0.161s] Level 1:colcon.colcon_core.package_identification:_identify(src) by extension 'ignore_ament_install'
[0.161s] Level 1:colcon.colcon_core.package_identification:_identify(src) by extensions ['colcon_pkg']
[0.161s] Level 1:colcon.colcon_core.package_identification:_identify(src) by extension 'colcon_pkg'
[0.161s] Level 1:colcon.colcon_core.package_identification:_identify(src) by extensions ['colcon_meta']
[0.162s] Level 1:colcon.colcon_core.package_identification:_identify(src) by extension 'colcon_meta'
[0.162s] Level 1:colcon.colcon_core.package_identification:_identify(src) by extensions ['ros']
[0.162s] Level 1:colcon.colcon_core.package_identification:_identify(src) by extension 'ros'
[0.162s] Level 1:colcon.colcon_core.package_identification:_identify(src) by extensions ['cmake', 'python']
[0.162s] Level 1:colcon.colcon_core.package_identification:_identify(src) by extension 'cmake'
[0.162s] Level 1:colcon.colcon_core.package_identification:_identify(src) by extension 'python'
[0.162s] Level 1:colcon.colcon_core.package_identification:_identify(src) by extensions ['python_setup_py']
[0.162s] Level 1:colcon.colcon_core.package_identification:_identify(src) by extension 'python_setup_py'
[0.162s] Level 1:colcon.colcon_core.package_identification:_identify(src/estun_control) by extensions ['ignore', 'ignore_ament_install']
[0.162s] Level 1:colcon.colcon_core.package_identification:_identify(src/estun_control) by extension 'ignore'
[0.162s] Level 1:colcon.colcon_core.package_identification:_identify(src/estun_control) by extension 'ignore_ament_install'
[0.162s] Level 1:colcon.colcon_core.package_identification:_identify(src/estun_control) by extensions ['colcon_pkg']
[0.162s] Level 1:colcon.colcon_core.package_identification:_identify(src/estun_control) by extension 'colcon_pkg'
[0.162s] Level 1:colcon.colcon_core.package_identification:_identify(src/estun_control) by extensions ['colcon_meta']
[0.162s] Level 1:colcon.colcon_core.package_identification:_identify(src/estun_control) by extension 'colcon_meta'
[0.162s] Level 1:colcon.colcon_core.package_identification:_identify(src/estun_control) by extensions ['ros']
[0.162s] Level 1:colcon.colcon_core.package_identification:_identify(src/estun_control) by extension 'ros'
[0.164s] DEBUG:colcon.colcon_core.package_identification:Package 'src/estun_control' with type 'ros.ament_cmake' and name 'estun_control'
[0.164s] Level 1:colcon.colcon_core.package_identification:_identify(src/estun_description) by extensions ['ignore', 'ignore_ament_install']
[0.164s] Level 1:colcon.colcon_core.package_identification:_identify(src/estun_description) by extension 'ignore'
[0.164s] Level 1:colcon.colcon_core.package_identification:_identify(src/estun_description) by extension 'ignore_ament_install'
[0.165s] Level 1:colcon.colcon_core.package_identification:_identify(src/estun_description) by extensions ['colcon_pkg']
[0.165s] Level 1:colcon.colcon_core.package_identification:_identify(src/estun_description) by extension 'colcon_pkg'
[0.165s] Level 1:colcon.colcon_core.package_identification:_identify(src/estun_description) by extensions ['colcon_meta']
[0.165s] Level 1:colcon.colcon_core.package_identification:_identify(src/estun_description) by extension 'colcon_meta'
[0.165s] Level 1:colcon.colcon_core.package_identification:_identify(src/estun_description) by extensions ['ros']
[0.165s] Level 1:colcon.colcon_core.package_identification:_identify(src/estun_description) by extension 'ros'
[0.165s] DEBUG:colcon.colcon_core.package_identification:Package 'src/estun_description' with type 'ros.ament_python' and name 'estun_description'
[0.165s] Level 1:colcon.colcon_core.package_identification:_identify(src/estun_moveit) by extensions ['ignore', 'ignore_ament_install']
[0.165s] Level 1:colcon.colcon_core.package_identification:_identify(src/estun_moveit) by extension 'ignore'
[0.165s] Level 1:colcon.colcon_core.package_identification:_identify(src/estun_moveit) by extension 'ignore_ament_install'
[0.165s] Level 1:colcon.colcon_core.package_identification:_identify(src/estun_moveit) by extensions ['colcon_pkg']
[0.165s] Level 1:colcon.colcon_core.package_identification:_identify(src/estun_moveit) by extension 'colcon_pkg'
[0.165s] Level 1:colcon.colcon_core.package_identification:_identify(src/estun_moveit) by extensions ['colcon_meta']
[0.165s] Level 1:colcon.colcon_core.package_identification:_identify(src/estun_moveit) by extension 'colcon_meta'
[0.165s] Level 1:colcon.colcon_core.package_identification:_identify(src/estun_moveit) by extensions ['ros']
[0.166s] Level 1:colcon.colcon_core.package_identification:_identify(src/estun_moveit) by extension 'ros'
[0.166s] DEBUG:colcon.colcon_core.package_identification:Package 'src/estun_moveit' with type 'ros.ament_cmake' and name 'estun_moveit'
[0.166s] Level 1:colcon.colcon_core.package_identification:_identify(src/moveit_task_constructor) by extensions ['ignore', 'ignore_ament_install']
[0.166s] Level 1:colcon.colcon_core.package_identification:_identify(src/moveit_task_constructor) by extension 'ignore'
[0.166s] Level 1:colcon.colcon_core.package_identification:_identify(src/moveit_task_constructor) by extension 'ignore_ament_install'
[0.166s] Level 1:colcon.colcon_core.package_identification:_identify(src/moveit_task_constructor) by extensions ['colcon_pkg']
[0.166s] Level 1:colcon.colcon_core.package_identification:_identify(src/moveit_task_constructor) by extension 'colcon_pkg'
[0.166s] Level 1:colcon.colcon_core.package_identification:_identify(src/moveit_task_constructor) by extensions ['colcon_meta']
[0.166s] Level 1:colcon.colcon_core.package_identification:_identify(src/moveit_task_constructor) by extension 'colcon_meta'
[0.166s] Level 1:colcon.colcon_core.package_identification:_identify(src/moveit_task_constructor) by extensions ['ros']
[0.166s] Level 1:colcon.colcon_core.package_identification:_identify(src/moveit_task_constructor) by extension 'ros'
[0.167s] Level 1:colcon.colcon_core.package_identification:_identify(src/moveit_task_constructor) by extensions ['cmake', 'python']
[0.167s] Level 1:colcon.colcon_core.package_identification:_identify(src/moveit_task_constructor) by extension 'cmake'
[0.167s] Level 1:colcon.colcon_core.package_identification:_identify(src/moveit_task_constructor) by extension 'python'
[0.167s] Level 1:colcon.colcon_core.package_identification:_identify(src/moveit_task_constructor) by extensions ['python_setup_py']
[0.167s] Level 1:colcon.colcon_core.package_identification:_identify(src/moveit_task_constructor) by extension 'python_setup_py'
[0.167s] Level 1:colcon.colcon_core.package_identification:_identify(src/moveit_task_constructor/capabilities) by extensions ['ignore', 'ignore_ament_install']
[0.167s] Level 1:colcon.colcon_core.package_identification:_identify(src/moveit_task_constructor/capabilities) by extension 'ignore'
[0.167s] Level 1:colcon.colcon_core.package_identification:_identify(src/moveit_task_constructor/capabilities) by extension 'ignore_ament_install'
[0.167s] Level 1:colcon.colcon_core.package_identification:_identify(src/moveit_task_constructor/capabilities) by extensions ['colcon_pkg']
[0.167s] Level 1:colcon.colcon_core.package_identification:_identify(src/moveit_task_constructor/capabilities) by extension 'colcon_pkg'
[0.167s] Level 1:colcon.colcon_core.package_identification:_identify(src/moveit_task_constructor/capabilities) by extensions ['colcon_meta']
[0.167s] Level 1:colcon.colcon_core.package_identification:_identify(src/moveit_task_constructor/capabilities) by extension 'colcon_meta'
[0.167s] Level 1:colcon.colcon_core.package_identification:_identify(src/moveit_task_constructor/capabilities) by extensions ['ros']
[0.167s] Level 1:colcon.colcon_core.package_identification:_identify(src/moveit_task_constructor/capabilities) by extension 'ros'
[0.168s] DEBUG:colcon.colcon_core.package_identification:Package 'src/moveit_task_constructor/capabilities' with type 'ros.ament_cmake' and name 'moveit_task_constructor_capabilities'
[0.168s] Level 1:colcon.colcon_core.package_identification:_identify(src/moveit_task_constructor/core) by extensions ['ignore', 'ignore_ament_install']
[0.168s] Level 1:colcon.colcon_core.package_identification:_identify(src/moveit_task_constructor/core) by extension 'ignore'
[0.168s] Level 1:colcon.colcon_core.package_identification:_identify(src/moveit_task_constructor/core) by extension 'ignore_ament_install'
[0.168s] Level 1:colcon.colcon_core.package_identification:_identify(src/moveit_task_constructor/core) by extensions ['colcon_pkg']
[0.168s] Level 1:colcon.colcon_core.package_identification:_identify(src/moveit_task_constructor/core) by extension 'colcon_pkg'
[0.168s] Level 1:colcon.colcon_core.package_identification:_identify(src/moveit_task_constructor/core) by extensions ['colcon_meta']
[0.168s] Level 1:colcon.colcon_core.package_identification:_identify(src/moveit_task_constructor/core) by extension 'colcon_meta'
[0.168s] Level 1:colcon.colcon_core.package_identification:_identify(src/moveit_task_constructor/core) by extensions ['ros']
[0.168s] Level 1:colcon.colcon_core.package_identification:_identify(src/moveit_task_constructor/core) by extension 'ros'
[0.169s] DEBUG:colcon.colcon_core.package_identification:Package 'src/moveit_task_constructor/core' with type 'ros.ament_cmake' and name 'moveit_task_constructor_core'
[0.169s] Level 1:colcon.colcon_core.package_identification:_identify(src/moveit_task_constructor/demo) by extensions ['ignore', 'ignore_ament_install']
[0.169s] Level 1:colcon.colcon_core.package_identification:_identify(src/moveit_task_constructor/demo) by extension 'ignore'
[0.169s] Level 1:colcon.colcon_core.package_identification:_identify(src/moveit_task_constructor/demo) by extension 'ignore_ament_install'
[0.169s] Level 1:colcon.colcon_core.package_identification:_identify(src/moveit_task_constructor/demo) by extensions ['colcon_pkg']
[0.169s] Level 1:colcon.colcon_core.package_identification:_identify(src/moveit_task_constructor/demo) by extension 'colcon_pkg'
[0.169s] Level 1:colcon.colcon_core.package_identification:_identify(src/moveit_task_constructor/demo) by extensions ['colcon_meta']
[0.169s] Level 1:colcon.colcon_core.package_identification:_identify(src/moveit_task_constructor/demo) by extension 'colcon_meta'
[0.169s] Level 1:colcon.colcon_core.package_identification:_identify(src/moveit_task_constructor/demo) by extensions ['ros']
[0.169s] Level 1:colcon.colcon_core.package_identification:_identify(src/moveit_task_constructor/demo) by extension 'ros'
[0.170s] DEBUG:colcon.colcon_core.package_identification:Package 'src/moveit_task_constructor/demo' with type 'ros.ament_cmake' and name 'moveit_task_constructor_demo'
[0.170s] Level 1:colcon.colcon_core.package_identification:_identify(src/moveit_task_constructor/msgs) by extensions ['ignore', 'ignore_ament_install']
[0.170s] Level 1:colcon.colcon_core.package_identification:_identify(src/moveit_task_constructor/msgs) by extension 'ignore'
[0.170s] Level 1:colcon.colcon_core.package_identification:_identify(src/moveit_task_constructor/msgs) by extension 'ignore_ament_install'
[0.170s] Level 1:colcon.colcon_core.package_identification:_identify(src/moveit_task_constructor/msgs) by extensions ['colcon_pkg']
[0.170s] Level 1:colcon.colcon_core.package_identification:_identify(src/moveit_task_constructor/msgs) by extension 'colcon_pkg'
[0.170s] Level 1:colcon.colcon_core.package_identification:_identify(src/moveit_task_constructor/msgs) by extensions ['colcon_meta']
[0.170s] Level 1:colcon.colcon_core.package_identification:_identify(src/moveit_task_constructor/msgs) by extension 'colcon_meta'
[0.170s] Level 1:colcon.colcon_core.package_identification:_identify(src/moveit_task_constructor/msgs) by extensions ['ros']
[0.170s] Level 1:colcon.colcon_core.package_identification:_identify(src/moveit_task_constructor/msgs) by extension 'ros'
[0.171s] DEBUG:colcon.colcon_core.package_identification:Package 'src/moveit_task_constructor/msgs' with type 'ros.ament_cmake' and name 'moveit_task_constructor_msgs'
[0.171s] Level 1:colcon.colcon_core.package_identification:_identify(src/moveit_task_constructor/rviz_marker_tools) by extensions ['ignore', 'ignore_ament_install']
[0.171s] Level 1:colcon.colcon_core.package_identification:_identify(src/moveit_task_constructor/rviz_marker_tools) by extension 'ignore'
[0.171s] Level 1:colcon.colcon_core.package_identification:_identify(src/moveit_task_constructor/rviz_marker_tools) by extension 'ignore_ament_install'
[0.171s] Level 1:colcon.colcon_core.package_identification:_identify(src/moveit_task_constructor/rviz_marker_tools) by extensions ['colcon_pkg']
[0.171s] Level 1:colcon.colcon_core.package_identification:_identify(src/moveit_task_constructor/rviz_marker_tools) by extension 'colcon_pkg'
[0.171s] Level 1:colcon.colcon_core.package_identification:_identify(src/moveit_task_constructor/rviz_marker_tools) by extensions ['colcon_meta']
[0.171s] Level 1:colcon.colcon_core.package_identification:_identify(src/moveit_task_constructor/rviz_marker_tools) by extension 'colcon_meta'
[0.171s] Level 1:colcon.colcon_core.package_identification:_identify(src/moveit_task_constructor/rviz_marker_tools) by extensions ['ros']
[0.171s] Level 1:colcon.colcon_core.package_identification:_identify(src/moveit_task_constructor/rviz_marker_tools) by extension 'ros'
[0.172s] DEBUG:colcon.colcon_core.package_identification:Package 'src/moveit_task_constructor/rviz_marker_tools' with type 'ros.ament_cmake' and name 'rviz_marker_tools'
[0.172s] Level 1:colcon.colcon_core.package_identification:_identify(src/moveit_task_constructor/visualization) by extensions ['ignore', 'ignore_ament_install']
[0.172s] Level 1:colcon.colcon_core.package_identification:_identify(src/moveit_task_constructor/visualization) by extension 'ignore'
[0.172s] Level 1:colcon.colcon_core.package_identification:_identify(src/moveit_task_constructor/visualization) by extension 'ignore_ament_install'
[0.172s] Level 1:colcon.colcon_core.package_identification:_identify(src/moveit_task_constructor/visualization) by extensions ['colcon_pkg']
[0.172s] Level 1:colcon.colcon_core.package_identification:_identify(src/moveit_task_constructor/visualization) by extension 'colcon_pkg'
[0.172s] Level 1:colcon.colcon_core.package_identification:_identify(src/moveit_task_constructor/visualization) by extensions ['colcon_meta']
[0.172s] Level 1:colcon.colcon_core.package_identification:_identify(src/moveit_task_constructor/visualization) by extension 'colcon_meta'
[0.172s] Level 1:colcon.colcon_core.package_identification:_identify(src/moveit_task_constructor/visualization) by extensions ['ros']
[0.172s] Level 1:colcon.colcon_core.package_identification:_identify(src/moveit_task_constructor/visualization) by extension 'ros'
[0.173s] DEBUG:colcon.colcon_core.package_identification:Package 'src/moveit_task_constructor/visualization' with type 'ros.ament_cmake' and name 'moveit_task_constructor_visualization'
[0.173s] Level 1:colcon.colcon_core.package_identification:_identify(src/vision_control) by extensions ['ignore', 'ignore_ament_install']
[0.173s] Level 1:colcon.colcon_core.package_identification:_identify(src/vision_control) by extension 'ignore'
[0.173s] Level 1:colcon.colcon_core.package_identification:_identify(src/vision_control) by extension 'ignore_ament_install'
[0.173s] Level 1:colcon.colcon_core.package_identification:_identify(src/vision_control) by extensions ['colcon_pkg']
[0.173s] Level 1:colcon.colcon_core.package_identification:_identify(src/vision_control) by extension 'colcon_pkg'
[0.173s] Level 1:colcon.colcon_core.package_identification:_identify(src/vision_control) by extensions ['colcon_meta']
[0.173s] Level 1:colcon.colcon_core.package_identification:_identify(src/vision_control) by extension 'colcon_meta'
[0.173s] Level 1:colcon.colcon_core.package_identification:_identify(src/vision_control) by extensions ['ros']
[0.173s] Level 1:colcon.colcon_core.package_identification:_identify(src/vision_control) by extension 'ros'
[0.173s] DEBUG:colcon.colcon_core.package_identification:Package 'src/vision_control' with type 'ros.ament_cmake' and name 'vision_control'
[0.173s] Level 1:colcon.colcon_core.package_discovery:discover_packages(recursive) using defaults
[0.173s] Level 1:colcon.colcon_core.package_discovery:discover_packages(ignore) discover
[0.173s] Level 1:colcon.colcon_core.package_discovery:discover_packages(ignore) using defaults
[0.173s] Level 1:colcon.colcon_core.package_discovery:discover_packages(path) discover
[0.174s] Level 1:colcon.colcon_core.package_discovery:discover_packages(path) using defaults
[0.190s] Level 1:colcon.colcon_core.package_discovery:discover_packages(prefix_path) check parameters
[0.190s] Level 1:colcon.colcon_core.package_discovery:discover_packages(prefix_path) discover
[0.192s] DEBUG:colcon.colcon_installed_package_information.package_discovery:Found 10 installed packages in /home/mario/master_ws/install
[0.194s] DEBUG:colcon.colcon_installed_package_information.package_discovery:Found 542 installed packages in /opt/ros/jazzy
[0.195s] Level 1:colcon.colcon_core.package_discovery:discover_packages(prefix_path) using defaults
[0.267s] Level 5:colcon.colcon_core.verb:set package 'estun_description' build argument 'cmake_args' from command line to 'None'
[0.267s] Level 5:colcon.colcon_core.verb:set package 'estun_description' build argument 'cmake_target' from command line to 'None'
[0.267s] Level 5:colcon.colcon_core.verb:set package 'estun_description' build argument 'cmake_target_skip_unavailable' from command line to 'False'
[0.267s] Level 5:colcon.colcon_core.verb:set package 'estun_description' build argument 'cmake_clean_cache' from command line to 'False'
[0.267s] Level 5:colcon.colcon_core.verb:set package 'estun_description' build argument 'cmake_clean_first' from command line to 'False'
[0.267s] Level 5:colcon.colcon_core.verb:set package 'estun_description' build argument 'cmake_force_configure' from command line to 'False'
[0.267s] Level 5:colcon.colcon_core.verb:set package 'estun_description' build argument 'ament_cmake_args' from command line to 'None'
[0.267s] Level 5:colcon.colcon_core.verb:set package 'estun_description' build argument 'catkin_cmake_args' from command line to 'None'
[0.267s] Level 5:colcon.colcon_core.verb:set package 'estun_description' build argument 'catkin_skip_building_tests' from command line to 'False'
[0.267s] DEBUG:colcon.colcon_core.verb:Building package 'estun_description' with the following arguments: {'ament_cmake_args': None, 'build_base': '/home/mario/master_ws/build/estun_description', 'catkin_cmake_args': None, 'catkin_skip_building_tests': False, 'cmake_args': None, 'cmake_clean_cache': False, 'cmake_clean_first': False, 'cmake_force_configure': False, 'cmake_target': None, 'cmake_target_skip_unavailable': False, 'install_base': '/home/mario/master_ws/install/estun_description', 'merge_install': False, 'path': '/home/mario/master_ws/src/estun_description', 'symlink_install': False, 'test_result_base': None}
[0.267s] Level 5:colcon.colcon_core.verb:set package 'moveit_task_constructor_msgs' build argument 'cmake_args' from command line to 'None'
[0.267s] Level 5:colcon.colcon_core.verb:set package 'moveit_task_constructor_msgs' build argument 'cmake_target' from command line to 'None'
[0.267s] Level 5:colcon.colcon_core.verb:set package 'moveit_task_constructor_msgs' build argument 'cmake_target_skip_unavailable' from command line to 'False'
[0.268s] Level 5:colcon.colcon_core.verb:set package 'moveit_task_constructor_msgs' build argument 'cmake_clean_cache' from command line to 'False'
[0.268s] Level 5:colcon.colcon_core.verb:set package 'moveit_task_constructor_msgs' build argument 'cmake_clean_first' from command line to 'False'
[0.268s] Level 5:colcon.colcon_core.verb:set package 'moveit_task_constructor_msgs' build argument 'cmake_force_configure' from command line to 'False'
[0.268s] Level 5:colcon.colcon_core.verb:set package 'moveit_task_constructor_msgs' build argument 'ament_cmake_args' from command line to 'None'
[0.268s] Level 5:colcon.colcon_core.verb:set package 'moveit_task_constructor_msgs' build argument 'catkin_cmake_args' from command line to 'None'
[0.268s] Level 5:colcon.colcon_core.verb:set package 'moveit_task_constructor_msgs' build argument 'catkin_skip_building_tests' from command line to 'False'
[0.268s] DEBUG:colcon.colcon_core.verb:Building package 'moveit_task_constructor_msgs' with the following arguments: {'ament_cmake_args': None, 'build_base': '/home/mario/master_ws/build/moveit_task_constructor_msgs', 'catkin_cmake_args': None, 'catkin_skip_building_tests': False, 'cmake_args': None, 'cmake_clean_cache': False, 'cmake_clean_first': False, 'cmake_force_configure': False, 'cmake_target': None, 'cmake_target_skip_unavailable': False, 'install_base': '/home/mario/master_ws/install/moveit_task_constructor_msgs', 'merge_install': False, 'path': '/home/mario/master_ws/src/moveit_task_constructor/msgs', 'symlink_install': False, 'test_result_base': None}
[0.268s] Level 5:colcon.colcon_core.verb:set package 'rviz_marker_tools' build argument 'cmake_args' from command line to 'None'
[0.268s] Level 5:colcon.colcon_core.verb:set package 'rviz_marker_tools' build argument 'cmake_target' from command line to 'None'
[0.268s] Level 5:colcon.colcon_core.verb:set package 'rviz_marker_tools' build argument 'cmake_target_skip_unavailable' from command line to 'False'
[0.268s] Level 5:colcon.colcon_core.verb:set package 'rviz_marker_tools' build argument 'cmake_clean_cache' from command line to 'False'
[0.268s] Level 5:colcon.colcon_core.verb:set package 'rviz_marker_tools' build argument 'cmake_clean_first' from command line to 'False'
[0.268s] Level 5:colcon.colcon_core.verb:set package 'rviz_marker_tools' build argument 'cmake_force_configure' from command line to 'False'
[0.268s] Level 5:colcon.colcon_core.verb:set package 'rviz_marker_tools' build argument 'ament_cmake_args' from command line to 'None'
[0.268s] Level 5:colcon.colcon_core.verb:set package 'rviz_marker_tools' build argument 'catkin_cmake_args' from command line to 'None'
[0.268s] Level 5:colcon.colcon_core.verb:set package 'rviz_marker_tools' build argument 'catkin_skip_building_tests' from command line to 'False'
[0.268s] DEBUG:colcon.colcon_core.verb:Building package 'rviz_marker_tools' with the following arguments: {'ament_cmake_args': None, 'build_base': '/home/mario/master_ws/build/rviz_marker_tools', 'catkin_cmake_args': None, 'catkin_skip_building_tests': False, 'cmake_args': None, 'cmake_clean_cache': False, 'cmake_clean_first': False, 'cmake_force_configure': False, 'cmake_target': None, 'cmake_target_skip_unavailable': False, 'install_base': '/home/mario/master_ws/install/rviz_marker_tools', 'merge_install': False, 'path': '/home/mario/master_ws/src/moveit_task_constructor/rviz_marker_tools', 'symlink_install': False, 'test_result_base': None}
[0.268s] Level 5:colcon.colcon_core.verb:set package 'vision_control' build argument 'cmake_args' from command line to 'None'
[0.268s] Level 5:colcon.colcon_core.verb:set package 'vision_control' build argument 'cmake_target' from command line to 'None'
[0.268s] Level 5:colcon.colcon_core.verb:set package 'vision_control' build argument 'cmake_target_skip_unavailable' from command line to 'False'
[0.268s] Level 5:colcon.colcon_core.verb:set package 'vision_control' build argument 'cmake_clean_cache' from command line to 'False'
[0.268s] Level 5:colcon.colcon_core.verb:set package 'vision_control' build argument 'cmake_clean_first' from command line to 'False'
[0.268s] Level 5:colcon.colcon_core.verb:set package 'vision_control' build argument 'cmake_force_configure' from command line to 'False'
[0.268s] Level 5:colcon.colcon_core.verb:set package 'vision_control' build argument 'ament_cmake_args' from command line to 'None'
[0.268s] Level 5:colcon.colcon_core.verb:set package 'vision_control' build argument 'catkin_cmake_args' from command line to 'None'
[0.268s] Level 5:colcon.colcon_core.verb:set package 'vision_control' build argument 'catkin_skip_building_tests' from command line to 'False'
[0.268s] DEBUG:colcon.colcon_core.verb:Building package 'vision_control' with the following arguments: {'ament_cmake_args': None, 'build_base': '/home/mario/master_ws/build/vision_control', 'catkin_cmake_args': None, 'catkin_skip_building_tests': False, 'cmake_args': None, 'cmake_clean_cache': False, 'cmake_clean_first': False, 'cmake_force_configure': False, 'cmake_target': None, 'cmake_target_skip_unavailable': False, 'install_base': '/home/mario/master_ws/install/vision_control', 'merge_install': False, 'path': '/home/mario/master_ws/src/vision_control', 'symlink_install': False, 'test_result_base': None}
[0.269s] Level 5:colcon.colcon_core.verb:set package 'estun_moveit' build argument 'cmake_args' from command line to 'None'
[0.269s] Level 5:colcon.colcon_core.verb:set package 'estun_moveit' build argument 'cmake_target' from command line to 'None'
[0.269s] Level 5:colcon.colcon_core.verb:set package 'estun_moveit' build argument 'cmake_target_skip_unavailable' from command line to 'False'
[0.269s] Level 5:colcon.colcon_core.verb:set package 'estun_moveit' build argument 'cmake_clean_cache' from command line to 'False'
[0.269s] Level 5:colcon.colcon_core.verb:set package 'estun_moveit' build argument 'cmake_clean_first' from command line to 'False'
[0.269s] Level 5:colcon.colcon_core.verb:set package 'estun_moveit' build argument 'cmake_force_configure' from command line to 'False'
[0.269s] Level 5:colcon.colcon_core.verb:set package 'estun_moveit' build argument 'ament_cmake_args' from command line to 'None'
[0.269s] Level 5:colcon.colcon_core.verb:set package 'estun_moveit' build argument 'catkin_cmake_args' from command line to 'None'
[0.269s] Level 5:colcon.colcon_core.verb:set package 'estun_moveit' build argument 'catkin_skip_building_tests' from command line to 'False'
[0.269s] DEBUG:colcon.colcon_core.verb:Building package 'estun_moveit' with the following arguments: {'ament_cmake_args': None, 'build_base': '/home/mario/master_ws/build/estun_moveit', 'catkin_cmake_args': None, 'catkin_skip_building_tests': False, 'cmake_args': None, 'cmake_clean_cache': False, 'cmake_clean_first': False, 'cmake_force_configure': False, 'cmake_target': None, 'cmake_target_skip_unavailable': False, 'install_base': '/home/mario/master_ws/install/estun_moveit', 'merge_install': False, 'path': '/home/mario/master_ws/src/estun_moveit', 'symlink_install': False, 'test_result_base': None}
[0.269s] Level 5:colcon.colcon_core.verb:set package 'moveit_task_constructor_core' build argument 'cmake_args' from command line to 'None'
[0.269s] Level 5:colcon.colcon_core.verb:set package 'moveit_task_constructor_core' build argument 'cmake_target' from command line to 'None'
[0.269s] Level 5:colcon.colcon_core.verb:set package 'moveit_task_constructor_core' build argument 'cmake_target_skip_unavailable' from command line to 'False'
[0.269s] Level 5:colcon.colcon_core.verb:set package 'moveit_task_constructor_core' build argument 'cmake_clean_cache' from command line to 'False'
[0.269s] Level 5:colcon.colcon_core.verb:set package 'moveit_task_constructor_core' build argument 'cmake_clean_first' from command line to 'False'
[0.269s] Level 5:colcon.colcon_core.verb:set package 'moveit_task_constructor_core' build argument 'cmake_force_configure' from command line to 'False'
[0.269s] Level 5:colcon.colcon_core.verb:set package 'moveit_task_constructor_core' build argument 'ament_cmake_args' from command line to 'None'
[0.269s] Level 5:colcon.colcon_core.verb:set package 'moveit_task_constructor_core' build argument 'catkin_cmake_args' from command line to 'None'
[0.269s] Level 5:colcon.colcon_core.verb:set package 'moveit_task_constructor_core' build argument 'catkin_skip_building_tests' from command line to 'False'
[0.269s] DEBUG:colcon.colcon_core.verb:Building package 'moveit_task_constructor_core' with the following arguments: {'ament_cmake_args': None, 'build_base': '/home/mario/master_ws/build/moveit_task_constructor_core', 'catkin_cmake_args': None, 'catkin_skip_building_tests': False, 'cmake_args': None, 'cmake_clean_cache': False, 'cmake_clean_first': False, 'cmake_force_configure': False, 'cmake_target': None, 'cmake_target_skip_unavailable': False, 'install_base': '/home/mario/master_ws/install/moveit_task_constructor_core', 'merge_install': False, 'path': '/home/mario/master_ws/src/moveit_task_constructor/core', 'symlink_install': False, 'test_result_base': None}
[0.269s] Level 5:colcon.colcon_core.verb:set package 'estun_control' build argument 'cmake_args' from command line to 'None'
[0.269s] Level 5:colcon.colcon_core.verb:set package 'estun_control' build argument 'cmake_target' from command line to 'None'
[0.269s] Level 5:colcon.colcon_core.verb:set package 'estun_control' build argument 'cmake_target_skip_unavailable' from command line to 'False'
[0.269s] Level 5:colcon.colcon_core.verb:set package 'estun_control' build argument 'cmake_clean_cache' from command line to 'False'
[0.269s] Level 5:colcon.colcon_core.verb:set package 'estun_control' build argument 'cmake_clean_first' from command line to 'False'
[0.269s] Level 5:colcon.colcon_core.verb:set package 'estun_control' build argument 'cmake_force_configure' from command line to 'False'
[0.269s] Level 5:colcon.colcon_core.verb:set package 'estun_control' build argument 'ament_cmake_args' from command line to 'None'
[0.269s] Level 5:colcon.colcon_core.verb:set package 'estun_control' build argument 'catkin_cmake_args' from command line to 'None'
[0.269s] Level 5:colcon.colcon_core.verb:set package 'estun_control' build argument 'catkin_skip_building_tests' from command line to 'False'
[0.269s] DEBUG:colcon.colcon_core.verb:Building package 'estun_control' with the following arguments: {'ament_cmake_args': None, 'build_base': '/home/mario/master_ws/build/estun_control', 'catkin_cmake_args': None, 'catkin_skip_building_tests': False, 'cmake_args': None, 'cmake_clean_cache': False, 'cmake_clean_first': False, 'cmake_force_configure': False, 'cmake_target': None, 'cmake_target_skip_unavailable': False, 'install_base': '/home/mario/master_ws/install/estun_control', 'merge_install': False, 'path': '/home/mario/master_ws/src/estun_control', 'symlink_install': False, 'test_result_base': None}
[0.270s] Level 5:colcon.colcon_core.verb:set package 'moveit_task_constructor_capabilities' build argument 'cmake_args' from command line to 'None'
[0.270s] Level 5:colcon.colcon_core.verb:set package 'moveit_task_constructor_capabilities' build argument 'cmake_target' from command line to 'None'
[0.270s] Level 5:colcon.colcon_core.verb:set package 'moveit_task_constructor_capabilities' build argument 'cmake_target_skip_unavailable' from command line to 'False'
[0.270s] Level 5:colcon.colcon_core.verb:set package 'moveit_task_constructor_capabilities' build argument 'cmake_clean_cache' from command line to 'False'
[0.270s] Level 5:colcon.colcon_core.verb:set package 'moveit_task_constructor_capabilities' build argument 'cmake_clean_first' from command line to 'False'
[0.270s] Level 5:colcon.colcon_core.verb:set package 'moveit_task_constructor_capabilities' build argument 'cmake_force_configure' from command line to 'False'
[0.270s] Level 5:colcon.colcon_core.verb:set package 'moveit_task_constructor_capabilities' build argument 'ament_cmake_args' from command line to 'None'
[0.270s] Level 5:colcon.colcon_core.verb:set package 'moveit_task_constructor_capabilities' build argument 'catkin_cmake_args' from command line to 'None'
[0.270s] Level 5:colcon.colcon_core.verb:set package 'moveit_task_constructor_capabilities' build argument 'catkin_skip_building_tests' from command line to 'False'
[0.270s] DEBUG:colcon.colcon_core.verb:Building package 'moveit_task_constructor_capabilities' with the following arguments: {'ament_cmake_args': None, 'build_base': '/home/mario/master_ws/build/moveit_task_constructor_capabilities', 'catkin_cmake_args': None, 'catkin_skip_building_tests': False, 'cmake_args': None, 'cmake_clean_cache': False, 'cmake_clean_first': False, 'cmake_force_configure': False, 'cmake_target': None, 'cmake_target_skip_unavailable': False, 'install_base': '/home/mario/master_ws/install/moveit_task_constructor_capabilities', 'merge_install': False, 'path': '/home/mario/master_ws/src/moveit_task_constructor/capabilities', 'symlink_install': False, 'test_result_base': None}
[0.270s] Level 5:colcon.colcon_core.verb:set package 'moveit_task_constructor_visualization' build argument 'cmake_args' from command line to 'None'
[0.270s] Level 5:colcon.colcon_core.verb:set package 'moveit_task_constructor_visualization' build argument 'cmake_target' from command line to 'None'
[0.270s] Level 5:colcon.colcon_core.verb:set package 'moveit_task_constructor_visualization' build argument 'cmake_target_skip_unavailable' from command line to 'False'
[0.270s] Level 5:colcon.colcon_core.verb:set package 'moveit_task_constructor_visualization' build argument 'cmake_clean_cache' from command line to 'False'
[0.270s] Level 5:colcon.colcon_core.verb:set package 'moveit_task_constructor_visualization' build argument 'cmake_clean_first' from command line to 'False'
[0.270s] Level 5:colcon.colcon_core.verb:set package 'moveit_task_constructor_visualization' build argument 'cmake_force_configure' from command line to 'False'
[0.270s] Level 5:colcon.colcon_core.verb:set package 'moveit_task_constructor_visualization' build argument 'ament_cmake_args' from command line to 'None'
[0.270s] Level 5:colcon.colcon_core.verb:set package 'moveit_task_constructor_visualization' build argument 'catkin_cmake_args' from command line to 'None'
[0.270s] Level 5:colcon.colcon_core.verb:set package 'moveit_task_constructor_visualization' build argument 'catkin_skip_building_tests' from command line to 'False'
[0.270s] DEBUG:colcon.colcon_core.verb:Building package 'moveit_task_constructor_visualization' with the following arguments: {'ament_cmake_args': None, 'build_base': '/home/mario/master_ws/build/moveit_task_constructor_visualization', 'catkin_cmake_args': None, 'catkin_skip_building_tests': False, 'cmake_args': None, 'cmake_clean_cache': False, 'cmake_clean_first': False, 'cmake_force_configure': False, 'cmake_target': None, 'cmake_target_skip_unavailable': False, 'install_base': '/home/mario/master_ws/install/moveit_task_constructor_visualization', 'merge_install': False, 'path': '/home/mario/master_ws/src/moveit_task_constructor/visualization', 'symlink_install': False, 'test_result_base': None}
[0.270s] Level 5:colcon.colcon_core.verb:set package 'moveit_task_constructor_demo' build argument 'cmake_args' from command line to 'None'
[0.270s] Level 5:colcon.colcon_core.verb:set package 'moveit_task_constructor_demo' build argument 'cmake_target' from command line to 'None'
[0.270s] Level 5:colcon.colcon_core.verb:set package 'moveit_task_constructor_demo' build argument 'cmake_target_skip_unavailable' from command line to 'False'
[0.270s] Level 5:colcon.colcon_core.verb:set package 'moveit_task_constructor_demo' build argument 'cmake_clean_cache' from command line to 'False'
[0.270s] Level 5:colcon.colcon_core.verb:set package 'moveit_task_constructor_demo' build argument 'cmake_clean_first' from command line to 'False'
[0.270s] Level 5:colcon.colcon_core.verb:set package 'moveit_task_constructor_demo' build argument 'cmake_force_configure' from command line to 'False'
[0.270s] Level 5:colcon.colcon_core.verb:set package 'moveit_task_constructor_demo' build argument 'ament_cmake_args' from command line to 'None'
[0.270s] Level 5:colcon.colcon_core.verb:set package 'moveit_task_constructor_demo' build argument 'catkin_cmake_args' from command line to 'None'
[0.271s] Level 5:colcon.colcon_core.verb:set package 'moveit_task_constructor_demo' build argument 'catkin_skip_building_tests' from command line to 'False'
[0.271s] DEBUG:colcon.colcon_core.verb:Building package 'moveit_task_constructor_demo' with the following arguments: {'ament_cmake_args': None, 'build_base': '/home/mario/master_ws/build/moveit_task_constructor_demo', 'catkin_cmake_args': None, 'catkin_skip_building_tests': False, 'cmake_args': None, 'cmake_clean_cache': False, 'cmake_clean_first': False, 'cmake_force_configure': False, 'cmake_target': None, 'cmake_target_skip_unavailable': False, 'install_base': '/home/mario/master_ws/install/moveit_task_constructor_demo', 'merge_install': False, 'path': '/home/mario/master_ws/src/moveit_task_constructor/demo', 'symlink_install': False, 'test_result_base': None}
[0.271s] INFO:colcon.colcon_core.executor:Executing jobs using 'parallel' executor
[0.271s] DEBUG:colcon.colcon_parallel_executor.executor.parallel:run_until_complete
[0.272s] INFO:colcon.colcon_ros.task.ament_cmake.build:Building ROS package in '/home/mario/master_ws/src/moveit_task_constructor/msgs' with build type 'ament_cmake'
[0.272s] INFO:colcon.colcon_cmake.task.cmake.build:Building CMake package in '/home/mario/master_ws/src/moveit_task_constructor/msgs'
[0.274s] INFO:colcon.colcon_core.plugin_system:Skipping extension 'colcon_core.shell.bat': Not used on non-Windows systems
[0.274s] INFO:colcon.colcon_core.shell:Skip shell extension 'powershell' for command environment: Not usable outside of PowerShell
[0.274s] DEBUG:colcon.colcon_core.shell:Skip shell extension 'dsv' for command environment
[0.278s] INFO:colcon.colcon_ros.task.ament_cmake.build:Building ROS package in '/home/mario/master_ws/src/moveit_task_constructor/rviz_marker_tools' with build type 'ament_cmake'
[0.278s] INFO:colcon.colcon_cmake.task.cmake.build:Building CMake package in '/home/mario/master_ws/src/moveit_task_constructor/rviz_marker_tools'
[0.278s] INFO:colcon.colcon_core.shell:Skip shell extension 'powershell' for command environment: Not usable outside of PowerShell
[0.278s] DEBUG:colcon.colcon_core.shell:Skip shell extension 'dsv' for command environment
[0.282s] INFO:colcon.colcon_ros.task.ament_python.build:Building ROS package in '/home/mario/master_ws/src/estun_description' with build type 'ament_python'
[0.283s] Level 1:colcon.colcon_core.shell:create_environment_hook('estun_description', 'ament_prefix_path')
[0.283s] INFO:colcon.colcon_core.shell:Creating environment hook '/home/mario/master_ws/install/estun_description/share/estun_description/hook/ament_prefix_path.ps1'
[0.283s] INFO:colcon.colcon_core.shell:Creating environment descriptor '/home/mario/master_ws/install/estun_description/share/estun_description/hook/ament_prefix_path.dsv'
[0.283s] INFO:colcon.colcon_core.shell:Creating environment hook '/home/mario/master_ws/install/estun_description/share/estun_description/hook/ament_prefix_path.sh'
[0.284s] INFO:colcon.colcon_core.shell:Skip shell extension 'powershell' for command environment: Not usable outside of PowerShell
[0.284s] DEBUG:colcon.colcon_core.shell:Skip shell extension 'dsv' for command environment
[0.288s] INFO:colcon.colcon_ros.task.ament_cmake.build:Building ROS package in '/home/mario/master_ws/src/vision_control' with build type 'ament_cmake'
[0.288s] INFO:colcon.colcon_cmake.task.cmake.build:Building CMake package in '/home/mario/master_ws/src/vision_control'
[0.288s] INFO:colcon.colcon_core.shell:Skip shell extension 'powershell' for command environment: Not usable outside of PowerShell
[0.288s] DEBUG:colcon.colcon_core.shell:Skip shell extension 'dsv' for command environment
[0.296s] DEBUG:colcon.colcon_core.event_handler.log_command:Invoking command in '/home/mario/master_ws/build/moveit_task_constructor_msgs': CMAKE_PREFIX_PATH=${CMAKE_PREFIX_PATH}:/home/mario/master_ws/install/estun_description:/opt/ros/jazzy DEBUGINFOD_URLS=https://debuginfod.ubuntu.com /usr/bin/cmake --build /home/mario/master_ws/build/moveit_task_constructor_msgs -- -j12 -l12
[0.297s] DEBUG:colcon.colcon_core.event_handler.log_command:Invoking command in '/home/mario/master_ws/build/rviz_marker_tools': CMAKE_PREFIX_PATH=${CMAKE_PREFIX_PATH}:/home/mario/master_ws/install/estun_description:/opt/ros/jazzy DEBUGINFOD_URLS=https://debuginfod.ubuntu.com /usr/bin/cmake --build /home/mario/master_ws/build/rviz_marker_tools -- -j12 -l12
[0.522s] INFO:colcon.colcon_core.task.python.build:Building Python package in '/home/mario/master_ws/src/estun_description'
[0.522s] INFO:colcon.colcon_core.shell:Skip shell extension 'powershell' for command environment: Not usable outside of PowerShell
[0.522s] DEBUG:colcon.colcon_core.shell:Skip shell extension 'dsv' for command environment
[0.532s] DEBUG:colcon.colcon_core.event_handler.log_command:Invoking command in '/home/mario/master_ws/build/vision_control': CMAKE_PREFIX_PATH=${CMAKE_PREFIX_PATH}:/home/mario/master_ws/install/estun_description:/opt/ros/jazzy DEBUGINFOD_URLS=https://debuginfod.ubuntu.com /usr/bin/cmake --build /home/mario/master_ws/build/vision_control -- -j12 -l12
[0.534s] DEBUG:colcon.colcon_core.event_handler.log_command:Invoked command in '/home/mario/master_ws/build/rviz_marker_tools' returned '0': CMAKE_PREFIX_PATH=${CMAKE_PREFIX_PATH}:/home/mario/master_ws/install/estun_description:/opt/ros/jazzy DEBUGINFOD_URLS=https://debuginfod.ubuntu.com /usr/bin/cmake --build /home/mario/master_ws/build/rviz_marker_tools -- -j12 -l12
[0.549s] DEBUG:colcon.colcon_core.event_handler.log_command:Invoking command in '/home/mario/master_ws/build/rviz_marker_tools': CMAKE_PREFIX_PATH=${CMAKE_PREFIX_PATH}:/home/mario/master_ws/install/estun_description:/opt/ros/jazzy DEBUGINFOD_URLS=https://debuginfod.ubuntu.com /usr/bin/cmake --install /home/mario/master_ws/build/rviz_marker_tools
[0.576s] Level 1:colcon.colcon_core.environment:create_environment_scripts_only(rviz_marker_tools)
[0.579s] Level 1:colcon.colcon_core.environment:checking '/home/mario/master_ws/install/rviz_marker_tools' for CMake module files
[0.579s] Level 1:colcon.colcon_core.environment:checking '/home/mario/master_ws/install/rviz_marker_tools' for CMake config files
[0.583s] Level 1:colcon.colcon_core.shell:create_environment_hook('rviz_marker_tools', 'cmake_prefix_path')
[0.583s] INFO:colcon.colcon_core.shell:Creating environment hook '/home/mario/master_ws/install/rviz_marker_tools/share/rviz_marker_tools/hook/cmake_prefix_path.ps1'
[0.584s] INFO:colcon.colcon_core.shell:Creating environment descriptor '/home/mario/master_ws/install/rviz_marker_tools/share/rviz_marker_tools/hook/cmake_prefix_path.dsv'
[0.585s] INFO:colcon.colcon_core.shell:Creating environment hook '/home/mario/master_ws/install/rviz_marker_tools/share/rviz_marker_tools/hook/cmake_prefix_path.sh'
[0.584s] DEBUG:colcon.colcon_core.event_handler.log_command:Invoked command in '/home/mario/master_ws/build/rviz_marker_tools' returned '0': CMAKE_PREFIX_PATH=${CMAKE_PREFIX_PATH}:/home/mario/master_ws/install/estun_description:/opt/ros/jazzy DEBUGINFOD_URLS=https://debuginfod.ubuntu.com /usr/bin/cmake --install /home/mario/master_ws/build/rviz_marker_tools
[0.586s] Level 1:colcon.colcon_core.environment:checking '/home/mario/master_ws/install/rviz_marker_tools/lib'
[0.586s] Level 1:colcon.colcon_core.shell:create_environment_hook('rviz_marker_tools', 'ld_library_path_lib')
[0.586s] INFO:colcon.colcon_core.shell:Creating environment hook '/home/mario/master_ws/install/rviz_marker_tools/share/rviz_marker_tools/hook/ld_library_path_lib.ps1'
[0.586s] INFO:colcon.colcon_core.shell:Creating environment descriptor '/home/mario/master_ws/install/rviz_marker_tools/share/rviz_marker_tools/hook/ld_library_path_lib.dsv'
[0.587s] INFO:colcon.colcon_core.shell:Creating environment hook '/home/mario/master_ws/install/rviz_marker_tools/share/rviz_marker_tools/hook/ld_library_path_lib.sh'
[0.587s] Level 1:colcon.colcon_core.environment:checking '/home/mario/master_ws/install/rviz_marker_tools/bin'
[0.587s] Level 1:colcon.colcon_core.environment:checking '/home/mario/master_ws/install/rviz_marker_tools/lib/pkgconfig/rviz_marker_tools.pc'
[0.587s] Level 1:colcon.colcon_core.environment:checking '/home/mario/master_ws/install/rviz_marker_tools/lib/python3.12/site-packages'
[0.588s] Level 1:colcon.colcon_core.environment:checking '/home/mario/master_ws/install/rviz_marker_tools/bin'
[0.588s] INFO:colcon.colcon_core.shell:Creating package script '/home/mario/master_ws/install/rviz_marker_tools/share/rviz_marker_tools/package.ps1'
[0.589s] INFO:colcon.colcon_core.shell:Creating package descriptor '/home/mario/master_ws/install/rviz_marker_tools/share/rviz_marker_tools/package.dsv'
[0.590s] INFO:colcon.colcon_core.shell:Creating package script '/home/mario/master_ws/install/rviz_marker_tools/share/rviz_marker_tools/package.sh'
[0.590s] INFO:colcon.colcon_core.shell:Creating package script '/home/mario/master_ws/install/rviz_marker_tools/share/rviz_marker_tools/package.bash'
[0.591s] INFO:colcon.colcon_core.shell:Creating package script '/home/mario/master_ws/install/rviz_marker_tools/share/rviz_marker_tools/package.zsh'
[0.591s] Level 1:colcon.colcon_core.environment:create_file_with_runtime_dependencies(/home/mario/master_ws/install/rviz_marker_tools/share/colcon-core/packages/rviz_marker_tools)
[0.592s] Level 1:colcon.colcon_core.environment:create_environment_scripts_only(rviz_marker_tools)
[0.592s] Level 1:colcon.colcon_core.environment:checking '/home/mario/master_ws/install/rviz_marker_tools' for CMake module files
[0.593s] Level 1:colcon.colcon_core.environment:checking '/home/mario/master_ws/install/rviz_marker_tools' for CMake config files
[0.593s] Level 1:colcon.colcon_core.shell:create_environment_hook('rviz_marker_tools', 'cmake_prefix_path')
[0.593s] INFO:colcon.colcon_core.shell:Creating environment hook '/home/mario/master_ws/install/rviz_marker_tools/share/rviz_marker_tools/hook/cmake_prefix_path.ps1'
[0.593s] INFO:colcon.colcon_core.shell:Creating environment descriptor '/home/mario/master_ws/install/rviz_marker_tools/share/rviz_marker_tools/hook/cmake_prefix_path.dsv'
[0.593s] INFO:colcon.colcon_core.shell:Creating environment hook '/home/mario/master_ws/install/rviz_marker_tools/share/rviz_marker_tools/hook/cmake_prefix_path.sh'
[0.594s] Level 1:colcon.colcon_core.environment:checking '/home/mario/master_ws/install/rviz_marker_tools/lib'
[0.594s] Level 1:colcon.colcon_core.shell:create_environment_hook('rviz_marker_tools', 'ld_library_path_lib')
[0.594s] INFO:colcon.colcon_core.shell:Creating environment hook '/home/mario/master_ws/install/rviz_marker_tools/share/rviz_marker_tools/hook/ld_library_path_lib.ps1'
[0.595s] INFO:colcon.colcon_core.shell:Creating environment descriptor '/home/mario/master_ws/install/rviz_marker_tools/share/rviz_marker_tools/hook/ld_library_path_lib.dsv'
[0.595s] INFO:colcon.colcon_core.shell:Creating environment hook '/home/mario/master_ws/install/rviz_marker_tools/share/rviz_marker_tools/hook/ld_library_path_lib.sh'
[0.595s] Level 1:colcon.colcon_core.environment:checking '/home/mario/master_ws/install/rviz_marker_tools/bin'
[0.595s] Level 1:colcon.colcon_core.environment:checking '/home/mario/master_ws/install/rviz_marker_tools/lib/pkgconfig/rviz_marker_tools.pc'
[0.595s] Level 1:colcon.colcon_core.environment:checking '/home/mario/master_ws/install/rviz_marker_tools/lib/python3.12/site-packages'
[0.596s] Level 1:colcon.colcon_core.environment:checking '/home/mario/master_ws/install/rviz_marker_tools/bin'
[0.596s] INFO:colcon.colcon_core.shell:Creating package script '/home/mario/master_ws/install/rviz_marker_tools/share/rviz_marker_tools/package.ps1'
[0.596s] INFO:colcon.colcon_core.shell:Creating package descriptor '/home/mario/master_ws/install/rviz_marker_tools/share/rviz_marker_tools/package.dsv'
[0.597s] INFO:colcon.colcon_core.shell:Creating package script '/home/mario/master_ws/install/rviz_marker_tools/share/rviz_marker_tools/package.sh'
[0.597s] INFO:colcon.colcon_core.shell:Creating package script '/home/mario/master_ws/install/rviz_marker_tools/share/rviz_marker_tools/package.bash'
[0.598s] INFO:colcon.colcon_core.shell:Creating package script '/home/mario/master_ws/install/rviz_marker_tools/share/rviz_marker_tools/package.zsh'
[0.598s] Level 1:colcon.colcon_core.environment:create_file_with_runtime_dependencies(/home/mario/master_ws/install/rviz_marker_tools/share/colcon-core/packages/rviz_marker_tools)
[0.807s] DEBUG:colcon.colcon_core.event_handler.log_command:Invoked command in '/home/mario/master_ws/build/moveit_task_constructor_msgs' returned '0': CMAKE_PREFIX_PATH=${CMAKE_PREFIX_PATH}:/home/mario/master_ws/install/estun_description:/opt/ros/jazzy DEBUGINFOD_URLS=https://debuginfod.ubuntu.com /usr/bin/cmake --build /home/mario/master_ws/build/moveit_task_constructor_msgs -- -j12 -l12
[0.808s] DEBUG:colcon.colcon_core.event_handler.log_command:Invoking command in '/home/mario/master_ws/build/moveit_task_constructor_msgs': CMAKE_PREFIX_PATH=${CMAKE_PREFIX_PATH}:/home/mario/master_ws/install/estun_description:/opt/ros/jazzy DEBUGINFOD_URLS=https://debuginfod.ubuntu.com /usr/bin/cmake --install /home/mario/master_ws/build/moveit_task_constructor_msgs
[0.877s] Level 1:colcon.colcon_core.environment:create_environment_scripts_only(moveit_task_constructor_msgs)
[0.878s] Level 1:colcon.colcon_core.environment:checking '/home/mario/master_ws/install/moveit_task_constructor_msgs' for CMake module files
[0.879s] Level 1:colcon.colcon_core.environment:checking '/home/mario/master_ws/install/moveit_task_constructor_msgs' for CMake config files
[0.882s] DEBUG:colcon.colcon_core.event_handler.log_command:Invoked command in '/home/mario/master_ws/build/moveit_task_constructor_msgs' returned '0': CMAKE_PREFIX_PATH=${CMAKE_PREFIX_PATH}:/home/mario/master_ws/install/estun_description:/opt/ros/jazzy DEBUGINFOD_URLS=https://debuginfod.ubuntu.com /usr/bin/cmake --install /home/mario/master_ws/build/moveit_task_constructor_msgs
[0.882s] Level 1:colcon.colcon_core.shell:create_environment_hook('moveit_task_constructor_msgs', 'cmake_prefix_path')
[0.883s] INFO:colcon.colcon_core.shell:Creating environment hook '/home/mario/master_ws/install/moveit_task_constructor_msgs/share/moveit_task_constructor_msgs/hook/cmake_prefix_path.ps1'
[0.883s] INFO:colcon.colcon_core.shell:Creating environment descriptor '/home/mario/master_ws/install/moveit_task_constructor_msgs/share/moveit_task_constructor_msgs/hook/cmake_prefix_path.dsv'
[0.883s] INFO:colcon.colcon_core.shell:Creating environment hook '/home/mario/master_ws/install/moveit_task_constructor_msgs/share/moveit_task_constructor_msgs/hook/cmake_prefix_path.sh'
[0.884s] Level 1:colcon.colcon_core.environment:checking '/home/mario/master_ws/install/moveit_task_constructor_msgs/lib'
[0.884s] Level 1:colcon.colcon_core.shell:create_environment_hook('moveit_task_constructor_msgs', 'ld_library_path_lib')
[0.884s] INFO:colcon.colcon_core.shell:Creating environment hook '/home/mario/master_ws/install/moveit_task_constructor_msgs/share/moveit_task_constructor_msgs/hook/ld_library_path_lib.ps1'
[0.885s] INFO:colcon.colcon_core.shell:Creating environment descriptor '/home/mario/master_ws/install/moveit_task_constructor_msgs/share/moveit_task_constructor_msgs/hook/ld_library_path_lib.dsv'
[0.885s] INFO:colcon.colcon_core.shell:Creating environment hook '/home/mario/master_ws/install/moveit_task_constructor_msgs/share/moveit_task_constructor_msgs/hook/ld_library_path_lib.sh'
[0.885s] Level 1:colcon.colcon_core.environment:checking '/home/mario/master_ws/install/moveit_task_constructor_msgs/bin'
[0.885s] Level 1:colcon.colcon_core.environment:checking '/home/mario/master_ws/install/moveit_task_constructor_msgs/lib/pkgconfig/moveit_task_constructor_msgs.pc'
[0.886s] Level 1:colcon.colcon_core.environment:checking '/home/mario/master_ws/install/moveit_task_constructor_msgs/lib/python3.12/site-packages'
[0.886s] Level 1:colcon.colcon_core.shell:create_environment_hook('moveit_task_constructor_msgs', 'pythonpath')
[0.886s] INFO:colcon.colcon_core.shell:Creating environment hook '/home/mario/master_ws/install/moveit_task_constructor_msgs/share/moveit_task_constructor_msgs/hook/pythonpath.ps1'
[0.886s] INFO:colcon.colcon_core.shell:Creating environment descriptor '/home/mario/master_ws/install/moveit_task_constructor_msgs/share/moveit_task_constructor_msgs/hook/pythonpath.dsv'
[0.886s] INFO:colcon.colcon_core.shell:Creating environment hook '/home/mario/master_ws/install/moveit_task_constructor_msgs/share/moveit_task_constructor_msgs/hook/pythonpath.sh'
[0.887s] Level 1:colcon.colcon_core.environment:checking '/home/mario/master_ws/install/moveit_task_constructor_msgs/bin'
[0.887s] INFO:colcon.colcon_core.shell:Creating package script '/home/mario/master_ws/install/moveit_task_constructor_msgs/share/moveit_task_constructor_msgs/package.ps1'
[0.888s] INFO:colcon.colcon_core.shell:Creating package descriptor '/home/mario/master_ws/install/moveit_task_constructor_msgs/share/moveit_task_constructor_msgs/package.dsv'
[0.888s] INFO:colcon.colcon_core.shell:Creating package script '/home/mario/master_ws/install/moveit_task_constructor_msgs/share/moveit_task_constructor_msgs/package.sh'
[0.889s] INFO:colcon.colcon_core.shell:Creating package script '/home/mario/master_ws/install/moveit_task_constructor_msgs/share/moveit_task_constructor_msgs/package.bash'
[0.889s] INFO:colcon.colcon_core.shell:Creating package script '/home/mario/master_ws/install/moveit_task_constructor_msgs/share/moveit_task_constructor_msgs/package.zsh'
[0.889s] Level 1:colcon.colcon_core.environment:create_file_with_runtime_dependencies(/home/mario/master_ws/install/moveit_task_constructor_msgs/share/colcon-core/packages/moveit_task_constructor_msgs)
[0.890s] Level 1:colcon.colcon_core.environment:create_environment_scripts_only(moveit_task_constructor_msgs)
[0.890s] Level 1:colcon.colcon_core.environment:checking '/home/mario/master_ws/install/moveit_task_constructor_msgs' for CMake module files
[0.891s] Level 1:colcon.colcon_core.environment:checking '/home/mario/master_ws/install/moveit_task_constructor_msgs' for CMake config files
[0.891s] Level 1:colcon.colcon_core.shell:create_environment_hook('moveit_task_constructor_msgs', 'cmake_prefix_path')
[0.892s] INFO:colcon.colcon_core.shell:Creating environment hook '/home/mario/master_ws/install/moveit_task_constructor_msgs/share/moveit_task_constructor_msgs/hook/cmake_prefix_path.ps1'
[0.892s] INFO:colcon.colcon_core.shell:Creating environment descriptor '/home/mario/master_ws/install/moveit_task_constructor_msgs/share/moveit_task_constructor_msgs/hook/cmake_prefix_path.dsv'
[0.892s] INFO:colcon.colcon_core.shell:Creating environment hook '/home/mario/master_ws/install/moveit_task_constructor_msgs/share/moveit_task_constructor_msgs/hook/cmake_prefix_path.sh'
[0.893s] Level 1:colcon.colcon_core.environment:checking '/home/mario/master_ws/install/moveit_task_constructor_msgs/lib'
[0.893s] Level 1:colcon.colcon_core.shell:create_environment_hook('moveit_task_constructor_msgs', 'ld_library_path_lib')
[0.893s] INFO:colcon.colcon_core.shell:Creating environment hook '/home/mario/master_ws/install/moveit_task_constructor_msgs/share/moveit_task_constructor_msgs/hook/ld_library_path_lib.ps1'
[0.893s] INFO:colcon.colcon_core.shell:Creating environment descriptor '/home/mario/master_ws/install/moveit_task_constructor_msgs/share/moveit_task_constructor_msgs/hook/ld_library_path_lib.dsv'
[0.894s] INFO:colcon.colcon_core.shell:Creating environment hook '/home/mario/master_ws/install/moveit_task_constructor_msgs/share/moveit_task_constructor_msgs/hook/ld_library_path_lib.sh'
[0.894s] Level 1:colcon.colcon_core.environment:checking '/home/mario/master_ws/install/moveit_task_constructor_msgs/bin'
[0.894s] Level 1:colcon.colcon_core.environment:checking '/home/mario/master_ws/install/moveit_task_constructor_msgs/lib/pkgconfig/moveit_task_constructor_msgs.pc'
[0.894s] Level 1:colcon.colcon_core.environment:checking '/home/mario/master_ws/install/moveit_task_constructor_msgs/lib/python3.12/site-packages'
[0.894s] Level 1:colcon.colcon_core.shell:create_environment_hook('moveit_task_constructor_msgs', 'pythonpath')
[0.894s] INFO:colcon.colcon_core.shell:Creating environment hook '/home/mario/master_ws/install/moveit_task_constructor_msgs/share/moveit_task_constructor_msgs/hook/pythonpath.ps1'
[0.895s] INFO:colcon.colcon_core.shell:Creating environment descriptor '/home/mario/master_ws/install/moveit_task_constructor_msgs/share/moveit_task_constructor_msgs/hook/pythonpath.dsv'
[0.895s] INFO:colcon.colcon_core.shell:Creating environment hook '/home/mario/master_ws/install/moveit_task_constructor_msgs/share/moveit_task_constructor_msgs/hook/pythonpath.sh'
[0.896s] Level 1:colcon.colcon_core.environment:checking '/home/mario/master_ws/install/moveit_task_constructor_msgs/bin'
[0.896s] INFO:colcon.colcon_core.shell:Creating package script '/home/mario/master_ws/install/moveit_task_constructor_msgs/share/moveit_task_constructor_msgs/package.ps1'
[0.897s] INFO:colcon.colcon_core.shell:Creating package descriptor '/home/mario/master_ws/install/moveit_task_constructor_msgs/share/moveit_task_constructor_msgs/package.dsv'
[0.897s] INFO:colcon.colcon_core.shell:Creating package script '/home/mario/master_ws/install/moveit_task_constructor_msgs/share/moveit_task_constructor_msgs/package.sh'
[0.897s] INFO:colcon.colcon_core.shell:Creating package script '/home/mario/master_ws/install/moveit_task_constructor_msgs/share/moveit_task_constructor_msgs/package.bash'
[0.898s] INFO:colcon.colcon_core.shell:Creating package script '/home/mario/master_ws/install/moveit_task_constructor_msgs/share/moveit_task_constructor_msgs/package.zsh'
[0.898s] Level 1:colcon.colcon_core.environment:create_file_with_runtime_dependencies(/home/mario/master_ws/install/moveit_task_constructor_msgs/share/colcon-core/packages/moveit_task_constructor_msgs)
[0.898s] INFO:colcon.colcon_ros.task.ament_cmake.build:Building ROS package in '/home/mario/master_ws/src/moveit_task_constructor/core' with build type 'ament_cmake'
[0.898s] INFO:colcon.colcon_cmake.task.cmake.build:Building CMake package in '/home/mario/master_ws/src/moveit_task_constructor/core'
[0.898s] INFO:colcon.colcon_core.shell:Skip shell extension 'powershell' for command environment: Not usable outside of PowerShell
[0.899s] DEBUG:colcon.colcon_core.shell:Skip shell extension 'dsv' for command environment
[0.915s] DEBUG:colcon.colcon_core.event_handler.log_command:Invoking command in '/home/mario/master_ws/build/moveit_task_constructor_core': CMAKE_PREFIX_PATH=/home/mario/master_ws/install/rviz_marker_tools:/home/mario/master_ws/install/moveit_task_constructor_msgs:/home/mario/master_ws/install/vision_control:/home/mario/master_ws/install/moveit_task_constructor_demo:/home/mario/master_ws/install/moveit_task_constructor_visualization:/home/mario/master_ws/install/moveit_task_constructor_capabilities:/home/mario/master_ws/install/estun_control:/home/mario/master_ws/install/moveit_task_constructor_core:/home/mario/master_ws/install/estun_moveit:/opt/ros/jazzy/opt/gz_sim_vendor:/opt/ros/jazzy/opt/gz_sensors_vendor:/opt/ros/jazzy/opt/gz_physics_vendor:/opt/ros/jazzy/opt/sdformat_vendor:/opt/ros/jazzy/opt/gz_gui_vendor:/opt/ros/jazzy/opt/gz_transport_vendor:/opt/ros/jazzy/opt/gz_rendering_vendor:/opt/ros/jazzy/opt/gz_plugin_vendor:/opt/ros/jazzy/opt/gz_fuel_tools_vendor:/opt/ros/jazzy/opt/gz_msgs_vendor:/opt/ros/jazzy/opt/gz_common_vendor:/opt/ros/jazzy/opt/gz_math_vendor:/opt/ros/jazzy/opt/gz_utils_vendor:/opt/ros/jazzy/opt/gz_tools_vendor:/opt/ros/jazzy/opt/gz_ogre_next_vendor:/opt/ros/jazzy/opt/gz_dartsim_vendor:/opt/ros/jazzy/opt/gz_cmake_vendor:/home/mario/master_ws/install/estun_description:/opt/ros/jazzy DEBUGINFOD_URLS=https://debuginfod.ubuntu.com LD_LIBRARY_PATH=/home/mario/master_ws/install/rviz_marker_tools/lib:/home/mario/master_ws/install/moveit_task_constructor_msgs/lib:/home/mario/master_ws/install/moveit_task_constructor_demo/lib:/home/mario/master_ws/install/moveit_task_constructor_visualization/lib:/home/mario/master_ws/install/moveit_task_constructor_capabilities/lib:/home/mario/master_ws/install/moveit_task_constructor_core/lib:/opt/ros/jazzy/opt/gz_sim_vendor/lib:/opt/ros/jazzy/opt/gz_sensors_vendor/lib:/opt/ros/jazzy/opt/gz_physics_vendor/lib:/opt/ros/jazzy/opt/sdformat_vendor/lib:/opt/ros/jazzy/opt/rviz_ogre_vendor/lib:/opt/ros/jazzy/lib/x86_64-linux-gnu:/opt/ros/jazzy/opt/gz_gui_vendor/lib:/opt/ros/jazzy/opt/gz_transport_vendor/lib:/opt/ros/jazzy/opt/gz_rendering_vendor/lib:/opt/ros/jazzy/opt/gz_plugin_vendor/lib:/opt/ros/jazzy/opt/gz_fuel_tools_vendor/lib:/opt/ros/jazzy/opt/gz_msgs_vendor/lib:/opt/ros/jazzy/opt/gz_common_vendor/lib:/opt/ros/jazzy/opt/gz_math_vendor/lib:/opt/ros/jazzy/opt/gz_utils_vendor/lib:/opt/ros/jazzy/opt/gz_tools_vendor/lib:/opt/ros/jazzy/opt/gz_ogre_next_vendor/lib:/opt/ros/jazzy/opt/gz_dartsim_vendor/lib:/opt/ros/jazzy/opt/gz_cmake_vendor/lib:/opt/ros/jazzy/lib PYTHONPATH=/home/mario/master_ws/install/moveit_task_constructor_msgs/lib/python3.12/site-packages:/home/mario/master_ws/install/moveit_task_constructor_core/lib/python3.12/site-packages:/home/mario/master_ws/install/estun_description/lib/python3.12/site-packages:/opt/ros/jazzy/opt/gz_sim_vendor/lib/python:/opt/ros/jazzy/opt/sdformat_vendor/lib/python:/opt/ros/jazzy/opt/gz_transport_vendor/lib/python:/opt/ros/jazzy/opt/gz_msgs_vendor/lib/python:/opt/ros/jazzy/opt/gz_math_vendor/lib/python:/opt/ros/jazzy/lib/python3.12/site-packages /usr/bin/cmake --build /home/mario/master_ws/build/moveit_task_constructor_core -- -j12 -l12
[1.317s] DEBUG:colcon.colcon_core.task.python.build:Available setuptools commands: install, rotate, compile_catalog, setopt, build_ext, install_lib, bdist_rpm, dist_info, sdist, alias, init_catalog, egg_info, easy_install, build_clib, install_headers, check, install_egg_info, extract_messages, install_data, install_scripts, bdist_dumb, build_py, clean, bdist, editable_wheel, build_scripts, symlink_data, register, saveopts, bdist_egg, build, upload, develop, test, update_catalog, upload_docs
[1.320s] DEBUG:colcon.colcon_core.event_handler.log_command:Invoking command in '/home/mario/master_ws/src/estun_description': DEBUGINFOD_URLS=https://debuginfod.ubuntu.com PYTHONPATH=/home/mario/master_ws/build/estun_description/prefix_override:/usr/lib/python3/dist-packages/colcon_core/task/python/colcon_distutils_commands:/home/mario/master_ws/install/estun_description/lib/python3.12/site-packages:${PYTHONPATH} /usr/bin/python3 -W ignore:setup.py install is deprecated -W ignore:easy_install command is deprecated setup.py egg_info --egg-base ../../build/estun_description build --build-base /home/mario/master_ws/build/estun_description/build install --record /home/mario/master_ws/build/estun_description/install.log --install-scripts $base/lib/fusion2urdf_ros2 --single-version-externally-managed install_data
[1.452s] DEBUG:colcon.colcon_core.event_handler.log_command:Invoked command in '/home/mario/master_ws/build/moveit_task_constructor_core' returned '0': CMAKE_PREFIX_PATH=/home/mario/master_ws/install/rviz_marker_tools:/home/mario/master_ws/install/moveit_task_constructor_msgs:/home/mario/master_ws/install/vision_control:/home/mario/master_ws/install/moveit_task_constructor_demo:/home/mario/master_ws/install/moveit_task_constructor_visualization:/home/mario/master_ws/install/moveit_task_constructor_capabilities:/home/mario/master_ws/install/estun_control:/home/mario/master_ws/install/moveit_task_constructor_core:/home/mario/master_ws/install/estun_moveit:/opt/ros/jazzy/opt/gz_sim_vendor:/opt/ros/jazzy/opt/gz_sensors_vendor:/opt/ros/jazzy/opt/gz_physics_vendor:/opt/ros/jazzy/opt/sdformat_vendor:/opt/ros/jazzy/opt/gz_gui_vendor:/opt/ros/jazzy/opt/gz_transport_vendor:/opt/ros/jazzy/opt/gz_rendering_vendor:/opt/ros/jazzy/opt/gz_plugin_vendor:/opt/ros/jazzy/opt/gz_fuel_tools_vendor:/opt/ros/jazzy/opt/gz_msgs_vendor:/opt/ros/jazzy/opt/gz_common_vendor:/opt/ros/jazzy/opt/gz_math_vendor:/opt/ros/jazzy/opt/gz_utils_vendor:/opt/ros/jazzy/opt/gz_tools_vendor:/opt/ros/jazzy/opt/gz_ogre_next_vendor:/opt/ros/jazzy/opt/gz_dartsim_vendor:/opt/ros/jazzy/opt/gz_cmake_vendor:/home/mario/master_ws/install/estun_description:/opt/ros/jazzy DEBUGINFOD_URLS=https://debuginfod.ubuntu.com LD_LIBRARY_PATH=/home/mario/master_ws/install/rviz_marker_tools/lib:/home/mario/master_ws/install/moveit_task_constructor_msgs/lib:/home/mario/master_ws/install/moveit_task_constructor_demo/lib:/home/mario/master_ws/install/moveit_task_constructor_visualization/lib:/home/mario/master_ws/install/moveit_task_constructor_capabilities/lib:/home/mario/master_ws/install/moveit_task_constructor_core/lib:/opt/ros/jazzy/opt/gz_sim_vendor/lib:/opt/ros/jazzy/opt/gz_sensors_vendor/lib:/opt/ros/jazzy/opt/gz_physics_vendor/lib:/opt/ros/jazzy/opt/sdformat_vendor/lib:/opt/ros/jazzy/opt/rviz_ogre_vendor/lib:/opt/ros/jazzy/lib/x86_64-linux-gnu:/opt/ros/jazzy/opt/gz_gui_vendor/lib:/opt/ros/jazzy/opt/gz_transport_vendor/lib:/opt/ros/jazzy/opt/gz_rendering_vendor/lib:/opt/ros/jazzy/opt/gz_plugin_vendor/lib:/opt/ros/jazzy/opt/gz_fuel_tools_vendor/lib:/opt/ros/jazzy/opt/gz_msgs_vendor/lib:/opt/ros/jazzy/opt/gz_common_vendor/lib:/opt/ros/jazzy/opt/gz_math_vendor/lib:/opt/ros/jazzy/opt/gz_utils_vendor/lib:/opt/ros/jazzy/opt/gz_tools_vendor/lib:/opt/ros/jazzy/opt/gz_ogre_next_vendor/lib:/opt/ros/jazzy/opt/gz_dartsim_vendor/lib:/opt/ros/jazzy/opt/gz_cmake_vendor/lib:/opt/ros/jazzy/lib PYTHONPATH=/home/mario/master_ws/install/moveit_task_constructor_msgs/lib/python3.12/site-packages:/home/mario/master_ws/install/moveit_task_constructor_core/lib/python3.12/site-packages:/home/mario/master_ws/install/estun_description/lib/python3.12/site-packages:/opt/ros/jazzy/opt/gz_sim_vendor/lib/python:/opt/ros/jazzy/opt/sdformat_vendor/lib/python:/opt/ros/jazzy/opt/gz_transport_vendor/lib/python:/opt/ros/jazzy/opt/gz_msgs_vendor/lib/python:/opt/ros/jazzy/opt/gz_math_vendor/lib/python:/opt/ros/jazzy/lib/python3.12/site-packages /usr/bin/cmake --build /home/mario/master_ws/build/moveit_task_constructor_core -- -j12 -l12
[1.454s] DEBUG:colcon.colcon_core.event_handler.log_command:Invoking command in '/home/mario/master_ws/build/moveit_task_constructor_core': CMAKE_PREFIX_PATH=/home/mario/master_ws/install/rviz_marker_tools:/home/mario/master_ws/install/moveit_task_constructor_msgs:/home/mario/master_ws/install/vision_control:/home/mario/master_ws/install/moveit_task_constructor_demo:/home/mario/master_ws/install/moveit_task_constructor_visualization:/home/mario/master_ws/install/moveit_task_constructor_capabilities:/home/mario/master_ws/install/estun_control:/home/mario/master_ws/install/moveit_task_constructor_core:/home/mario/master_ws/install/estun_moveit:/opt/ros/jazzy/opt/gz_sim_vendor:/opt/ros/jazzy/opt/gz_sensors_vendor:/opt/ros/jazzy/opt/gz_physics_vendor:/opt/ros/jazzy/opt/sdformat_vendor:/opt/ros/jazzy/opt/gz_gui_vendor:/opt/ros/jazzy/opt/gz_transport_vendor:/opt/ros/jazzy/opt/gz_rendering_vendor:/opt/ros/jazzy/opt/gz_plugin_vendor:/opt/ros/jazzy/opt/gz_fuel_tools_vendor:/opt/ros/jazzy/opt/gz_msgs_vendor:/opt/ros/jazzy/opt/gz_common_vendor:/opt/ros/jazzy/opt/gz_math_vendor:/opt/ros/jazzy/opt/gz_utils_vendor:/opt/ros/jazzy/opt/gz_tools_vendor:/opt/ros/jazzy/opt/gz_ogre_next_vendor:/opt/ros/jazzy/opt/gz_dartsim_vendor:/opt/ros/jazzy/opt/gz_cmake_vendor:/home/mario/master_ws/install/estun_description:/opt/ros/jazzy DEBUGINFOD_URLS=https://debuginfod.ubuntu.com LD_LIBRARY_PATH=/home/mario/master_ws/install/rviz_marker_tools/lib:/home/mario/master_ws/install/moveit_task_constructor_msgs/lib:/home/mario/master_ws/install/moveit_task_constructor_demo/lib:/home/mario/master_ws/install/moveit_task_constructor_visualization/lib:/home/mario/master_ws/install/moveit_task_constructor_capabilities/lib:/home/mario/master_ws/install/moveit_task_constructor_core/lib:/opt/ros/jazzy/opt/gz_sim_vendor/lib:/opt/ros/jazzy/opt/gz_sensors_vendor/lib:/opt/ros/jazzy/opt/gz_physics_vendor/lib:/opt/ros/jazzy/opt/sdformat_vendor/lib:/opt/ros/jazzy/opt/rviz_ogre_vendor/lib:/opt/ros/jazzy/lib/x86_64-linux-gnu:/opt/ros/jazzy/opt/gz_gui_vendor/lib:/opt/ros/jazzy/opt/gz_transport_vendor/lib:/opt/ros/jazzy/opt/gz_rendering_vendor/lib:/opt/ros/jazzy/opt/gz_plugin_vendor/lib:/opt/ros/jazzy/opt/gz_fuel_tools_vendor/lib:/opt/ros/jazzy/opt/gz_msgs_vendor/lib:/opt/ros/jazzy/opt/gz_common_vendor/lib:/opt/ros/jazzy/opt/gz_math_vendor/lib:/opt/ros/jazzy/opt/gz_utils_vendor/lib:/opt/ros/jazzy/opt/gz_tools_vendor/lib:/opt/ros/jazzy/opt/gz_ogre_next_vendor/lib:/opt/ros/jazzy/opt/gz_dartsim_vendor/lib:/opt/ros/jazzy/opt/gz_cmake_vendor/lib:/opt/ros/jazzy/lib PYTHONPATH=/home/mario/master_ws/install/moveit_task_constructor_msgs/lib/python3.12/site-packages:/home/mario/master_ws/install/moveit_task_constructor_core/lib/python3.12/site-packages:/home/mario/master_ws/install/estun_description/lib/python3.12/site-packages:/opt/ros/jazzy/opt/gz_sim_vendor/lib/python:/opt/ros/jazzy/opt/sdformat_vendor/lib/python:/opt/ros/jazzy/opt/gz_transport_vendor/lib/python:/opt/ros/jazzy/opt/gz_msgs_vendor/lib/python:/opt/ros/jazzy/opt/gz_math_vendor/lib/python:/opt/ros/jazzy/lib/python3.12/site-packages /usr/bin/cmake --install /home/mario/master_ws/build/moveit_task_constructor_core
[1.510s] Level 1:colcon.colcon_core.environment:create_environment_scripts_only(moveit_task_constructor_core)
[1.511s] Level 1:colcon.colcon_core.environment:checking '/home/mario/master_ws/install/moveit_task_constructor_core' for CMake module files
[1.511s] DEBUG:colcon.colcon_core.event_handler.log_command:Invoked command in '/home/mario/master_ws/build/moveit_task_constructor_core' returned '0': CMAKE_PREFIX_PATH=/home/mario/master_ws/install/rviz_marker_tools:/home/mario/master_ws/install/moveit_task_constructor_msgs:/home/mario/master_ws/install/vision_control:/home/mario/master_ws/install/moveit_task_constructor_demo:/home/mario/master_ws/install/moveit_task_constructor_visualization:/home/mario/master_ws/install/moveit_task_constructor_capabilities:/home/mario/master_ws/install/estun_control:/home/mario/master_ws/install/moveit_task_constructor_core:/home/mario/master_ws/install/estun_moveit:/opt/ros/jazzy/opt/gz_sim_vendor:/opt/ros/jazzy/opt/gz_sensors_vendor:/opt/ros/jazzy/opt/gz_physics_vendor:/opt/ros/jazzy/opt/sdformat_vendor:/opt/ros/jazzy/opt/gz_gui_vendor:/opt/ros/jazzy/opt/gz_transport_vendor:/opt/ros/jazzy/opt/gz_rendering_vendor:/opt/ros/jazzy/opt/gz_plugin_vendor:/opt/ros/jazzy/opt/gz_fuel_tools_vendor:/opt/ros/jazzy/opt/gz_msgs_vendor:/opt/ros/jazzy/opt/gz_common_vendor:/opt/ros/jazzy/opt/gz_math_vendor:/opt/ros/jazzy/opt/gz_utils_vendor:/opt/ros/jazzy/opt/gz_tools_vendor:/opt/ros/jazzy/opt/gz_ogre_next_vendor:/opt/ros/jazzy/opt/gz_dartsim_vendor:/opt/ros/jazzy/opt/gz_cmake_vendor:/home/mario/master_ws/install/estun_description:/opt/ros/jazzy DEBUGINFOD_URLS=https://debuginfod.ubuntu.com LD_LIBRARY_PATH=/home/mario/master_ws/install/rviz_marker_tools/lib:/home/mario/master_ws/install/moveit_task_constructor_msgs/lib:/home/mario/master_ws/install/moveit_task_constructor_demo/lib:/home/mario/master_ws/install/moveit_task_constructor_visualization/lib:/home/mario/master_ws/install/moveit_task_constructor_capabilities/lib:/home/mario/master_ws/install/moveit_task_constructor_core/lib:/opt/ros/jazzy/opt/gz_sim_vendor/lib:/opt/ros/jazzy/opt/gz_sensors_vendor/lib:/opt/ros/jazzy/opt/gz_physics_vendor/lib:/opt/ros/jazzy/opt/sdformat_vendor/lib:/opt/ros/jazzy/opt/rviz_ogre_vendor/lib:/opt/ros/jazzy/lib/x86_64-linux-gnu:/opt/ros/jazzy/opt/gz_gui_vendor/lib:/opt/ros/jazzy/opt/gz_transport_vendor/lib:/opt/ros/jazzy/opt/gz_rendering_vendor/lib:/opt/ros/jazzy/opt/gz_plugin_vendor/lib:/opt/ros/jazzy/opt/gz_fuel_tools_vendor/lib:/opt/ros/jazzy/opt/gz_msgs_vendor/lib:/opt/ros/jazzy/opt/gz_common_vendor/lib:/opt/ros/jazzy/opt/gz_math_vendor/lib:/opt/ros/jazzy/opt/gz_utils_vendor/lib:/opt/ros/jazzy/opt/gz_tools_vendor/lib:/opt/ros/jazzy/opt/gz_ogre_next_vendor/lib:/opt/ros/jazzy/opt/gz_dartsim_vendor/lib:/opt/ros/jazzy/opt/gz_cmake_vendor/lib:/opt/ros/jazzy/lib PYTHONPATH=/home/mario/master_ws/install/moveit_task_constructor_msgs/lib/python3.12/site-packages:/home/mario/master_ws/install/moveit_task_constructor_core/lib/python3.12/site-packages:/home/mario/master_ws/install/estun_description/lib/python3.12/site-packages:/opt/ros/jazzy/opt/gz_sim_vendor/lib/python:/opt/ros/jazzy/opt/sdformat_vendor/lib/python:/opt/ros/jazzy/opt/gz_transport_vendor/lib/python:/opt/ros/jazzy/opt/gz_msgs_vendor/lib/python:/opt/ros/jazzy/opt/gz_math_vendor/lib/python:/opt/ros/jazzy/lib/python3.12/site-packages /usr/bin/cmake --install /home/mario/master_ws/build/moveit_task_constructor_core
[1.512s] Level 1:colcon.colcon_core.environment:checking '/home/mario/master_ws/install/moveit_task_constructor_core' for CMake config files
[1.512s] Level 1:colcon.colcon_core.shell:create_environment_hook('moveit_task_constructor_core', 'cmake_prefix_path')
[1.513s] INFO:colcon.colcon_core.shell:Creating environment hook '/home/mario/master_ws/install/moveit_task_constructor_core/share/moveit_task_constructor_core/hook/cmake_prefix_path.ps1'
[1.513s] INFO:colcon.colcon_core.shell:Creating environment descriptor '/home/mario/master_ws/install/moveit_task_constructor_core/share/moveit_task_constructor_core/hook/cmake_prefix_path.dsv'
[1.514s] INFO:colcon.colcon_core.shell:Creating environment hook '/home/mario/master_ws/install/moveit_task_constructor_core/share/moveit_task_constructor_core/hook/cmake_prefix_path.sh'
[1.514s] Level 1:colcon.colcon_core.environment:checking '/home/mario/master_ws/install/moveit_task_constructor_core/lib'
[1.515s] Level 1:colcon.colcon_core.shell:create_environment_hook('moveit_task_constructor_core', 'ld_library_path_lib')
[1.515s] INFO:colcon.colcon_core.shell:Creating environment hook '/home/mario/master_ws/install/moveit_task_constructor_core/share/moveit_task_constructor_core/hook/ld_library_path_lib.ps1'
[1.516s] INFO:colcon.colcon_core.shell:Creating environment descriptor '/home/mario/master_ws/install/moveit_task_constructor_core/share/moveit_task_constructor_core/hook/ld_library_path_lib.dsv'
[1.516s] INFO:colcon.colcon_core.shell:Creating environment hook '/home/mario/master_ws/install/moveit_task_constructor_core/share/moveit_task_constructor_core/hook/ld_library_path_lib.sh'
[1.517s] Level 1:colcon.colcon_core.environment:checking '/home/mario/master_ws/install/moveit_task_constructor_core/bin'
[1.517s] Level 1:colcon.colcon_core.environment:checking '/home/mario/master_ws/install/moveit_task_constructor_core/lib/pkgconfig/moveit_task_constructor_core.pc'
[1.517s] Level 1:colcon.colcon_core.environment:checking '/home/mario/master_ws/install/moveit_task_constructor_core/lib/python3.12/site-packages'
[1.518s] Level 1:colcon.colcon_core.shell:create_environment_hook('moveit_task_constructor_core', 'pythonpath')
[1.518s] INFO:colcon.colcon_core.shell:Creating environment hook '/home/mario/master_ws/install/moveit_task_constructor_core/share/moveit_task_constructor_core/hook/pythonpath.ps1'
[1.518s] INFO:colcon.colcon_core.shell:Creating environment descriptor '/home/mario/master_ws/install/moveit_task_constructor_core/share/moveit_task_constructor_core/hook/pythonpath.dsv'
[1.519s] INFO:colcon.colcon_core.shell:Creating environment hook '/home/mario/master_ws/install/moveit_task_constructor_core/share/moveit_task_constructor_core/hook/pythonpath.sh'
[1.520s] Level 1:colcon.colcon_core.environment:checking '/home/mario/master_ws/install/moveit_task_constructor_core/bin'
[1.520s] INFO:colcon.colcon_core.shell:Creating package script '/home/mario/master_ws/install/moveit_task_constructor_core/share/moveit_task_constructor_core/package.ps1'
[1.521s] INFO:colcon.colcon_core.shell:Creating package descriptor '/home/mario/master_ws/install/moveit_task_constructor_core/share/moveit_task_constructor_core/package.dsv'
[1.522s] INFO:colcon.colcon_core.shell:Creating package script '/home/mario/master_ws/install/moveit_task_constructor_core/share/moveit_task_constructor_core/package.sh'
[1.522s] INFO:colcon.colcon_core.shell:Creating package script '/home/mario/master_ws/install/moveit_task_constructor_core/share/moveit_task_constructor_core/package.bash'
[1.523s] INFO:colcon.colcon_core.shell:Creating package script '/home/mario/master_ws/install/moveit_task_constructor_core/share/moveit_task_constructor_core/package.zsh'
[1.523s] Level 1:colcon.colcon_core.environment:create_file_with_runtime_dependencies(/home/mario/master_ws/install/moveit_task_constructor_core/share/colcon-core/packages/moveit_task_constructor_core)
[1.524s] Level 1:colcon.colcon_core.environment:create_environment_scripts_only(moveit_task_constructor_core)
[1.525s] Level 1:colcon.colcon_core.environment:checking '/home/mario/master_ws/install/moveit_task_constructor_core' for CMake module files
[1.526s] Level 1:colcon.colcon_core.environment:checking '/home/mario/master_ws/install/moveit_task_constructor_core' for CMake config files
[1.526s] Level 1:colcon.colcon_core.shell:create_environment_hook('moveit_task_constructor_core', 'cmake_prefix_path')
[1.527s] INFO:colcon.colcon_core.shell:Creating environment hook '/home/mario/master_ws/install/moveit_task_constructor_core/share/moveit_task_constructor_core/hook/cmake_prefix_path.ps1'
[1.527s] INFO:colcon.colcon_core.shell:Creating environment descriptor '/home/mario/master_ws/install/moveit_task_constructor_core/share/moveit_task_constructor_core/hook/cmake_prefix_path.dsv'
[1.528s] INFO:colcon.colcon_core.shell:Creating environment hook '/home/mario/master_ws/install/moveit_task_constructor_core/share/moveit_task_constructor_core/hook/cmake_prefix_path.sh'
[1.529s] Level 1:colcon.colcon_core.environment:checking '/home/mario/master_ws/install/moveit_task_constructor_core/lib'
[1.529s] Level 1:colcon.colcon_core.shell:create_environment_hook('moveit_task_constructor_core', 'ld_library_path_lib')
[1.530s] INFO:colcon.colcon_core.shell:Creating environment hook '/home/mario/master_ws/install/moveit_task_constructor_core/share/moveit_task_constructor_core/hook/ld_library_path_lib.ps1'
[1.530s] INFO:colcon.colcon_core.shell:Creating environment descriptor '/home/mario/master_ws/install/moveit_task_constructor_core/share/moveit_task_constructor_core/hook/ld_library_path_lib.dsv'
[1.531s] INFO:colcon.colcon_core.shell:Creating environment hook '/home/mario/master_ws/install/moveit_task_constructor_core/share/moveit_task_constructor_core/hook/ld_library_path_lib.sh'
[1.532s] Level 1:colcon.colcon_core.environment:checking '/home/mario/master_ws/install/moveit_task_constructor_core/bin'
[1.532s] Level 1:colcon.colcon_core.environment:checking '/home/mario/master_ws/install/moveit_task_constructor_core/lib/pkgconfig/moveit_task_constructor_core.pc'
[1.532s] Level 1:colcon.colcon_core.environment:checking '/home/mario/master_ws/install/moveit_task_constructor_core/lib/python3.12/site-packages'
[1.533s] Level 1:colcon.colcon_core.shell:create_environment_hook('moveit_task_constructor_core', 'pythonpath')
[1.533s] INFO:colcon.colcon_core.shell:Creating environment hook '/home/mario/master_ws/install/moveit_task_constructor_core/share/moveit_task_constructor_core/hook/pythonpath.ps1'
[1.534s] INFO:colcon.colcon_core.shell:Creating environment descriptor '/home/mario/master_ws/install/moveit_task_constructor_core/share/moveit_task_constructor_core/hook/pythonpath.dsv'
[1.534s] INFO:colcon.colcon_core.shell:Creating environment hook '/home/mario/master_ws/install/moveit_task_constructor_core/share/moveit_task_constructor_core/hook/pythonpath.sh'
[1.535s] Level 1:colcon.colcon_core.environment:checking '/home/mario/master_ws/install/moveit_task_constructor_core/bin'
[1.536s] INFO:colcon.colcon_core.shell:Creating package script '/home/mario/master_ws/install/moveit_task_constructor_core/share/moveit_task_constructor_core/package.ps1'
[1.537s] INFO:colcon.colcon_core.shell:Creating package descriptor '/home/mario/master_ws/install/moveit_task_constructor_core/share/moveit_task_constructor_core/package.dsv'
[1.538s] INFO:colcon.colcon_core.shell:Creating package script '/home/mario/master_ws/install/moveit_task_constructor_core/share/moveit_task_constructor_core/package.sh'
[1.539s] INFO:colcon.colcon_core.shell:Creating package script '/home/mario/master_ws/install/moveit_task_constructor_core/share/moveit_task_constructor_core/package.bash'
[1.540s] INFO:colcon.colcon_core.shell:Creating package script '/home/mario/master_ws/install/moveit_task_constructor_core/share/moveit_task_constructor_core/package.zsh'
[1.540s] Level 1:colcon.colcon_core.environment:create_file_with_runtime_dependencies(/home/mario/master_ws/install/moveit_task_constructor_core/share/colcon-core/packages/moveit_task_constructor_core)
[1.541s] INFO:colcon.colcon_ros.task.ament_cmake.build:Building ROS package in '/home/mario/master_ws/src/moveit_task_constructor/capabilities' with build type 'ament_cmake'
[1.541s] INFO:colcon.colcon_cmake.task.cmake.build:Building CMake package in '/home/mario/master_ws/src/moveit_task_constructor/capabilities'
[1.542s] INFO:colcon.colcon_core.shell:Skip shell extension 'powershell' for command environment: Not usable outside of PowerShell
[1.542s] DEBUG:colcon.colcon_core.shell:Skip shell extension 'dsv' for command environment
[1.553s] INFO:colcon.colcon_ros.task.ament_cmake.build:Building ROS package in '/home/mario/master_ws/src/moveit_task_constructor/visualization' with build type 'ament_cmake'
[1.553s] INFO:colcon.colcon_cmake.task.cmake.build:Building CMake package in '/home/mario/master_ws/src/moveit_task_constructor/visualization'
[1.554s] INFO:colcon.colcon_core.shell:Skip shell extension 'powershell' for command environment: Not usable outside of PowerShell
[1.554s] DEBUG:colcon.colcon_core.shell:Skip shell extension 'dsv' for command environment
[1.563s] INFO:colcon.colcon_ros.task.ament_cmake.build:Building ROS package in '/home/mario/master_ws/src/estun_control' with build type 'ament_cmake'
[1.563s] INFO:colcon.colcon_cmake.task.cmake.build:Building CMake package in '/home/mario/master_ws/src/estun_control'
[1.564s] INFO:colcon.colcon_core.shell:Skip shell extension 'powershell' for command environment: Not usable outside of PowerShell
[1.564s] DEBUG:colcon.colcon_core.shell:Skip shell extension 'dsv' for command environment
[1.577s] DEBUG:colcon.colcon_core.event_handler.log_command:Invoking command in '/home/mario/master_ws/build/moveit_task_constructor_capabilities': CMAKE_PREFIX_PATH=/home/mario/master_ws/install/moveit_task_constructor_core:/home/mario/master_ws/install/rviz_marker_tools:/home/mario/master_ws/install/moveit_task_constructor_msgs:/home/mario/master_ws/install/vision_control:/home/mario/master_ws/install/moveit_task_constructor_demo:/home/mario/master_ws/install/moveit_task_constructor_visualization:/home/mario/master_ws/install/moveit_task_constructor_capabilities:/home/mario/master_ws/install/estun_control:/home/mario/master_ws/install/estun_moveit:/opt/ros/jazzy/opt/gz_sim_vendor:/opt/ros/jazzy/opt/gz_sensors_vendor:/opt/ros/jazzy/opt/gz_physics_vendor:/opt/ros/jazzy/opt/sdformat_vendor:/opt/ros/jazzy/opt/gz_gui_vendor:/opt/ros/jazzy/opt/gz_transport_vendor:/opt/ros/jazzy/opt/gz_rendering_vendor:/opt/ros/jazzy/opt/gz_plugin_vendor:/opt/ros/jazzy/opt/gz_fuel_tools_vendor:/opt/ros/jazzy/opt/gz_msgs_vendor:/opt/ros/jazzy/opt/gz_common_vendor:/opt/ros/jazzy/opt/gz_math_vendor:/opt/ros/jazzy/opt/gz_utils_vendor:/opt/ros/jazzy/opt/gz_tools_vendor:/opt/ros/jazzy/opt/gz_ogre_next_vendor:/opt/ros/jazzy/opt/gz_dartsim_vendor:/opt/ros/jazzy/opt/gz_cmake_vendor:/home/mario/master_ws/install/estun_description:/opt/ros/jazzy DEBUGINFOD_URLS=https://debuginfod.ubuntu.com LD_LIBRARY_PATH=/home/mario/master_ws/install/moveit_task_constructor_core/lib:/home/mario/master_ws/install/rviz_marker_tools/lib:/home/mario/master_ws/install/moveit_task_constructor_msgs/lib:/home/mario/master_ws/install/moveit_task_constructor_demo/lib:/home/mario/master_ws/install/moveit_task_constructor_visualization/lib:/home/mario/master_ws/install/moveit_task_constructor_capabilities/lib:/opt/ros/jazzy/opt/gz_sim_vendor/lib:/opt/ros/jazzy/opt/gz_sensors_vendor/lib:/opt/ros/jazzy/opt/gz_physics_vendor/lib:/opt/ros/jazzy/opt/sdformat_vendor/lib:/opt/ros/jazzy/opt/rviz_ogre_vendor/lib:/opt/ros/jazzy/lib/x86_64-linux-gnu:/opt/ros/jazzy/opt/gz_gui_vendor/lib:/opt/ros/jazzy/opt/gz_transport_vendor/lib:/opt/ros/jazzy/opt/gz_rendering_vendor/lib:/opt/ros/jazzy/opt/gz_plugin_vendor/lib:/opt/ros/jazzy/opt/gz_fuel_tools_vendor/lib:/opt/ros/jazzy/opt/gz_msgs_vendor/lib:/opt/ros/jazzy/opt/gz_common_vendor/lib:/opt/ros/jazzy/opt/gz_math_vendor/lib:/opt/ros/jazzy/opt/gz_utils_vendor/lib:/opt/ros/jazzy/opt/gz_tools_vendor/lib:/opt/ros/jazzy/opt/gz_ogre_next_vendor/lib:/opt/ros/jazzy/opt/gz_dartsim_vendor/lib:/opt/ros/jazzy/opt/gz_cmake_vendor/lib:/opt/ros/jazzy/lib /usr/bin/cmake --build /home/mario/master_ws/build/moveit_task_constructor_capabilities -- -j12 -l12
[1.580s] DEBUG:colcon.colcon_core.event_handler.log_command:Invoking command in '/home/mario/master_ws/build/moveit_task_constructor_visualization': CMAKE_PREFIX_PATH=/home/mario/master_ws/install/moveit_task_constructor_core:/home/mario/master_ws/install/rviz_marker_tools:/home/mario/master_ws/install/moveit_task_constructor_msgs:/home/mario/master_ws/install/vision_control:/home/mario/master_ws/install/moveit_task_constructor_demo:/home/mario/master_ws/install/moveit_task_constructor_visualization:/home/mario/master_ws/install/moveit_task_constructor_capabilities:/home/mario/master_ws/install/estun_control:/home/mario/master_ws/install/estun_moveit:/opt/ros/jazzy/opt/gz_sim_vendor:/opt/ros/jazzy/opt/gz_sensors_vendor:/opt/ros/jazzy/opt/gz_physics_vendor:/opt/ros/jazzy/opt/sdformat_vendor:/opt/ros/jazzy/opt/gz_gui_vendor:/opt/ros/jazzy/opt/gz_transport_vendor:/opt/ros/jazzy/opt/gz_rendering_vendor:/opt/ros/jazzy/opt/gz_plugin_vendor:/opt/ros/jazzy/opt/gz_fuel_tools_vendor:/opt/ros/jazzy/opt/gz_msgs_vendor:/opt/ros/jazzy/opt/gz_common_vendor:/opt/ros/jazzy/opt/gz_math_vendor:/opt/ros/jazzy/opt/gz_utils_vendor:/opt/ros/jazzy/opt/gz_tools_vendor:/opt/ros/jazzy/opt/gz_ogre_next_vendor:/opt/ros/jazzy/opt/gz_dartsim_vendor:/opt/ros/jazzy/opt/gz_cmake_vendor:/home/mario/master_ws/install/estun_description:/opt/ros/jazzy DEBUGINFOD_URLS=https://debuginfod.ubuntu.com LD_LIBRARY_PATH=/home/mario/master_ws/install/moveit_task_constructor_core/lib:/home/mario/master_ws/install/rviz_marker_tools/lib:/home/mario/master_ws/install/moveit_task_constructor_msgs/lib:/home/mario/master_ws/install/moveit_task_constructor_demo/lib:/home/mario/master_ws/install/moveit_task_constructor_visualization/lib:/home/mario/master_ws/install/moveit_task_constructor_capabilities/lib:/opt/ros/jazzy/opt/gz_sim_vendor/lib:/opt/ros/jazzy/opt/gz_sensors_vendor/lib:/opt/ros/jazzy/opt/gz_physics_vendor/lib:/opt/ros/jazzy/opt/sdformat_vendor/lib:/opt/ros/jazzy/opt/rviz_ogre_vendor/lib:/opt/ros/jazzy/lib/x86_64-linux-gnu:/opt/ros/jazzy/opt/gz_gui_vendor/lib:/opt/ros/jazzy/opt/gz_transport_vendor/lib:/opt/ros/jazzy/opt/gz_rendering_vendor/lib:/opt/ros/jazzy/opt/gz_plugin_vendor/lib:/opt/ros/jazzy/opt/gz_fuel_tools_vendor/lib:/opt/ros/jazzy/opt/gz_msgs_vendor/lib:/opt/ros/jazzy/opt/gz_common_vendor/lib:/opt/ros/jazzy/opt/gz_math_vendor/lib:/opt/ros/jazzy/opt/gz_utils_vendor/lib:/opt/ros/jazzy/opt/gz_tools_vendor/lib:/opt/ros/jazzy/opt/gz_ogre_next_vendor/lib:/opt/ros/jazzy/opt/gz_dartsim_vendor/lib:/opt/ros/jazzy/opt/gz_cmake_vendor/lib:/opt/ros/jazzy/lib /usr/bin/cmake --build /home/mario/master_ws/build/moveit_task_constructor_visualization -- -j12 -l12
[1.586s] DEBUG:colcon.colcon_core.event_handler.log_command:Invoking command in '/home/mario/master_ws/build/estun_control': CMAKE_PREFIX_PATH=/home/mario/master_ws/install/moveit_task_constructor_core:/home/mario/master_ws/install/rviz_marker_tools:/home/mario/master_ws/install/moveit_task_constructor_msgs:/home/mario/master_ws/install/vision_control:/home/mario/master_ws/install/moveit_task_constructor_demo:/home/mario/master_ws/install/moveit_task_constructor_visualization:/home/mario/master_ws/install/moveit_task_constructor_capabilities:/home/mario/master_ws/install/estun_control:/home/mario/master_ws/install/estun_moveit:/opt/ros/jazzy/opt/gz_sim_vendor:/opt/ros/jazzy/opt/gz_sensors_vendor:/opt/ros/jazzy/opt/gz_physics_vendor:/opt/ros/jazzy/opt/sdformat_vendor:/opt/ros/jazzy/opt/gz_gui_vendor:/opt/ros/jazzy/opt/gz_transport_vendor:/opt/ros/jazzy/opt/gz_rendering_vendor:/opt/ros/jazzy/opt/gz_plugin_vendor:/opt/ros/jazzy/opt/gz_fuel_tools_vendor:/opt/ros/jazzy/opt/gz_msgs_vendor:/opt/ros/jazzy/opt/gz_common_vendor:/opt/ros/jazzy/opt/gz_math_vendor:/opt/ros/jazzy/opt/gz_utils_vendor:/opt/ros/jazzy/opt/gz_tools_vendor:/opt/ros/jazzy/opt/gz_ogre_next_vendor:/opt/ros/jazzy/opt/gz_dartsim_vendor:/opt/ros/jazzy/opt/gz_cmake_vendor:/home/mario/master_ws/install/estun_description:/opt/ros/jazzy DEBUGINFOD_URLS=https://debuginfod.ubuntu.com LD_LIBRARY_PATH=/home/mario/master_ws/install/moveit_task_constructor_core/lib:/home/mario/master_ws/install/rviz_marker_tools/lib:/home/mario/master_ws/install/moveit_task_constructor_msgs/lib:/home/mario/master_ws/install/moveit_task_constructor_demo/lib:/home/mario/master_ws/install/moveit_task_constructor_visualization/lib:/home/mario/master_ws/install/moveit_task_constructor_capabilities/lib:/opt/ros/jazzy/opt/gz_sim_vendor/lib:/opt/ros/jazzy/opt/gz_sensors_vendor/lib:/opt/ros/jazzy/opt/gz_physics_vendor/lib:/opt/ros/jazzy/opt/sdformat_vendor/lib:/opt/ros/jazzy/opt/rviz_ogre_vendor/lib:/opt/ros/jazzy/lib/x86_64-linux-gnu:/opt/ros/jazzy/opt/gz_gui_vendor/lib:/opt/ros/jazzy/opt/gz_transport_vendor/lib:/opt/ros/jazzy/opt/gz_rendering_vendor/lib:/opt/ros/jazzy/opt/gz_plugin_vendor/lib:/opt/ros/jazzy/opt/gz_fuel_tools_vendor/lib:/opt/ros/jazzy/opt/gz_msgs_vendor/lib:/opt/ros/jazzy/opt/gz_common_vendor/lib:/opt/ros/jazzy/opt/gz_math_vendor/lib:/opt/ros/jazzy/opt/gz_utils_vendor/lib:/opt/ros/jazzy/opt/gz_tools_vendor/lib:/opt/ros/jazzy/opt/gz_ogre_next_vendor/lib:/opt/ros/jazzy/opt/gz_dartsim_vendor/lib:/opt/ros/jazzy/opt/gz_cmake_vendor/lib:/opt/ros/jazzy/lib /usr/bin/cmake --build /home/mario/master_ws/build/estun_control -- -j12 -l12
[1.750s] DEBUG:colcon.colcon_core.event_handler.log_command:Invoked command in '/home/mario/master_ws/build/estun_control' returned '0': CMAKE_PREFIX_PATH=/home/mario/master_ws/install/moveit_task_constructor_core:/home/mario/master_ws/install/rviz_marker_tools:/home/mario/master_ws/install/moveit_task_constructor_msgs:/home/mario/master_ws/install/vision_control:/home/mario/master_ws/install/moveit_task_constructor_demo:/home/mario/master_ws/install/moveit_task_constructor_visualization:/home/mario/master_ws/install/moveit_task_constructor_capabilities:/home/mario/master_ws/install/estun_control:/home/mario/master_ws/install/estun_moveit:/opt/ros/jazzy/opt/gz_sim_vendor:/opt/ros/jazzy/opt/gz_sensors_vendor:/opt/ros/jazzy/opt/gz_physics_vendor:/opt/ros/jazzy/opt/sdformat_vendor:/opt/ros/jazzy/opt/gz_gui_vendor:/opt/ros/jazzy/opt/gz_transport_vendor:/opt/ros/jazzy/opt/gz_rendering_vendor:/opt/ros/jazzy/opt/gz_plugin_vendor:/opt/ros/jazzy/opt/gz_fuel_tools_vendor:/opt/ros/jazzy/opt/gz_msgs_vendor:/opt/ros/jazzy/opt/gz_common_vendor:/opt/ros/jazzy/opt/gz_math_vendor:/opt/ros/jazzy/opt/gz_utils_vendor:/opt/ros/jazzy/opt/gz_tools_vendor:/opt/ros/jazzy/opt/gz_ogre_next_vendor:/opt/ros/jazzy/opt/gz_dartsim_vendor:/opt/ros/jazzy/opt/gz_cmake_vendor:/home/mario/master_ws/install/estun_description:/opt/ros/jazzy DEBUGINFOD_URLS=https://debuginfod.ubuntu.com LD_LIBRARY_PATH=/home/mario/master_ws/install/moveit_task_constructor_core/lib:/home/mario/master_ws/install/rviz_marker_tools/lib:/home/mario/master_ws/install/moveit_task_constructor_msgs/lib:/home/mario/master_ws/install/moveit_task_constructor_demo/lib:/home/mario/master_ws/install/moveit_task_constructor_visualization/lib:/home/mario/master_ws/install/moveit_task_constructor_capabilities/lib:/opt/ros/jazzy/opt/gz_sim_vendor/lib:/opt/ros/jazzy/opt/gz_sensors_vendor/lib:/opt/ros/jazzy/opt/gz_physics_vendor/lib:/opt/ros/jazzy/opt/sdformat_vendor/lib:/opt/ros/jazzy/opt/rviz_ogre_vendor/lib:/opt/ros/jazzy/lib/x86_64-linux-gnu:/opt/ros/jazzy/opt/gz_gui_vendor/lib:/opt/ros/jazzy/opt/gz_transport_vendor/lib:/opt/ros/jazzy/opt/gz_rendering_vendor/lib:/opt/ros/jazzy/opt/gz_plugin_vendor/lib:/opt/ros/jazzy/opt/gz_fuel_tools_vendor/lib:/opt/ros/jazzy/opt/gz_msgs_vendor/lib:/opt/ros/jazzy/opt/gz_common_vendor/lib:/opt/ros/jazzy/opt/gz_math_vendor/lib:/opt/ros/jazzy/opt/gz_utils_vendor/lib:/opt/ros/jazzy/opt/gz_tools_vendor/lib:/opt/ros/jazzy/opt/gz_ogre_next_vendor/lib:/opt/ros/jazzy/opt/gz_dartsim_vendor/lib:/opt/ros/jazzy/opt/gz_cmake_vendor/lib:/opt/ros/jazzy/lib /usr/bin/cmake --build /home/mario/master_ws/build/estun_control -- -j12 -l12
[1.751s] DEBUG:colcon.colcon_core.event_handler.log_command:Invoking command in '/home/mario/master_ws/build/estun_control': CMAKE_PREFIX_PATH=/home/mario/master_ws/install/moveit_task_constructor_core:/home/mario/master_ws/install/rviz_marker_tools:/home/mario/master_ws/install/moveit_task_constructor_msgs:/home/mario/master_ws/install/vision_control:/home/mario/master_ws/install/moveit_task_constructor_demo:/home/mario/master_ws/install/moveit_task_constructor_visualization:/home/mario/master_ws/install/moveit_task_constructor_capabilities:/home/mario/master_ws/install/estun_control:/home/mario/master_ws/install/estun_moveit:/opt/ros/jazzy/opt/gz_sim_vendor:/opt/ros/jazzy/opt/gz_sensors_vendor:/opt/ros/jazzy/opt/gz_physics_vendor:/opt/ros/jazzy/opt/sdformat_vendor:/opt/ros/jazzy/opt/gz_gui_vendor:/opt/ros/jazzy/opt/gz_transport_vendor:/opt/ros/jazzy/opt/gz_rendering_vendor:/opt/ros/jazzy/opt/gz_plugin_vendor:/opt/ros/jazzy/opt/gz_fuel_tools_vendor:/opt/ros/jazzy/opt/gz_msgs_vendor:/opt/ros/jazzy/opt/gz_common_vendor:/opt/ros/jazzy/opt/gz_math_vendor:/opt/ros/jazzy/opt/gz_utils_vendor:/opt/ros/jazzy/opt/gz_tools_vendor:/opt/ros/jazzy/opt/gz_ogre_next_vendor:/opt/ros/jazzy/opt/gz_dartsim_vendor:/opt/ros/jazzy/opt/gz_cmake_vendor:/home/mario/master_ws/install/estun_description:/opt/ros/jazzy DEBUGINFOD_URLS=https://debuginfod.ubuntu.com LD_LIBRARY_PATH=/home/mario/master_ws/install/moveit_task_constructor_core/lib:/home/mario/master_ws/install/rviz_marker_tools/lib:/home/mario/master_ws/install/moveit_task_constructor_msgs/lib:/home/mario/master_ws/install/moveit_task_constructor_demo/lib:/home/mario/master_ws/install/moveit_task_constructor_visualization/lib:/home/mario/master_ws/install/moveit_task_constructor_capabilities/lib:/opt/ros/jazzy/opt/gz_sim_vendor/lib:/opt/ros/jazzy/opt/gz_sensors_vendor/lib:/opt/ros/jazzy/opt/gz_physics_vendor/lib:/opt/ros/jazzy/opt/sdformat_vendor/lib:/opt/ros/jazzy/opt/rviz_ogre_vendor/lib:/opt/ros/jazzy/lib/x86_64-linux-gnu:/opt/ros/jazzy/opt/gz_gui_vendor/lib:/opt/ros/jazzy/opt/gz_transport_vendor/lib:/opt/ros/jazzy/opt/gz_rendering_vendor/lib:/opt/ros/jazzy/opt/gz_plugin_vendor/lib:/opt/ros/jazzy/opt/gz_fuel_tools_vendor/lib:/opt/ros/jazzy/opt/gz_msgs_vendor/lib:/opt/ros/jazzy/opt/gz_common_vendor/lib:/opt/ros/jazzy/opt/gz_math_vendor/lib:/opt/ros/jazzy/opt/gz_utils_vendor/lib:/opt/ros/jazzy/opt/gz_tools_vendor/lib:/opt/ros/jazzy/opt/gz_ogre_next_vendor/lib:/opt/ros/jazzy/opt/gz_dartsim_vendor/lib:/opt/ros/jazzy/opt/gz_cmake_vendor/lib:/opt/ros/jazzy/lib /usr/bin/cmake --install /home/mario/master_ws/build/estun_control
[1.773s] DEBUG:colcon.colcon_core.event_handler.log_command:Invoked command in '/home/mario/master_ws/build/moveit_task_constructor_capabilities' returned '0': CMAKE_PREFIX_PATH=/home/mario/master_ws/install/moveit_task_constructor_core:/home/mario/master_ws/install/rviz_marker_tools:/home/mario/master_ws/install/moveit_task_constructor_msgs:/home/mario/master_ws/install/vision_control:/home/mario/master_ws/install/moveit_task_constructor_demo:/home/mario/master_ws/install/moveit_task_constructor_visualization:/home/mario/master_ws/install/moveit_task_constructor_capabilities:/home/mario/master_ws/install/estun_control:/home/mario/master_ws/install/estun_moveit:/opt/ros/jazzy/opt/gz_sim_vendor:/opt/ros/jazzy/opt/gz_sensors_vendor:/opt/ros/jazzy/opt/gz_physics_vendor:/opt/ros/jazzy/opt/sdformat_vendor:/opt/ros/jazzy/opt/gz_gui_vendor:/opt/ros/jazzy/opt/gz_transport_vendor:/opt/ros/jazzy/opt/gz_rendering_vendor:/opt/ros/jazzy/opt/gz_plugin_vendor:/opt/ros/jazzy/opt/gz_fuel_tools_vendor:/opt/ros/jazzy/opt/gz_msgs_vendor:/opt/ros/jazzy/opt/gz_common_vendor:/opt/ros/jazzy/opt/gz_math_vendor:/opt/ros/jazzy/opt/gz_utils_vendor:/opt/ros/jazzy/opt/gz_tools_vendor:/opt/ros/jazzy/opt/gz_ogre_next_vendor:/opt/ros/jazzy/opt/gz_dartsim_vendor:/opt/ros/jazzy/opt/gz_cmake_vendor:/home/mario/master_ws/install/estun_description:/opt/ros/jazzy DEBUGINFOD_URLS=https://debuginfod.ubuntu.com LD_LIBRARY_PATH=/home/mario/master_ws/install/moveit_task_constructor_core/lib:/home/mario/master_ws/install/rviz_marker_tools/lib:/home/mario/master_ws/install/moveit_task_constructor_msgs/lib:/home/mario/master_ws/install/moveit_task_constructor_demo/lib:/home/mario/master_ws/install/moveit_task_constructor_visualization/lib:/home/mario/master_ws/install/moveit_task_constructor_capabilities/lib:/opt/ros/jazzy/opt/gz_sim_vendor/lib:/opt/ros/jazzy/opt/gz_sensors_vendor/lib:/opt/ros/jazzy/opt/gz_physics_vendor/lib:/opt/ros/jazzy/opt/sdformat_vendor/lib:/opt/ros/jazzy/opt/rviz_ogre_vendor/lib:/opt/ros/jazzy/lib/x86_64-linux-gnu:/opt/ros/jazzy/opt/gz_gui_vendor/lib:/opt/ros/jazzy/opt/gz_transport_vendor/lib:/opt/ros/jazzy/opt/gz_rendering_vendor/lib:/opt/ros/jazzy/opt/gz_plugin_vendor/lib:/opt/ros/jazzy/opt/gz_fuel_tools_vendor/lib:/opt/ros/jazzy/opt/gz_msgs_vendor/lib:/opt/ros/jazzy/opt/gz_common_vendor/lib:/opt/ros/jazzy/opt/gz_math_vendor/lib:/opt/ros/jazzy/opt/gz_utils_vendor/lib:/opt/ros/jazzy/opt/gz_tools_vendor/lib:/opt/ros/jazzy/opt/gz_ogre_next_vendor/lib:/opt/ros/jazzy/opt/gz_dartsim_vendor/lib:/opt/ros/jazzy/opt/gz_cmake_vendor/lib:/opt/ros/jazzy/lib /usr/bin/cmake --build /home/mario/master_ws/build/moveit_task_constructor_capabilities -- -j12 -l12
[1.775s] DEBUG:colcon.colcon_core.event_handler.log_command:Invoking command in '/home/mario/master_ws/build/moveit_task_constructor_capabilities': CMAKE_PREFIX_PATH=/home/mario/master_ws/install/moveit_task_constructor_core:/home/mario/master_ws/install/rviz_marker_tools:/home/mario/master_ws/install/moveit_task_constructor_msgs:/home/mario/master_ws/install/vision_control:/home/mario/master_ws/install/moveit_task_constructor_demo:/home/mario/master_ws/install/moveit_task_constructor_visualization:/home/mario/master_ws/install/moveit_task_constructor_capabilities:/home/mario/master_ws/install/estun_control:/home/mario/master_ws/install/estun_moveit:/opt/ros/jazzy/opt/gz_sim_vendor:/opt/ros/jazzy/opt/gz_sensors_vendor:/opt/ros/jazzy/opt/gz_physics_vendor:/opt/ros/jazzy/opt/sdformat_vendor:/opt/ros/jazzy/opt/gz_gui_vendor:/opt/ros/jazzy/opt/gz_transport_vendor:/opt/ros/jazzy/opt/gz_rendering_vendor:/opt/ros/jazzy/opt/gz_plugin_vendor:/opt/ros/jazzy/opt/gz_fuel_tools_vendor:/opt/ros/jazzy/opt/gz_msgs_vendor:/opt/ros/jazzy/opt/gz_common_vendor:/opt/ros/jazzy/opt/gz_math_vendor:/opt/ros/jazzy/opt/gz_utils_vendor:/opt/ros/jazzy/opt/gz_tools_vendor:/opt/ros/jazzy/opt/gz_ogre_next_vendor:/opt/ros/jazzy/opt/gz_dartsim_vendor:/opt/ros/jazzy/opt/gz_cmake_vendor:/home/mario/master_ws/install/estun_description:/opt/ros/jazzy DEBUGINFOD_URLS=https://debuginfod.ubuntu.com LD_LIBRARY_PATH=/home/mario/master_ws/install/moveit_task_constructor_core/lib:/home/mario/master_ws/install/rviz_marker_tools/lib:/home/mario/master_ws/install/moveit_task_constructor_msgs/lib:/home/mario/master_ws/install/moveit_task_constructor_demo/lib:/home/mario/master_ws/install/moveit_task_constructor_visualization/lib:/home/mario/master_ws/install/moveit_task_constructor_capabilities/lib:/opt/ros/jazzy/opt/gz_sim_vendor/lib:/opt/ros/jazzy/opt/gz_sensors_vendor/lib:/opt/ros/jazzy/opt/gz_physics_vendor/lib:/opt/ros/jazzy/opt/sdformat_vendor/lib:/opt/ros/jazzy/opt/rviz_ogre_vendor/lib:/opt/ros/jazzy/lib/x86_64-linux-gnu:/opt/ros/jazzy/opt/gz_gui_vendor/lib:/opt/ros/jazzy/opt/gz_transport_vendor/lib:/opt/ros/jazzy/opt/gz_rendering_vendor/lib:/opt/ros/jazzy/opt/gz_plugin_vendor/lib:/opt/ros/jazzy/opt/gz_fuel_tools_vendor/lib:/opt/ros/jazzy/opt/gz_msgs_vendor/lib:/opt/ros/jazzy/opt/gz_common_vendor/lib:/opt/ros/jazzy/opt/gz_math_vendor/lib:/opt/ros/jazzy/opt/gz_utils_vendor/lib:/opt/ros/jazzy/opt/gz_tools_vendor/lib:/opt/ros/jazzy/opt/gz_ogre_next_vendor/lib:/opt/ros/jazzy/opt/gz_dartsim_vendor/lib:/opt/ros/jazzy/opt/gz_cmake_vendor/lib:/opt/ros/jazzy/lib /usr/bin/cmake --install /home/mario/master_ws/build/moveit_task_constructor_capabilities
[1.775s] Level 1:colcon.colcon_core.environment:create_environment_scripts_only(estun_control)
[1.776s] Level 1:colcon.colcon_core.environment:checking '/home/mario/master_ws/install/estun_control' for CMake module files
[1.777s] Level 1:colcon.colcon_core.environment:checking '/home/mario/master_ws/install/estun_control' for CMake config files
[1.777s] Level 1:colcon.colcon_core.shell:create_environment_hook('estun_control', 'cmake_prefix_path')
[1.777s] INFO:colcon.colcon_core.shell:Creating environment hook '/home/mario/master_ws/install/estun_control/share/estun_control/hook/cmake_prefix_path.ps1'
[1.778s] INFO:colcon.colcon_core.shell:Creating environment descriptor '/home/mario/master_ws/install/estun_control/share/estun_control/hook/cmake_prefix_path.dsv'
[1.778s] INFO:colcon.colcon_core.shell:Creating environment hook '/home/mario/master_ws/install/estun_control/share/estun_control/hook/cmake_prefix_path.sh'
[1.778s] Level 1:colcon.colcon_core.environment:checking '/home/mario/master_ws/install/estun_control/lib'
[1.778s] Level 1:colcon.colcon_core.environment:checking '/home/mario/master_ws/install/estun_control/bin'
[1.779s] Level 1:colcon.colcon_core.environment:checking '/home/mario/master_ws/install/estun_control/lib/pkgconfig/estun_control.pc'
[1.779s] Level 1:colcon.colcon_core.environment:checking '/home/mario/master_ws/install/estun_control/lib/python3.12/site-packages'
[1.779s] Level 1:colcon.colcon_core.environment:checking '/home/mario/master_ws/install/estun_control/bin'
[1.779s] INFO:colcon.colcon_core.shell:Creating package script '/home/mario/master_ws/install/estun_control/share/estun_control/package.ps1'
[1.780s] DEBUG:colcon.colcon_core.event_handler.log_command:Invoked command in '/home/mario/master_ws/build/estun_control' returned '0': CMAKE_PREFIX_PATH=/home/mario/master_ws/install/moveit_task_constructor_core:/home/mario/master_ws/install/rviz_marker_tools:/home/mario/master_ws/install/moveit_task_constructor_msgs:/home/mario/master_ws/install/vision_control:/home/mario/master_ws/install/moveit_task_constructor_demo:/home/mario/master_ws/install/moveit_task_constructor_visualization:/home/mario/master_ws/install/moveit_task_constructor_capabilities:/home/mario/master_ws/install/estun_control:/home/mario/master_ws/install/estun_moveit:/opt/ros/jazzy/opt/gz_sim_vendor:/opt/ros/jazzy/opt/gz_sensors_vendor:/opt/ros/jazzy/opt/gz_physics_vendor:/opt/ros/jazzy/opt/sdformat_vendor:/opt/ros/jazzy/opt/gz_gui_vendor:/opt/ros/jazzy/opt/gz_transport_vendor:/opt/ros/jazzy/opt/gz_rendering_vendor:/opt/ros/jazzy/opt/gz_plugin_vendor:/opt/ros/jazzy/opt/gz_fuel_tools_vendor:/opt/ros/jazzy/opt/gz_msgs_vendor:/opt/ros/jazzy/opt/gz_common_vendor:/opt/ros/jazzy/opt/gz_math_vendor:/opt/ros/jazzy/opt/gz_utils_vendor:/opt/ros/jazzy/opt/gz_tools_vendor:/opt/ros/jazzy/opt/gz_ogre_next_vendor:/opt/ros/jazzy/opt/gz_dartsim_vendor:/opt/ros/jazzy/opt/gz_cmake_vendor:/home/mario/master_ws/install/estun_description:/opt/ros/jazzy DEBUGINFOD_URLS=https://debuginfod.ubuntu.com LD_LIBRARY_PATH=/home/mario/master_ws/install/moveit_task_constructor_core/lib:/home/mario/master_ws/install/rviz_marker_tools/lib:/home/mario/master_ws/install/moveit_task_constructor_msgs/lib:/home/mario/master_ws/install/moveit_task_constructor_demo/lib:/home/mario/master_ws/install/moveit_task_constructor_visualization/lib:/home/mario/master_ws/install/moveit_task_constructor_capabilities/lib:/opt/ros/jazzy/opt/gz_sim_vendor/lib:/opt/ros/jazzy/opt/gz_sensors_vendor/lib:/opt/ros/jazzy/opt/gz_physics_vendor/lib:/opt/ros/jazzy/opt/sdformat_vendor/lib:/opt/ros/jazzy/opt/rviz_ogre_vendor/lib:/opt/ros/jazzy/lib/x86_64-linux-gnu:/opt/ros/jazzy/opt/gz_gui_vendor/lib:/opt/ros/jazzy/opt/gz_transport_vendor/lib:/opt/ros/jazzy/opt/gz_rendering_vendor/lib:/opt/ros/jazzy/opt/gz_plugin_vendor/lib:/opt/ros/jazzy/opt/gz_fuel_tools_vendor/lib:/opt/ros/jazzy/opt/gz_msgs_vendor/lib:/opt/ros/jazzy/opt/gz_common_vendor/lib:/opt/ros/jazzy/opt/gz_math_vendor/lib:/opt/ros/jazzy/opt/gz_utils_vendor/lib:/opt/ros/jazzy/opt/gz_tools_vendor/lib:/opt/ros/jazzy/opt/gz_ogre_next_vendor/lib:/opt/ros/jazzy/opt/gz_dartsim_vendor/lib:/opt/ros/jazzy/opt/gz_cmake_vendor/lib:/opt/ros/jazzy/lib /usr/bin/cmake --install /home/mario/master_ws/build/estun_control
[1.780s] INFO:colcon.colcon_core.shell:Creating package descriptor '/home/mario/master_ws/install/estun_control/share/estun_control/package.dsv'
[1.780s] INFO:colcon.colcon_core.shell:Creating package script '/home/mario/master_ws/install/estun_control/share/estun_control/package.sh'
[1.781s] INFO:colcon.colcon_core.shell:Creating package script '/home/mario/master_ws/install/estun_control/share/estun_control/package.bash'
[1.781s] INFO:colcon.colcon_core.shell:Creating package script '/home/mario/master_ws/install/estun_control/share/estun_control/package.zsh'
[1.782s] Level 1:colcon.colcon_core.environment:create_file_with_runtime_dependencies(/home/mario/master_ws/install/estun_control/share/colcon-core/packages/estun_control)
[1.782s] Level 1:colcon.colcon_core.environment:create_environment_scripts_only(estun_control)
[1.782s] Level 1:colcon.colcon_core.environment:checking '/home/mario/master_ws/install/estun_control' for CMake module files
[1.783s] Level 1:colcon.colcon_core.environment:checking '/home/mario/master_ws/install/estun_control' for CMake config files
[1.783s] Level 1:colcon.colcon_core.shell:create_environment_hook('estun_control', 'cmake_prefix_path')
[1.783s] INFO:colcon.colcon_core.shell:Creating environment hook '/home/mario/master_ws/install/estun_control/share/estun_control/hook/cmake_prefix_path.ps1'
[1.784s] INFO:colcon.colcon_core.shell:Creating environment descriptor '/home/mario/master_ws/install/estun_control/share/estun_control/hook/cmake_prefix_path.dsv'
[1.784s] INFO:colcon.colcon_core.shell:Creating environment hook '/home/mario/master_ws/install/estun_control/share/estun_control/hook/cmake_prefix_path.sh'
[1.785s] Level 1:colcon.colcon_core.environment:checking '/home/mario/master_ws/install/estun_control/lib'
[1.785s] Level 1:colcon.colcon_core.environment:checking '/home/mario/master_ws/install/estun_control/bin'
[1.785s] Level 1:colcon.colcon_core.environment:checking '/home/mario/master_ws/install/estun_control/lib/pkgconfig/estun_control.pc'
[1.785s] Level 1:colcon.colcon_core.environment:checking '/home/mario/master_ws/install/estun_control/lib/python3.12/site-packages'
[1.785s] Level 1:colcon.colcon_core.environment:checking '/home/mario/master_ws/install/estun_control/bin'
[1.786s] INFO:colcon.colcon_core.shell:Creating package script '/home/mario/master_ws/install/estun_control/share/estun_control/package.ps1'
[1.788s] INFO:colcon.colcon_core.shell:Creating package descriptor '/home/mario/master_ws/install/estun_control/share/estun_control/package.dsv'
[1.789s] INFO:colcon.colcon_core.shell:Creating package script '/home/mario/master_ws/install/estun_control/share/estun_control/package.sh'
[1.790s] INFO:colcon.colcon_core.shell:Creating package script '/home/mario/master_ws/install/estun_control/share/estun_control/package.bash'
[1.791s] INFO:colcon.colcon_core.shell:Creating package script '/home/mario/master_ws/install/estun_control/share/estun_control/package.zsh'
[1.791s] Level 1:colcon.colcon_core.environment:create_file_with_runtime_dependencies(/home/mario/master_ws/install/estun_control/share/colcon-core/packages/estun_control)
[1.793s] Level 1:colcon.colcon_core.environment:create_environment_scripts_only(moveit_task_constructor_capabilities)
[1.793s] Level 1:colcon.colcon_core.environment:checking '/home/mario/master_ws/install/moveit_task_constructor_capabilities' for CMake module files
[1.794s] DEBUG:colcon.colcon_core.event_handler.log_command:Invoked command in '/home/mario/master_ws/build/moveit_task_constructor_capabilities' returned '0': CMAKE_PREFIX_PATH=/home/mario/master_ws/install/moveit_task_constructor_core:/home/mario/master_ws/install/rviz_marker_tools:/home/mario/master_ws/install/moveit_task_constructor_msgs:/home/mario/master_ws/install/vision_control:/home/mario/master_ws/install/moveit_task_constructor_demo:/home/mario/master_ws/install/moveit_task_constructor_visualization:/home/mario/master_ws/install/moveit_task_constructor_capabilities:/home/mario/master_ws/install/estun_control:/home/mario/master_ws/install/estun_moveit:/opt/ros/jazzy/opt/gz_sim_vendor:/opt/ros/jazzy/opt/gz_sensors_vendor:/opt/ros/jazzy/opt/gz_physics_vendor:/opt/ros/jazzy/opt/sdformat_vendor:/opt/ros/jazzy/opt/gz_gui_vendor:/opt/ros/jazzy/opt/gz_transport_vendor:/opt/ros/jazzy/opt/gz_rendering_vendor:/opt/ros/jazzy/opt/gz_plugin_vendor:/opt/ros/jazzy/opt/gz_fuel_tools_vendor:/opt/ros/jazzy/opt/gz_msgs_vendor:/opt/ros/jazzy/opt/gz_common_vendor:/opt/ros/jazzy/opt/gz_math_vendor:/opt/ros/jazzy/opt/gz_utils_vendor:/opt/ros/jazzy/opt/gz_tools_vendor:/opt/ros/jazzy/opt/gz_ogre_next_vendor:/opt/ros/jazzy/opt/gz_dartsim_vendor:/opt/ros/jazzy/opt/gz_cmake_vendor:/home/mario/master_ws/install/estun_description:/opt/ros/jazzy DEBUGINFOD_URLS=https://debuginfod.ubuntu.com LD_LIBRARY_PATH=/home/mario/master_ws/install/moveit_task_constructor_core/lib:/home/mario/master_ws/install/rviz_marker_tools/lib:/home/mario/master_ws/install/moveit_task_constructor_msgs/lib:/home/mario/master_ws/install/moveit_task_constructor_demo/lib:/home/mario/master_ws/install/moveit_task_constructor_visualization/lib:/home/mario/master_ws/install/moveit_task_constructor_capabilities/lib:/opt/ros/jazzy/opt/gz_sim_vendor/lib:/opt/ros/jazzy/opt/gz_sensors_vendor/lib:/opt/ros/jazzy/opt/gz_physics_vendor/lib:/opt/ros/jazzy/opt/sdformat_vendor/lib:/opt/ros/jazzy/opt/rviz_ogre_vendor/lib:/opt/ros/jazzy/lib/x86_64-linux-gnu:/opt/ros/jazzy/opt/gz_gui_vendor/lib:/opt/ros/jazzy/opt/gz_transport_vendor/lib:/opt/ros/jazzy/opt/gz_rendering_vendor/lib:/opt/ros/jazzy/opt/gz_plugin_vendor/lib:/opt/ros/jazzy/opt/gz_fuel_tools_vendor/lib:/opt/ros/jazzy/opt/gz_msgs_vendor/lib:/opt/ros/jazzy/opt/gz_common_vendor/lib:/opt/ros/jazzy/opt/gz_math_vendor/lib:/opt/ros/jazzy/opt/gz_utils_vendor/lib:/opt/ros/jazzy/opt/gz_tools_vendor/lib:/opt/ros/jazzy/opt/gz_ogre_next_vendor/lib:/opt/ros/jazzy/opt/gz_dartsim_vendor/lib:/opt/ros/jazzy/opt/gz_cmake_vendor/lib:/opt/ros/jazzy/lib /usr/bin/cmake --install /home/mario/master_ws/build/moveit_task_constructor_capabilities
[1.794s] Level 1:colcon.colcon_core.environment:checking '/home/mario/master_ws/install/moveit_task_constructor_capabilities' for CMake config files
[1.794s] Level 1:colcon.colcon_core.shell:create_environment_hook('moveit_task_constructor_capabilities', 'cmake_prefix_path')
[1.795s] INFO:colcon.colcon_core.shell:Creating environment hook '/home/mario/master_ws/install/moveit_task_constructor_capabilities/share/moveit_task_constructor_capabilities/hook/cmake_prefix_path.ps1'
[1.795s] INFO:colcon.colcon_core.shell:Creating environment descriptor '/home/mario/master_ws/install/moveit_task_constructor_capabilities/share/moveit_task_constructor_capabilities/hook/cmake_prefix_path.dsv'
[1.795s] INFO:colcon.colcon_core.shell:Creating environment hook '/home/mario/master_ws/install/moveit_task_constructor_capabilities/share/moveit_task_constructor_capabilities/hook/cmake_prefix_path.sh'
[1.796s] Level 1:colcon.colcon_core.environment:checking '/home/mario/master_ws/install/moveit_task_constructor_capabilities/lib'
[1.796s] Level 1:colcon.colcon_core.shell:create_environment_hook('moveit_task_constructor_capabilities', 'ld_library_path_lib')
[1.796s] INFO:colcon.colcon_core.shell:Creating environment hook '/home/mario/master_ws/install/moveit_task_constructor_capabilities/share/moveit_task_constructor_capabilities/hook/ld_library_path_lib.ps1'
[1.796s] INFO:colcon.colcon_core.shell:Creating environment descriptor '/home/mario/master_ws/install/moveit_task_constructor_capabilities/share/moveit_task_constructor_capabilities/hook/ld_library_path_lib.dsv'
[1.797s] INFO:colcon.colcon_core.shell:Creating environment hook '/home/mario/master_ws/install/moveit_task_constructor_capabilities/share/moveit_task_constructor_capabilities/hook/ld_library_path_lib.sh'
[1.797s] Level 1:colcon.colcon_core.environment:checking '/home/mario/master_ws/install/moveit_task_constructor_capabilities/bin'
[1.797s] Level 1:colcon.colcon_core.environment:checking '/home/mario/master_ws/install/moveit_task_constructor_capabilities/lib/pkgconfig/moveit_task_constructor_capabilities.pc'
[1.797s] Level 1:colcon.colcon_core.environment:checking '/home/mario/master_ws/install/moveit_task_constructor_capabilities/lib/python3.12/site-packages'
[1.798s] Level 1:colcon.colcon_core.environment:checking '/home/mario/master_ws/install/moveit_task_constructor_capabilities/bin'
[1.798s] INFO:colcon.colcon_core.shell:Creating package script '/home/mario/master_ws/install/moveit_task_constructor_capabilities/share/moveit_task_constructor_capabilities/package.ps1'
[1.799s] INFO:colcon.colcon_core.shell:Creating package descriptor '/home/mario/master_ws/install/moveit_task_constructor_capabilities/share/moveit_task_constructor_capabilities/package.dsv'
[1.799s] INFO:colcon.colcon_core.shell:Creating package script '/home/mario/master_ws/install/moveit_task_constructor_capabilities/share/moveit_task_constructor_capabilities/package.sh'
[1.799s] INFO:colcon.colcon_core.shell:Creating package script '/home/mario/master_ws/install/moveit_task_constructor_capabilities/share/moveit_task_constructor_capabilities/package.bash'
[1.800s] INFO:colcon.colcon_core.shell:Creating package script '/home/mario/master_ws/install/moveit_task_constructor_capabilities/share/moveit_task_constructor_capabilities/package.zsh'
[1.801s] Level 1:colcon.colcon_core.environment:create_file_with_runtime_dependencies(/home/mario/master_ws/install/moveit_task_constructor_capabilities/share/colcon-core/packages/moveit_task_constructor_capabilities)
[1.801s] Level 1:colcon.colcon_core.environment:create_environment_scripts_only(moveit_task_constructor_capabilities)
[1.801s] Level 1:colcon.colcon_core.environment:checking '/home/mario/master_ws/install/moveit_task_constructor_capabilities' for CMake module files
[1.802s] Level 1:colcon.colcon_core.environment:checking '/home/mario/master_ws/install/moveit_task_constructor_capabilities' for CMake config files
[1.802s] Level 1:colcon.colcon_core.shell:create_environment_hook('moveit_task_constructor_capabilities', 'cmake_prefix_path')
[1.802s] INFO:colcon.colcon_core.shell:Creating environment hook '/home/mario/master_ws/install/moveit_task_constructor_capabilities/share/moveit_task_constructor_capabilities/hook/cmake_prefix_path.ps1'
[1.803s] INFO:colcon.colcon_core.shell:Creating environment descriptor '/home/mario/master_ws/install/moveit_task_constructor_capabilities/share/moveit_task_constructor_capabilities/hook/cmake_prefix_path.dsv'
[1.803s] INFO:colcon.colcon_core.shell:Creating environment hook '/home/mario/master_ws/install/moveit_task_constructor_capabilities/share/moveit_task_constructor_capabilities/hook/cmake_prefix_path.sh'
[1.804s] Level 1:colcon.colcon_core.environment:checking '/home/mario/master_ws/install/moveit_task_constructor_capabilities/lib'
[1.804s] Level 1:colcon.colcon_core.shell:create_environment_hook('moveit_task_constructor_capabilities', 'ld_library_path_lib')
[1.804s] INFO:colcon.colcon_core.shell:Creating environment hook '/home/mario/master_ws/install/moveit_task_constructor_capabilities/share/moveit_task_constructor_capabilities/hook/ld_library_path_lib.ps1'
[1.804s] INFO:colcon.colcon_core.shell:Creating environment descriptor '/home/mario/master_ws/install/moveit_task_constructor_capabilities/share/moveit_task_constructor_capabilities/hook/ld_library_path_lib.dsv'
[1.805s] INFO:colcon.colcon_core.shell:Creating environment hook '/home/mario/master_ws/install/moveit_task_constructor_capabilities/share/moveit_task_constructor_capabilities/hook/ld_library_path_lib.sh'
[1.805s] Level 1:colcon.colcon_core.environment:checking '/home/mario/master_ws/install/moveit_task_constructor_capabilities/bin'
[1.805s] Level 1:colcon.colcon_core.environment:checking '/home/mario/master_ws/install/moveit_task_constructor_capabilities/lib/pkgconfig/moveit_task_constructor_capabilities.pc'
[1.805s] Level 1:colcon.colcon_core.environment:checking '/home/mario/master_ws/install/moveit_task_constructor_capabilities/lib/python3.12/site-packages'
[1.806s] Level 1:colcon.colcon_core.environment:checking '/home/mario/master_ws/install/moveit_task_constructor_capabilities/bin'
[1.806s] INFO:colcon.colcon_core.shell:Creating package script '/home/mario/master_ws/install/moveit_task_constructor_capabilities/share/moveit_task_constructor_capabilities/package.ps1'
[1.806s] INFO:colcon.colcon_core.shell:Creating package descriptor '/home/mario/master_ws/install/moveit_task_constructor_capabilities/share/moveit_task_constructor_capabilities/package.dsv'
[1.807s] INFO:colcon.colcon_core.shell:Creating package script '/home/mario/master_ws/install/moveit_task_constructor_capabilities/share/moveit_task_constructor_capabilities/package.sh'
[1.807s] INFO:colcon.colcon_core.shell:Creating package script '/home/mario/master_ws/install/moveit_task_constructor_capabilities/share/moveit_task_constructor_capabilities/package.bash'
[1.808s] INFO:colcon.colcon_core.shell:Creating package script '/home/mario/master_ws/install/moveit_task_constructor_capabilities/share/moveit_task_constructor_capabilities/package.zsh'
[1.808s] Level 1:colcon.colcon_core.environment:create_file_with_runtime_dependencies(/home/mario/master_ws/install/moveit_task_constructor_capabilities/share/colcon-core/packages/moveit_task_constructor_capabilities)
[2.075s] DEBUG:colcon.colcon_core.event_handler.log_command:Invoked command in '/home/mario/master_ws/build/moveit_task_constructor_visualization' returned '0': CMAKE_PREFIX_PATH=/home/mario/master_ws/install/moveit_task_constructor_core:/home/mario/master_ws/install/rviz_marker_tools:/home/mario/master_ws/install/moveit_task_constructor_msgs:/home/mario/master_ws/install/vision_control:/home/mario/master_ws/install/moveit_task_constructor_demo:/home/mario/master_ws/install/moveit_task_constructor_visualization:/home/mario/master_ws/install/moveit_task_constructor_capabilities:/home/mario/master_ws/install/estun_control:/home/mario/master_ws/install/estun_moveit:/opt/ros/jazzy/opt/gz_sim_vendor:/opt/ros/jazzy/opt/gz_sensors_vendor:/opt/ros/jazzy/opt/gz_physics_vendor:/opt/ros/jazzy/opt/sdformat_vendor:/opt/ros/jazzy/opt/gz_gui_vendor:/opt/ros/jazzy/opt/gz_transport_vendor:/opt/ros/jazzy/opt/gz_rendering_vendor:/opt/ros/jazzy/opt/gz_plugin_vendor:/opt/ros/jazzy/opt/gz_fuel_tools_vendor:/opt/ros/jazzy/opt/gz_msgs_vendor:/opt/ros/jazzy/opt/gz_common_vendor:/opt/ros/jazzy/opt/gz_math_vendor:/opt/ros/jazzy/opt/gz_utils_vendor:/opt/ros/jazzy/opt/gz_tools_vendor:/opt/ros/jazzy/opt/gz_ogre_next_vendor:/opt/ros/jazzy/opt/gz_dartsim_vendor:/opt/ros/jazzy/opt/gz_cmake_vendor:/home/mario/master_ws/install/estun_description:/opt/ros/jazzy DEBUGINFOD_URLS=https://debuginfod.ubuntu.com LD_LIBRARY_PATH=/home/mario/master_ws/install/moveit_task_constructor_core/lib:/home/mario/master_ws/install/rviz_marker_tools/lib:/home/mario/master_ws/install/moveit_task_constructor_msgs/lib:/home/mario/master_ws/install/moveit_task_constructor_demo/lib:/home/mario/master_ws/install/moveit_task_constructor_visualization/lib:/home/mario/master_ws/install/moveit_task_constructor_capabilities/lib:/opt/ros/jazzy/opt/gz_sim_vendor/lib:/opt/ros/jazzy/opt/gz_sensors_vendor/lib:/opt/ros/jazzy/opt/gz_physics_vendor/lib:/opt/ros/jazzy/opt/sdformat_vendor/lib:/opt/ros/jazzy/opt/rviz_ogre_vendor/lib:/opt/ros/jazzy/lib/x86_64-linux-gnu:/opt/ros/jazzy/opt/gz_gui_vendor/lib:/opt/ros/jazzy/opt/gz_transport_vendor/lib:/opt/ros/jazzy/opt/gz_rendering_vendor/lib:/opt/ros/jazzy/opt/gz_plugin_vendor/lib:/opt/ros/jazzy/opt/gz_fuel_tools_vendor/lib:/opt/ros/jazzy/opt/gz_msgs_vendor/lib:/opt/ros/jazzy/opt/gz_common_vendor/lib:/opt/ros/jazzy/opt/gz_math_vendor/lib:/opt/ros/jazzy/opt/gz_utils_vendor/lib:/opt/ros/jazzy/opt/gz_tools_vendor/lib:/opt/ros/jazzy/opt/gz_ogre_next_vendor/lib:/opt/ros/jazzy/opt/gz_dartsim_vendor/lib:/opt/ros/jazzy/opt/gz_cmake_vendor/lib:/opt/ros/jazzy/lib /usr/bin/cmake --build /home/mario/master_ws/build/moveit_task_constructor_visualization -- -j12 -l12
[2.077s] DEBUG:colcon.colcon_core.event_handler.log_command:Invoking command in '/home/mario/master_ws/build/moveit_task_constructor_visualization': CMAKE_PREFIX_PATH=/home/mario/master_ws/install/moveit_task_constructor_core:/home/mario/master_ws/install/rviz_marker_tools:/home/mario/master_ws/install/moveit_task_constructor_msgs:/home/mario/master_ws/install/vision_control:/home/mario/master_ws/install/moveit_task_constructor_demo:/home/mario/master_ws/install/moveit_task_constructor_visualization:/home/mario/master_ws/install/moveit_task_constructor_capabilities:/home/mario/master_ws/install/estun_control:/home/mario/master_ws/install/estun_moveit:/opt/ros/jazzy/opt/gz_sim_vendor:/opt/ros/jazzy/opt/gz_sensors_vendor:/opt/ros/jazzy/opt/gz_physics_vendor:/opt/ros/jazzy/opt/sdformat_vendor:/opt/ros/jazzy/opt/gz_gui_vendor:/opt/ros/jazzy/opt/gz_transport_vendor:/opt/ros/jazzy/opt/gz_rendering_vendor:/opt/ros/jazzy/opt/gz_plugin_vendor:/opt/ros/jazzy/opt/gz_fuel_tools_vendor:/opt/ros/jazzy/opt/gz_msgs_vendor:/opt/ros/jazzy/opt/gz_common_vendor:/opt/ros/jazzy/opt/gz_math_vendor:/opt/ros/jazzy/opt/gz_utils_vendor:/opt/ros/jazzy/opt/gz_tools_vendor:/opt/ros/jazzy/opt/gz_ogre_next_vendor:/opt/ros/jazzy/opt/gz_dartsim_vendor:/opt/ros/jazzy/opt/gz_cmake_vendor:/home/mario/master_ws/install/estun_description:/opt/ros/jazzy DEBUGINFOD_URLS=https://debuginfod.ubuntu.com LD_LIBRARY_PATH=/home/mario/master_ws/install/moveit_task_constructor_core/lib:/home/mario/master_ws/install/rviz_marker_tools/lib:/home/mario/master_ws/install/moveit_task_constructor_msgs/lib:/home/mario/master_ws/install/moveit_task_constructor_demo/lib:/home/mario/master_ws/install/moveit_task_constructor_visualization/lib:/home/mario/master_ws/install/moveit_task_constructor_capabilities/lib:/opt/ros/jazzy/opt/gz_sim_vendor/lib:/opt/ros/jazzy/opt/gz_sensors_vendor/lib:/opt/ros/jazzy/opt/gz_physics_vendor/lib:/opt/ros/jazzy/opt/sdformat_vendor/lib:/opt/ros/jazzy/opt/rviz_ogre_vendor/lib:/opt/ros/jazzy/lib/x86_64-linux-gnu:/opt/ros/jazzy/opt/gz_gui_vendor/lib:/opt/ros/jazzy/opt/gz_transport_vendor/lib:/opt/ros/jazzy/opt/gz_rendering_vendor/lib:/opt/ros/jazzy/opt/gz_plugin_vendor/lib:/opt/ros/jazzy/opt/gz_fuel_tools_vendor/lib:/opt/ros/jazzy/opt/gz_msgs_vendor/lib:/opt/ros/jazzy/opt/gz_common_vendor/lib:/opt/ros/jazzy/opt/gz_math_vendor/lib:/opt/ros/jazzy/opt/gz_utils_vendor/lib:/opt/ros/jazzy/opt/gz_tools_vendor/lib:/opt/ros/jazzy/opt/gz_ogre_next_vendor/lib:/opt/ros/jazzy/opt/gz_dartsim_vendor/lib:/opt/ros/jazzy/opt/gz_cmake_vendor/lib:/opt/ros/jazzy/lib /usr/bin/cmake --install /home/mario/master_ws/build/moveit_task_constructor_visualization
[2.094s] Level 1:colcon.colcon_core.environment:create_environment_scripts_only(moveit_task_constructor_visualization)
[2.094s] Level 1:colcon.colcon_core.environment:checking '/home/mario/master_ws/install/moveit_task_constructor_visualization' for CMake module files
[2.095s] DEBUG:colcon.colcon_core.event_handler.log_command:Invoked command in '/home/mario/master_ws/build/moveit_task_constructor_visualization' returned '0': CMAKE_PREFIX_PATH=/home/mario/master_ws/install/moveit_task_constructor_core:/home/mario/master_ws/install/rviz_marker_tools:/home/mario/master_ws/install/moveit_task_constructor_msgs:/home/mario/master_ws/install/vision_control:/home/mario/master_ws/install/moveit_task_constructor_demo:/home/mario/master_ws/install/moveit_task_constructor_visualization:/home/mario/master_ws/install/moveit_task_constructor_capabilities:/home/mario/master_ws/install/estun_control:/home/mario/master_ws/install/estun_moveit:/opt/ros/jazzy/opt/gz_sim_vendor:/opt/ros/jazzy/opt/gz_sensors_vendor:/opt/ros/jazzy/opt/gz_physics_vendor:/opt/ros/jazzy/opt/sdformat_vendor:/opt/ros/jazzy/opt/gz_gui_vendor:/opt/ros/jazzy/opt/gz_transport_vendor:/opt/ros/jazzy/opt/gz_rendering_vendor:/opt/ros/jazzy/opt/gz_plugin_vendor:/opt/ros/jazzy/opt/gz_fuel_tools_vendor:/opt/ros/jazzy/opt/gz_msgs_vendor:/opt/ros/jazzy/opt/gz_common_vendor:/opt/ros/jazzy/opt/gz_math_vendor:/opt/ros/jazzy/opt/gz_utils_vendor:/opt/ros/jazzy/opt/gz_tools_vendor:/opt/ros/jazzy/opt/gz_ogre_next_vendor:/opt/ros/jazzy/opt/gz_dartsim_vendor:/opt/ros/jazzy/opt/gz_cmake_vendor:/home/mario/master_ws/install/estun_description:/opt/ros/jazzy DEBUGINFOD_URLS=https://debuginfod.ubuntu.com LD_LIBRARY_PATH=/home/mario/master_ws/install/moveit_task_constructor_core/lib:/home/mario/master_ws/install/rviz_marker_tools/lib:/home/mario/master_ws/install/moveit_task_constructor_msgs/lib:/home/mario/master_ws/install/moveit_task_constructor_demo/lib:/home/mario/master_ws/install/moveit_task_constructor_visualization/lib:/home/mario/master_ws/install/moveit_task_constructor_capabilities/lib:/opt/ros/jazzy/opt/gz_sim_vendor/lib:/opt/ros/jazzy/opt/gz_sensors_vendor/lib:/opt/ros/jazzy/opt/gz_physics_vendor/lib:/opt/ros/jazzy/opt/sdformat_vendor/lib:/opt/ros/jazzy/opt/rviz_ogre_vendor/lib:/opt/ros/jazzy/lib/x86_64-linux-gnu:/opt/ros/jazzy/opt/gz_gui_vendor/lib:/opt/ros/jazzy/opt/gz_transport_vendor/lib:/opt/ros/jazzy/opt/gz_rendering_vendor/lib:/opt/ros/jazzy/opt/gz_plugin_vendor/lib:/opt/ros/jazzy/opt/gz_fuel_tools_vendor/lib:/opt/ros/jazzy/opt/gz_msgs_vendor/lib:/opt/ros/jazzy/opt/gz_common_vendor/lib:/opt/ros/jazzy/opt/gz_math_vendor/lib:/opt/ros/jazzy/opt/gz_utils_vendor/lib:/opt/ros/jazzy/opt/gz_tools_vendor/lib:/opt/ros/jazzy/opt/gz_ogre_next_vendor/lib:/opt/ros/jazzy/opt/gz_dartsim_vendor/lib:/opt/ros/jazzy/opt/gz_cmake_vendor/lib:/opt/ros/jazzy/lib /usr/bin/cmake --install /home/mario/master_ws/build/moveit_task_constructor_visualization
[2.095s] Level 1:colcon.colcon_core.environment:checking '/home/mario/master_ws/install/moveit_task_constructor_visualization' for CMake config files
[2.095s] Level 1:colcon.colcon_core.shell:create_environment_hook('moveit_task_constructor_visualization', 'cmake_prefix_path')
[2.095s] INFO:colcon.colcon_core.shell:Creating environment hook '/home/mario/master_ws/install/moveit_task_constructor_visualization/share/moveit_task_constructor_visualization/hook/cmake_prefix_path.ps1'
[2.096s] INFO:colcon.colcon_core.shell:Creating environment descriptor '/home/mario/master_ws/install/moveit_task_constructor_visualization/share/moveit_task_constructor_visualization/hook/cmake_prefix_path.dsv'
[2.096s] INFO:colcon.colcon_core.shell:Creating environment hook '/home/mario/master_ws/install/moveit_task_constructor_visualization/share/moveit_task_constructor_visualization/hook/cmake_prefix_path.sh'
[2.097s] Level 1:colcon.colcon_core.environment:checking '/home/mario/master_ws/install/moveit_task_constructor_visualization/lib'
[2.097s] Level 1:colcon.colcon_core.shell:create_environment_hook('moveit_task_constructor_visualization', 'ld_library_path_lib')
[2.097s] INFO:colcon.colcon_core.shell:Creating environment hook '/home/mario/master_ws/install/moveit_task_constructor_visualization/share/moveit_task_constructor_visualization/hook/ld_library_path_lib.ps1'
[2.097s] INFO:colcon.colcon_core.shell:Creating environment descriptor '/home/mario/master_ws/install/moveit_task_constructor_visualization/share/moveit_task_constructor_visualization/hook/ld_library_path_lib.dsv'
[2.097s] INFO:colcon.colcon_core.shell:Creating environment hook '/home/mario/master_ws/install/moveit_task_constructor_visualization/share/moveit_task_constructor_visualization/hook/ld_library_path_lib.sh'
[2.098s] Level 1:colcon.colcon_core.environment:checking '/home/mario/master_ws/install/moveit_task_constructor_visualization/bin'
[2.098s] Level 1:colcon.colcon_core.environment:checking '/home/mario/master_ws/install/moveit_task_constructor_visualization/lib/pkgconfig/moveit_task_constructor_visualization.pc'
[2.098s] Level 1:colcon.colcon_core.environment:checking '/home/mario/master_ws/install/moveit_task_constructor_visualization/lib/python3.12/site-packages'
[2.098s] Level 1:colcon.colcon_core.environment:checking '/home/mario/master_ws/install/moveit_task_constructor_visualization/bin'
[2.098s] INFO:colcon.colcon_core.shell:Creating package script '/home/mario/master_ws/install/moveit_task_constructor_visualization/share/moveit_task_constructor_visualization/package.ps1'
[2.099s] INFO:colcon.colcon_core.shell:Creating package descriptor '/home/mario/master_ws/install/moveit_task_constructor_visualization/share/moveit_task_constructor_visualization/package.dsv'
[2.099s] INFO:colcon.colcon_core.shell:Creating package script '/home/mario/master_ws/install/moveit_task_constructor_visualization/share/moveit_task_constructor_visualization/package.sh'
[2.100s] INFO:colcon.colcon_core.shell:Creating package script '/home/mario/master_ws/install/moveit_task_constructor_visualization/share/moveit_task_constructor_visualization/package.bash'
[2.100s] INFO:colcon.colcon_core.shell:Creating package script '/home/mario/master_ws/install/moveit_task_constructor_visualization/share/moveit_task_constructor_visualization/package.zsh'
[2.100s] Level 1:colcon.colcon_core.environment:create_file_with_runtime_dependencies(/home/mario/master_ws/install/moveit_task_constructor_visualization/share/colcon-core/packages/moveit_task_constructor_visualization)
[2.101s] Level 1:colcon.colcon_core.environment:create_environment_scripts_only(moveit_task_constructor_visualization)
[2.101s] Level 1:colcon.colcon_core.environment:checking '/home/mario/master_ws/install/moveit_task_constructor_visualization' for CMake module files
[2.101s] Level 1:colcon.colcon_core.environment:checking '/home/mario/master_ws/install/moveit_task_constructor_visualization' for CMake config files
[2.102s] Level 1:colcon.colcon_core.shell:create_environment_hook('moveit_task_constructor_visualization', 'cmake_prefix_path')
[2.102s] INFO:colcon.colcon_core.shell:Creating environment hook '/home/mario/master_ws/install/moveit_task_constructor_visualization/share/moveit_task_constructor_visualization/hook/cmake_prefix_path.ps1'
[2.102s] INFO:colcon.colcon_core.shell:Creating environment descriptor '/home/mario/master_ws/install/moveit_task_constructor_visualization/share/moveit_task_constructor_visualization/hook/cmake_prefix_path.dsv'
[2.103s] INFO:colcon.colcon_core.shell:Creating environment hook '/home/mario/master_ws/install/moveit_task_constructor_visualization/share/moveit_task_constructor_visualization/hook/cmake_prefix_path.sh'
[2.103s] Level 1:colcon.colcon_core.environment:checking '/home/mario/master_ws/install/moveit_task_constructor_visualization/lib'
[2.103s] Level 1:colcon.colcon_core.shell:create_environment_hook('moveit_task_constructor_visualization', 'ld_library_path_lib')
[2.103s] INFO:colcon.colcon_core.shell:Creating environment hook '/home/mario/master_ws/install/moveit_task_constructor_visualization/share/moveit_task_constructor_visualization/hook/ld_library_path_lib.ps1'
[2.103s] INFO:colcon.colcon_core.shell:Creating environment descriptor '/home/mario/master_ws/install/moveit_task_constructor_visualization/share/moveit_task_constructor_visualization/hook/ld_library_path_lib.dsv'
[2.104s] INFO:colcon.colcon_core.shell:Creating environment hook '/home/mario/master_ws/install/moveit_task_constructor_visualization/share/moveit_task_constructor_visualization/hook/ld_library_path_lib.sh'
[2.104s] Level 1:colcon.colcon_core.environment:checking '/home/mario/master_ws/install/moveit_task_constructor_visualization/bin'
[2.104s] Level 1:colcon.colcon_core.environment:checking '/home/mario/master_ws/install/moveit_task_constructor_visualization/lib/pkgconfig/moveit_task_constructor_visualization.pc'
[2.104s] Level 1:colcon.colcon_core.environment:checking '/home/mario/master_ws/install/moveit_task_constructor_visualization/lib/python3.12/site-packages'
[2.104s] Level 1:colcon.colcon_core.environment:checking '/home/mario/master_ws/install/moveit_task_constructor_visualization/bin'
[2.105s] INFO:colcon.colcon_core.shell:Creating package script '/home/mario/master_ws/install/moveit_task_constructor_visualization/share/moveit_task_constructor_visualization/package.ps1'
[2.106s] INFO:colcon.colcon_core.shell:Creating package descriptor '/home/mario/master_ws/install/moveit_task_constructor_visualization/share/moveit_task_constructor_visualization/package.dsv'
[2.106s] INFO:colcon.colcon_core.shell:Creating package script '/home/mario/master_ws/install/moveit_task_constructor_visualization/share/moveit_task_constructor_visualization/package.sh'
[2.106s] INFO:colcon.colcon_core.shell:Creating package script '/home/mario/master_ws/install/moveit_task_constructor_visualization/share/moveit_task_constructor_visualization/package.bash'
[2.107s] INFO:colcon.colcon_core.shell:Creating package script '/home/mario/master_ws/install/moveit_task_constructor_visualization/share/moveit_task_constructor_visualization/package.zsh'
[2.107s] Level 1:colcon.colcon_core.environment:create_file_with_runtime_dependencies(/home/mario/master_ws/install/moveit_task_constructor_visualization/share/colcon-core/packages/moveit_task_constructor_visualization)
[2.107s] INFO:colcon.colcon_ros.task.ament_cmake.build:Building ROS package in '/home/mario/master_ws/src/moveit_task_constructor/demo' with build type 'ament_cmake'
[2.107s] INFO:colcon.colcon_cmake.task.cmake.build:Building CMake package in '/home/mario/master_ws/src/moveit_task_constructor/demo'
[2.108s] INFO:colcon.colcon_core.shell:Skip shell extension 'powershell' for command environment: Not usable outside of PowerShell
[2.108s] DEBUG:colcon.colcon_core.shell:Skip shell extension 'dsv' for command environment
[2.113s] Level 1:colcon.colcon_core.environment:checking '/home/mario/master_ws/install/estun_description' for CMake module files
[2.113s] DEBUG:colcon.colcon_core.event_handler.log_command:Invoked command in '/home/mario/master_ws/src/estun_description' returned '0': DEBUGINFOD_URLS=https://debuginfod.ubuntu.com PYTHONPATH=/home/mario/master_ws/build/estun_description/prefix_override:/usr/lib/python3/dist-packages/colcon_core/task/python/colcon_distutils_commands:/home/mario/master_ws/install/estun_description/lib/python3.12/site-packages:${PYTHONPATH} /usr/bin/python3 -W ignore:setup.py install is deprecated -W ignore:easy_install command is deprecated setup.py egg_info --egg-base ../../build/estun_description build --build-base /home/mario/master_ws/build/estun_description/build install --record /home/mario/master_ws/build/estun_description/install.log --install-scripts $base/lib/fusion2urdf_ros2 --single-version-externally-managed install_data
[2.114s] Level 1:colcon.colcon_core.environment:checking '/home/mario/master_ws/install/estun_description' for CMake config files
[2.114s] Level 1:colcon.colcon_core.environment:checking '/home/mario/master_ws/install/estun_description/lib'
[2.114s] Level 1:colcon.colcon_core.environment:checking '/home/mario/master_ws/install/estun_description/bin'
[2.114s] Level 1:colcon.colcon_core.environment:checking '/home/mario/master_ws/install/estun_description/lib/pkgconfig/estun_description.pc'
[2.114s] Level 1:colcon.colcon_core.environment:checking '/home/mario/master_ws/install/estun_description/lib/python3.12/site-packages'
[2.114s] Level 1:colcon.colcon_core.shell:create_environment_hook('estun_description', 'pythonpath')
[2.115s] INFO:colcon.colcon_core.shell:Creating environment hook '/home/mario/master_ws/install/estun_description/share/estun_description/hook/pythonpath.ps1'
[2.115s] INFO:colcon.colcon_core.shell:Creating environment descriptor '/home/mario/master_ws/install/estun_description/share/estun_description/hook/pythonpath.dsv'
[2.115s] INFO:colcon.colcon_core.shell:Creating environment hook '/home/mario/master_ws/install/estun_description/share/estun_description/hook/pythonpath.sh'
[2.116s] Level 1:colcon.colcon_core.environment:checking '/home/mario/master_ws/install/estun_description/bin'
[2.116s] Level 1:colcon.colcon_core.environment:create_environment_scripts_only(estun_description)
[2.116s] INFO:colcon.colcon_core.shell:Creating package script '/home/mario/master_ws/install/estun_description/share/estun_description/package.ps1'
[2.116s] INFO:colcon.colcon_core.shell:Creating package descriptor '/home/mario/master_ws/install/estun_description/share/estun_description/package.dsv'
[2.117s] INFO:colcon.colcon_core.shell:Creating package script '/home/mario/master_ws/install/estun_description/share/estun_description/package.sh'
[2.117s] INFO:colcon.colcon_core.shell:Creating package script '/home/mario/master_ws/install/estun_description/share/estun_description/package.bash'
[2.117s] INFO:colcon.colcon_core.shell:Creating package script '/home/mario/master_ws/install/estun_description/share/estun_description/package.zsh'
[2.118s] Level 1:colcon.colcon_core.environment:create_file_with_runtime_dependencies(/home/mario/master_ws/install/estun_description/share/colcon-core/packages/estun_description)
[2.118s] INFO:colcon.colcon_ros.task.ament_cmake.build:Building ROS package in '/home/mario/master_ws/src/estun_moveit' with build type 'ament_cmake'
[2.118s] INFO:colcon.colcon_cmake.task.cmake.build:Building CMake package in '/home/mario/master_ws/src/estun_moveit'
[2.118s] INFO:colcon.colcon_core.shell:Skip shell extension 'powershell' for command environment: Not usable outside of PowerShell
[2.118s] DEBUG:colcon.colcon_core.shell:Skip shell extension 'dsv' for command environment
[2.128s] DEBUG:colcon.colcon_core.event_handler.log_command:Invoking command in '/home/mario/master_ws/build/moveit_task_constructor_demo': CMAKE_PREFIX_PATH=/home/mario/master_ws/install/moveit_task_constructor_visualization:/home/mario/master_ws/install/moveit_task_constructor_capabilities:/home/mario/master_ws/install/moveit_task_constructor_core:/home/mario/master_ws/install/rviz_marker_tools:/home/mario/master_ws/install/moveit_task_constructor_msgs:/home/mario/master_ws/install/vision_control:/home/mario/master_ws/install/moveit_task_constructor_demo:/home/mario/master_ws/install/estun_control:/home/mario/master_ws/install/estun_moveit:/opt/ros/jazzy/opt/gz_sim_vendor:/opt/ros/jazzy/opt/gz_sensors_vendor:/opt/ros/jazzy/opt/gz_physics_vendor:/opt/ros/jazzy/opt/sdformat_vendor:/opt/ros/jazzy/opt/gz_gui_vendor:/opt/ros/jazzy/opt/gz_transport_vendor:/opt/ros/jazzy/opt/gz_rendering_vendor:/opt/ros/jazzy/opt/gz_plugin_vendor:/opt/ros/jazzy/opt/gz_fuel_tools_vendor:/opt/ros/jazzy/opt/gz_msgs_vendor:/opt/ros/jazzy/opt/gz_common_vendor:/opt/ros/jazzy/opt/gz_math_vendor:/opt/ros/jazzy/opt/gz_utils_vendor:/opt/ros/jazzy/opt/gz_tools_vendor:/opt/ros/jazzy/opt/gz_ogre_next_vendor:/opt/ros/jazzy/opt/gz_dartsim_vendor:/opt/ros/jazzy/opt/gz_cmake_vendor:/home/mario/master_ws/install/estun_description:/opt/ros/jazzy DEBUGINFOD_URLS=https://debuginfod.ubuntu.com LD_LIBRARY_PATH=/home/mario/master_ws/install/moveit_task_constructor_visualization/lib:/home/mario/master_ws/install/moveit_task_constructor_capabilities/lib:/home/mario/master_ws/install/moveit_task_constructor_core/lib:/home/mario/master_ws/install/rviz_marker_tools/lib:/home/mario/master_ws/install/moveit_task_constructor_msgs/lib:/home/mario/master_ws/install/moveit_task_constructor_demo/lib:/opt/ros/jazzy/opt/gz_sim_vendor/lib:/opt/ros/jazzy/opt/gz_sensors_vendor/lib:/opt/ros/jazzy/opt/gz_physics_vendor/lib:/opt/ros/jazzy/opt/sdformat_vendor/lib:/opt/ros/jazzy/opt/rviz_ogre_vendor/lib:/opt/ros/jazzy/lib/x86_64-linux-gnu:/opt/ros/jazzy/opt/gz_gui_vendor/lib:/opt/ros/jazzy/opt/gz_transport_vendor/lib:/opt/ros/jazzy/opt/gz_rendering_vendor/lib:/opt/ros/jazzy/opt/gz_plugin_vendor/lib:/opt/ros/jazzy/opt/gz_fuel_tools_vendor/lib:/opt/ros/jazzy/opt/gz_msgs_vendor/lib:/opt/ros/jazzy/opt/gz_common_vendor/lib:/opt/ros/jazzy/opt/gz_math_vendor/lib:/opt/ros/jazzy/opt/gz_utils_vendor/lib:/opt/ros/jazzy/opt/gz_tools_vendor/lib:/opt/ros/jazzy/opt/gz_ogre_next_vendor/lib:/opt/ros/jazzy/opt/gz_dartsim_vendor/lib:/opt/ros/jazzy/opt/gz_cmake_vendor/lib:/opt/ros/jazzy/lib /usr/bin/cmake --build /home/mario/master_ws/build/moveit_task_constructor_demo -- -j12 -l12
[2.131s] DEBUG:colcon.colcon_core.event_handler.log_command:Invoking command in '/home/mario/master_ws/build/estun_moveit': AMENT_PREFIX_PATH=/home/mario/master_ws/install/estun_description:/home/mario/master_ws/install/vision_control:/home/mario/master_ws/install/moveit_task_constructor_demo:/home/mario/master_ws/install/moveit_task_constructor_visualization:/home/mario/master_ws/install/moveit_task_constructor_capabilities:/home/mario/master_ws/install/estun_control:/home/mario/master_ws/install/moveit_task_constructor_core:/home/mario/master_ws/install/rviz_marker_tools:/home/mario/master_ws/install/moveit_task_constructor_msgs:/home/mario/master_ws/install/estun_moveit:/opt/ros/jazzy CMAKE_PREFIX_PATH=${CMAKE_PREFIX_PATH}:/home/mario/master_ws/install/estun_description:/opt/ros/jazzy DEBUGINFOD_URLS=https://debuginfod.ubuntu.com PYTHONPATH=/home/mario/master_ws/install/estun_description/lib/python3.12/site-packages:/home/mario/master_ws/install/moveit_task_constructor_core/lib/python3.12/site-packages:/home/mario/master_ws/install/moveit_task_constructor_msgs/lib/python3.12/site-packages:/opt/ros/jazzy/opt/gz_sim_vendor/lib/python:/opt/ros/jazzy/opt/sdformat_vendor/lib/python:/opt/ros/jazzy/opt/gz_transport_vendor/lib/python:/opt/ros/jazzy/opt/gz_msgs_vendor/lib/python:/opt/ros/jazzy/opt/gz_math_vendor/lib/python:/opt/ros/jazzy/lib/python3.12/site-packages /usr/bin/cmake --build /home/mario/master_ws/build/estun_moveit -- -j12 -l12
[2.181s] DEBUG:colcon.colcon_core.event_handler.log_command:Invoked command in '/home/mario/master_ws/build/estun_moveit' returned '0': AMENT_PREFIX_PATH=/home/mario/master_ws/install/estun_description:/home/mario/master_ws/install/vision_control:/home/mario/master_ws/install/moveit_task_constructor_demo:/home/mario/master_ws/install/moveit_task_constructor_visualization:/home/mario/master_ws/install/moveit_task_constructor_capabilities:/home/mario/master_ws/install/estun_control:/home/mario/master_ws/install/moveit_task_constructor_core:/home/mario/master_ws/install/rviz_marker_tools:/home/mario/master_ws/install/moveit_task_constructor_msgs:/home/mario/master_ws/install/estun_moveit:/opt/ros/jazzy CMAKE_PREFIX_PATH=${CMAKE_PREFIX_PATH}:/home/mario/master_ws/install/estun_description:/opt/ros/jazzy DEBUGINFOD_URLS=https://debuginfod.ubuntu.com PYTHONPATH=/home/mario/master_ws/install/estun_description/lib/python3.12/site-packages:/home/mario/master_ws/install/moveit_task_constructor_core/lib/python3.12/site-packages:/home/mario/master_ws/install/moveit_task_constructor_msgs/lib/python3.12/site-packages:/opt/ros/jazzy/opt/gz_sim_vendor/lib/python:/opt/ros/jazzy/opt/sdformat_vendor/lib/python:/opt/ros/jazzy/opt/gz_transport_vendor/lib/python:/opt/ros/jazzy/opt/gz_msgs_vendor/lib/python:/opt/ros/jazzy/opt/gz_math_vendor/lib/python:/opt/ros/jazzy/lib/python3.12/site-packages /usr/bin/cmake --build /home/mario/master_ws/build/estun_moveit -- -j12 -l12
[2.182s] DEBUG:colcon.colcon_core.event_handler.log_command:Invoking command in '/home/mario/master_ws/build/estun_moveit': AMENT_PREFIX_PATH=/home/mario/master_ws/install/estun_description:/home/mario/master_ws/install/vision_control:/home/mario/master_ws/install/moveit_task_constructor_demo:/home/mario/master_ws/install/moveit_task_constructor_visualization:/home/mario/master_ws/install/moveit_task_constructor_capabilities:/home/mario/master_ws/install/estun_control:/home/mario/master_ws/install/moveit_task_constructor_core:/home/mario/master_ws/install/rviz_marker_tools:/home/mario/master_ws/install/moveit_task_constructor_msgs:/home/mario/master_ws/install/estun_moveit:/opt/ros/jazzy CMAKE_PREFIX_PATH=${CMAKE_PREFIX_PATH}:/home/mario/master_ws/install/estun_description:/opt/ros/jazzy DEBUGINFOD_URLS=https://debuginfod.ubuntu.com PYTHONPATH=/home/mario/master_ws/install/estun_description/lib/python3.12/site-packages:/home/mario/master_ws/install/moveit_task_constructor_core/lib/python3.12/site-packages:/home/mario/master_ws/install/moveit_task_constructor_msgs/lib/python3.12/site-packages:/opt/ros/jazzy/opt/gz_sim_vendor/lib/python:/opt/ros/jazzy/opt/sdformat_vendor/lib/python:/opt/ros/jazzy/opt/gz_transport_vendor/lib/python:/opt/ros/jazzy/opt/gz_msgs_vendor/lib/python:/opt/ros/jazzy/opt/gz_math_vendor/lib/python:/opt/ros/jazzy/lib/python3.12/site-packages /usr/bin/cmake --install /home/mario/master_ws/build/estun_moveit
[2.201s] Level 1:colcon.colcon_core.environment:create_environment_scripts_only(estun_moveit)
[2.201s] DEBUG:colcon.colcon_core.event_handler.log_command:Invoked command in '/home/mario/master_ws/build/estun_moveit' returned '0': AMENT_PREFIX_PATH=/home/mario/master_ws/install/estun_description:/home/mario/master_ws/install/vision_control:/home/mario/master_ws/install/moveit_task_constructor_demo:/home/mario/master_ws/install/moveit_task_constructor_visualization:/home/mario/master_ws/install/moveit_task_constructor_capabilities:/home/mario/master_ws/install/estun_control:/home/mario/master_ws/install/moveit_task_constructor_core:/home/mario/master_ws/install/rviz_marker_tools:/home/mario/master_ws/install/moveit_task_constructor_msgs:/home/mario/master_ws/install/estun_moveit:/opt/ros/jazzy CMAKE_PREFIX_PATH=${CMAKE_PREFIX_PATH}:/home/mario/master_ws/install/estun_description:/opt/ros/jazzy DEBUGINFOD_URLS=https://debuginfod.ubuntu.com PYTHONPATH=/home/mario/master_ws/install/estun_description/lib/python3.12/site-packages:/home/mario/master_ws/install/moveit_task_constructor_core/lib/python3.12/site-packages:/home/mario/master_ws/install/moveit_task_constructor_msgs/lib/python3.12/site-packages:/opt/ros/jazzy/opt/gz_sim_vendor/lib/python:/opt/ros/jazzy/opt/sdformat_vendor/lib/python:/opt/ros/jazzy/opt/gz_transport_vendor/lib/python:/opt/ros/jazzy/opt/gz_msgs_vendor/lib/python:/opt/ros/jazzy/opt/gz_math_vendor/lib/python:/opt/ros/jazzy/lib/python3.12/site-packages /usr/bin/cmake --install /home/mario/master_ws/build/estun_moveit
[2.201s] Level 1:colcon.colcon_core.environment:checking '/home/mario/master_ws/install/estun_moveit' for CMake module files
[2.202s] Level 1:colcon.colcon_core.environment:checking '/home/mario/master_ws/install/estun_moveit' for CMake config files
[2.203s] Level 1:colcon.colcon_core.shell:create_environment_hook('estun_moveit', 'cmake_prefix_path')
[2.203s] INFO:colcon.colcon_core.shell:Creating environment hook '/home/mario/master_ws/install/estun_moveit/share/estun_moveit/hook/cmake_prefix_path.ps1'
[2.204s] INFO:colcon.colcon_core.shell:Creating environment descriptor '/home/mario/master_ws/install/estun_moveit/share/estun_moveit/hook/cmake_prefix_path.dsv'
[2.206s] INFO:colcon.colcon_core.shell:Creating environment hook '/home/mario/master_ws/install/estun_moveit/share/estun_moveit/hook/cmake_prefix_path.sh'
[2.207s] Level 1:colcon.colcon_core.environment:checking '/home/mario/master_ws/install/estun_moveit/bin'
[2.207s] Level 1:colcon.colcon_core.environment:checking '/home/mario/master_ws/install/estun_moveit/lib/pkgconfig/estun_moveit.pc'
[2.207s] Level 1:colcon.colcon_core.environment:checking '/home/mario/master_ws/install/estun_moveit/lib/python3.12/site-packages'
[2.207s] Level 1:colcon.colcon_core.environment:checking '/home/mario/master_ws/install/estun_moveit/bin'
[2.207s] INFO:colcon.colcon_core.shell:Creating package script '/home/mario/master_ws/install/estun_moveit/share/estun_moveit/package.ps1'
[2.208s] INFO:colcon.colcon_core.shell:Creating package descriptor '/home/mario/master_ws/install/estun_moveit/share/estun_moveit/package.dsv'
[2.209s] INFO:colcon.colcon_core.shell:Creating package script '/home/mario/master_ws/install/estun_moveit/share/estun_moveit/package.sh'
[2.212s] INFO:colcon.colcon_core.shell:Creating package script '/home/mario/master_ws/install/estun_moveit/share/estun_moveit/package.bash'
[2.212s] INFO:colcon.colcon_core.shell:Creating package script '/home/mario/master_ws/install/estun_moveit/share/estun_moveit/package.zsh'
[2.212s] Level 1:colcon.colcon_core.environment:create_file_with_runtime_dependencies(/home/mario/master_ws/install/estun_moveit/share/colcon-core/packages/estun_moveit)
[2.217s] Level 1:colcon.colcon_core.environment:create_environment_scripts_only(estun_moveit)
[2.217s] Level 1:colcon.colcon_core.environment:checking '/home/mario/master_ws/install/estun_moveit' for CMake module files
[2.218s] Level 1:colcon.colcon_core.environment:checking '/home/mario/master_ws/install/estun_moveit' for CMake config files
[2.220s] Level 1:colcon.colcon_core.shell:create_environment_hook('estun_moveit', 'cmake_prefix_path')
[2.221s] INFO:colcon.colcon_core.shell:Creating environment hook '/home/mario/master_ws/install/estun_moveit/share/estun_moveit/hook/cmake_prefix_path.ps1'
[2.221s] INFO:colcon.colcon_core.shell:Creating environment descriptor '/home/mario/master_ws/install/estun_moveit/share/estun_moveit/hook/cmake_prefix_path.dsv'
[2.222s] INFO:colcon.colcon_core.shell:Creating environment hook '/home/mario/master_ws/install/estun_moveit/share/estun_moveit/hook/cmake_prefix_path.sh'
[2.222s] Level 1:colcon.colcon_core.environment:checking '/home/mario/master_ws/install/estun_moveit/bin'
[2.222s] Level 1:colcon.colcon_core.environment:checking '/home/mario/master_ws/install/estun_moveit/lib/pkgconfig/estun_moveit.pc'
[2.222s] Level 1:colcon.colcon_core.environment:checking '/home/mario/master_ws/install/estun_moveit/lib/python3.12/site-packages'
[2.223s] Level 1:colcon.colcon_core.environment:checking '/home/mario/master_ws/install/estun_moveit/bin'
[2.223s] INFO:colcon.colcon_core.shell:Creating package script '/home/mario/master_ws/install/estun_moveit/share/estun_moveit/package.ps1'
[2.224s] INFO:colcon.colcon_core.shell:Creating package descriptor '/home/mario/master_ws/install/estun_moveit/share/estun_moveit/package.dsv'
[2.225s] INFO:colcon.colcon_core.shell:Creating package script '/home/mario/master_ws/install/estun_moveit/share/estun_moveit/package.sh'
[2.225s] INFO:colcon.colcon_core.shell:Creating package script '/home/mario/master_ws/install/estun_moveit/share/estun_moveit/package.bash'
[2.225s] INFO:colcon.colcon_core.shell:Creating package script '/home/mario/master_ws/install/estun_moveit/share/estun_moveit/package.zsh'
[2.226s] Level 1:colcon.colcon_core.environment:create_file_with_runtime_dependencies(/home/mario/master_ws/install/estun_moveit/share/colcon-core/packages/estun_moveit)
[2.309s] DEBUG:colcon.colcon_core.event_handler.log_command:Invoked command in '/home/mario/master_ws/build/moveit_task_constructor_demo' returned '0': CMAKE_PREFIX_PATH=/home/mario/master_ws/install/moveit_task_constructor_visualization:/home/mario/master_ws/install/moveit_task_constructor_capabilities:/home/mario/master_ws/install/moveit_task_constructor_core:/home/mario/master_ws/install/rviz_marker_tools:/home/mario/master_ws/install/moveit_task_constructor_msgs:/home/mario/master_ws/install/vision_control:/home/mario/master_ws/install/moveit_task_constructor_demo:/home/mario/master_ws/install/estun_control:/home/mario/master_ws/install/estun_moveit:/opt/ros/jazzy/opt/gz_sim_vendor:/opt/ros/jazzy/opt/gz_sensors_vendor:/opt/ros/jazzy/opt/gz_physics_vendor:/opt/ros/jazzy/opt/sdformat_vendor:/opt/ros/jazzy/opt/gz_gui_vendor:/opt/ros/jazzy/opt/gz_transport_vendor:/opt/ros/jazzy/opt/gz_rendering_vendor:/opt/ros/jazzy/opt/gz_plugin_vendor:/opt/ros/jazzy/opt/gz_fuel_tools_vendor:/opt/ros/jazzy/opt/gz_msgs_vendor:/opt/ros/jazzy/opt/gz_common_vendor:/opt/ros/jazzy/opt/gz_math_vendor:/opt/ros/jazzy/opt/gz_utils_vendor:/opt/ros/jazzy/opt/gz_tools_vendor:/opt/ros/jazzy/opt/gz_ogre_next_vendor:/opt/ros/jazzy/opt/gz_dartsim_vendor:/opt/ros/jazzy/opt/gz_cmake_vendor:/home/mario/master_ws/install/estun_description:/opt/ros/jazzy DEBUGINFOD_URLS=https://debuginfod.ubuntu.com LD_LIBRARY_PATH=/home/mario/master_ws/install/moveit_task_constructor_visualization/lib:/home/mario/master_ws/install/moveit_task_constructor_capabilities/lib:/home/mario/master_ws/install/moveit_task_constructor_core/lib:/home/mario/master_ws/install/rviz_marker_tools/lib:/home/mario/master_ws/install/moveit_task_constructor_msgs/lib:/home/mario/master_ws/install/moveit_task_constructor_demo/lib:/opt/ros/jazzy/opt/gz_sim_vendor/lib:/opt/ros/jazzy/opt/gz_sensors_vendor/lib:/opt/ros/jazzy/opt/gz_physics_vendor/lib:/opt/ros/jazzy/opt/sdformat_vendor/lib:/opt/ros/jazzy/opt/rviz_ogre_vendor/lib:/opt/ros/jazzy/lib/x86_64-linux-gnu:/opt/ros/jazzy/opt/gz_gui_vendor/lib:/opt/ros/jazzy/opt/gz_transport_vendor/lib:/opt/ros/jazzy/opt/gz_rendering_vendor/lib:/opt/ros/jazzy/opt/gz_plugin_vendor/lib:/opt/ros/jazzy/opt/gz_fuel_tools_vendor/lib:/opt/ros/jazzy/opt/gz_msgs_vendor/lib:/opt/ros/jazzy/opt/gz_common_vendor/lib:/opt/ros/jazzy/opt/gz_math_vendor/lib:/opt/ros/jazzy/opt/gz_utils_vendor/lib:/opt/ros/jazzy/opt/gz_tools_vendor/lib:/opt/ros/jazzy/opt/gz_ogre_next_vendor/lib:/opt/ros/jazzy/opt/gz_dartsim_vendor/lib:/opt/ros/jazzy/opt/gz_cmake_vendor/lib:/opt/ros/jazzy/lib /usr/bin/cmake --build /home/mario/master_ws/build/moveit_task_constructor_demo -- -j12 -l12
[2.311s] DEBUG:colcon.colcon_core.event_handler.log_command:Invoking command in '/home/mario/master_ws/build/moveit_task_constructor_demo': CMAKE_PREFIX_PATH=/home/mario/master_ws/install/moveit_task_constructor_visualization:/home/mario/master_ws/install/moveit_task_constructor_capabilities:/home/mario/master_ws/install/moveit_task_constructor_core:/home/mario/master_ws/install/rviz_marker_tools:/home/mario/master_ws/install/moveit_task_constructor_msgs:/home/mario/master_ws/install/vision_control:/home/mario/master_ws/install/moveit_task_constructor_demo:/home/mario/master_ws/install/estun_control:/home/mario/master_ws/install/estun_moveit:/opt/ros/jazzy/opt/gz_sim_vendor:/opt/ros/jazzy/opt/gz_sensors_vendor:/opt/ros/jazzy/opt/gz_physics_vendor:/opt/ros/jazzy/opt/sdformat_vendor:/opt/ros/jazzy/opt/gz_gui_vendor:/opt/ros/jazzy/opt/gz_transport_vendor:/opt/ros/jazzy/opt/gz_rendering_vendor:/opt/ros/jazzy/opt/gz_plugin_vendor:/opt/ros/jazzy/opt/gz_fuel_tools_vendor:/opt/ros/jazzy/opt/gz_msgs_vendor:/opt/ros/jazzy/opt/gz_common_vendor:/opt/ros/jazzy/opt/gz_math_vendor:/opt/ros/jazzy/opt/gz_utils_vendor:/opt/ros/jazzy/opt/gz_tools_vendor:/opt/ros/jazzy/opt/gz_ogre_next_vendor:/opt/ros/jazzy/opt/gz_dartsim_vendor:/opt/ros/jazzy/opt/gz_cmake_vendor:/home/mario/master_ws/install/estun_description:/opt/ros/jazzy DEBUGINFOD_URLS=https://debuginfod.ubuntu.com LD_LIBRARY_PATH=/home/mario/master_ws/install/moveit_task_constructor_visualization/lib:/home/mario/master_ws/install/moveit_task_constructor_capabilities/lib:/home/mario/master_ws/install/moveit_task_constructor_core/lib:/home/mario/master_ws/install/rviz_marker_tools/lib:/home/mario/master_ws/install/moveit_task_constructor_msgs/lib:/home/mario/master_ws/install/moveit_task_constructor_demo/lib:/opt/ros/jazzy/opt/gz_sim_vendor/lib:/opt/ros/jazzy/opt/gz_sensors_vendor/lib:/opt/ros/jazzy/opt/gz_physics_vendor/lib:/opt/ros/jazzy/opt/sdformat_vendor/lib:/opt/ros/jazzy/opt/rviz_ogre_vendor/lib:/opt/ros/jazzy/lib/x86_64-linux-gnu:/opt/ros/jazzy/opt/gz_gui_vendor/lib:/opt/ros/jazzy/opt/gz_transport_vendor/lib:/opt/ros/jazzy/opt/gz_rendering_vendor/lib:/opt/ros/jazzy/opt/gz_plugin_vendor/lib:/opt/ros/jazzy/opt/gz_fuel_tools_vendor/lib:/opt/ros/jazzy/opt/gz_msgs_vendor/lib:/opt/ros/jazzy/opt/gz_common_vendor/lib:/opt/ros/jazzy/opt/gz_math_vendor/lib:/opt/ros/jazzy/opt/gz_utils_vendor/lib:/opt/ros/jazzy/opt/gz_tools_vendor/lib:/opt/ros/jazzy/opt/gz_ogre_next_vendor/lib:/opt/ros/jazzy/opt/gz_dartsim_vendor/lib:/opt/ros/jazzy/opt/gz_cmake_vendor/lib:/opt/ros/jazzy/lib /usr/bin/cmake --install /home/mario/master_ws/build/moveit_task_constructor_demo
[2.326s] Level 1:colcon.colcon_core.environment:create_environment_scripts_only(moveit_task_constructor_demo)
[2.326s] Level 1:colcon.colcon_core.environment:checking '/home/mario/master_ws/install/moveit_task_constructor_demo' for CMake module files
[2.326s] DEBUG:colcon.colcon_core.event_handler.log_command:Invoked command in '/home/mario/master_ws/build/moveit_task_constructor_demo' returned '0': CMAKE_PREFIX_PATH=/home/mario/master_ws/install/moveit_task_constructor_visualization:/home/mario/master_ws/install/moveit_task_constructor_capabilities:/home/mario/master_ws/install/moveit_task_constructor_core:/home/mario/master_ws/install/rviz_marker_tools:/home/mario/master_ws/install/moveit_task_constructor_msgs:/home/mario/master_ws/install/vision_control:/home/mario/master_ws/install/moveit_task_constructor_demo:/home/mario/master_ws/install/estun_control:/home/mario/master_ws/install/estun_moveit:/opt/ros/jazzy/opt/gz_sim_vendor:/opt/ros/jazzy/opt/gz_sensors_vendor:/opt/ros/jazzy/opt/gz_physics_vendor:/opt/ros/jazzy/opt/sdformat_vendor:/opt/ros/jazzy/opt/gz_gui_vendor:/opt/ros/jazzy/opt/gz_transport_vendor:/opt/ros/jazzy/opt/gz_rendering_vendor:/opt/ros/jazzy/opt/gz_plugin_vendor:/opt/ros/jazzy/opt/gz_fuel_tools_vendor:/opt/ros/jazzy/opt/gz_msgs_vendor:/opt/ros/jazzy/opt/gz_common_vendor:/opt/ros/jazzy/opt/gz_math_vendor:/opt/ros/jazzy/opt/gz_utils_vendor:/opt/ros/jazzy/opt/gz_tools_vendor:/opt/ros/jazzy/opt/gz_ogre_next_vendor:/opt/ros/jazzy/opt/gz_dartsim_vendor:/opt/ros/jazzy/opt/gz_cmake_vendor:/home/mario/master_ws/install/estun_description:/opt/ros/jazzy DEBUGINFOD_URLS=https://debuginfod.ubuntu.com LD_LIBRARY_PATH=/home/mario/master_ws/install/moveit_task_constructor_visualization/lib:/home/mario/master_ws/install/moveit_task_constructor_capabilities/lib:/home/mario/master_ws/install/moveit_task_constructor_core/lib:/home/mario/master_ws/install/rviz_marker_tools/lib:/home/mario/master_ws/install/moveit_task_constructor_msgs/lib:/home/mario/master_ws/install/moveit_task_constructor_demo/lib:/opt/ros/jazzy/opt/gz_sim_vendor/lib:/opt/ros/jazzy/opt/gz_sensors_vendor/lib:/opt/ros/jazzy/opt/gz_physics_vendor/lib:/opt/ros/jazzy/opt/sdformat_vendor/lib:/opt/ros/jazzy/opt/rviz_ogre_vendor/lib:/opt/ros/jazzy/lib/x86_64-linux-gnu:/opt/ros/jazzy/opt/gz_gui_vendor/lib:/opt/ros/jazzy/opt/gz_transport_vendor/lib:/opt/ros/jazzy/opt/gz_rendering_vendor/lib:/opt/ros/jazzy/opt/gz_plugin_vendor/lib:/opt/ros/jazzy/opt/gz_fuel_tools_vendor/lib:/opt/ros/jazzy/opt/gz_msgs_vendor/lib:/opt/ros/jazzy/opt/gz_common_vendor/lib:/opt/ros/jazzy/opt/gz_math_vendor/lib:/opt/ros/jazzy/opt/gz_utils_vendor/lib:/opt/ros/jazzy/opt/gz_tools_vendor/lib:/opt/ros/jazzy/opt/gz_ogre_next_vendor/lib:/opt/ros/jazzy/opt/gz_dartsim_vendor/lib:/opt/ros/jazzy/opt/gz_cmake_vendor/lib:/opt/ros/jazzy/lib /usr/bin/cmake --install /home/mario/master_ws/build/moveit_task_constructor_demo
[2.327s] Level 1:colcon.colcon_core.environment:checking '/home/mario/master_ws/install/moveit_task_constructor_demo' for CMake config files
[2.328s] Level 1:colcon.colcon_core.shell:create_environment_hook('moveit_task_constructor_demo', 'cmake_prefix_path')
[2.328s] INFO:colcon.colcon_core.shell:Creating environment hook '/home/mario/master_ws/install/moveit_task_constructor_demo/share/moveit_task_constructor_demo/hook/cmake_prefix_path.ps1'
[2.328s] INFO:colcon.colcon_core.shell:Creating environment descriptor '/home/mario/master_ws/install/moveit_task_constructor_demo/share/moveit_task_constructor_demo/hook/cmake_prefix_path.dsv'
[2.329s] INFO:colcon.colcon_core.shell:Creating environment hook '/home/mario/master_ws/install/moveit_task_constructor_demo/share/moveit_task_constructor_demo/hook/cmake_prefix_path.sh'
[2.330s] Level 1:colcon.colcon_core.environment:checking '/home/mario/master_ws/install/moveit_task_constructor_demo/lib'
[2.330s] Level 1:colcon.colcon_core.shell:create_environment_hook('moveit_task_constructor_demo', 'ld_library_path_lib')
[2.330s] INFO:colcon.colcon_core.shell:Creating environment hook '/home/mario/master_ws/install/moveit_task_constructor_demo/share/moveit_task_constructor_demo/hook/ld_library_path_lib.ps1'
[2.331s] INFO:colcon.colcon_core.shell:Creating environment descriptor '/home/mario/master_ws/install/moveit_task_constructor_demo/share/moveit_task_constructor_demo/hook/ld_library_path_lib.dsv'
[2.331s] INFO:colcon.colcon_core.shell:Creating environment hook '/home/mario/master_ws/install/moveit_task_constructor_demo/share/moveit_task_constructor_demo/hook/ld_library_path_lib.sh'
[2.332s] Level 1:colcon.colcon_core.environment:checking '/home/mario/master_ws/install/moveit_task_constructor_demo/bin'
[2.332s] Level 1:colcon.colcon_core.environment:checking '/home/mario/master_ws/install/moveit_task_constructor_demo/lib/pkgconfig/moveit_task_constructor_demo.pc'
[2.332s] Level 1:colcon.colcon_core.environment:checking '/home/mario/master_ws/install/moveit_task_constructor_demo/lib/python3.12/site-packages'
[2.333s] Level 1:colcon.colcon_core.environment:checking '/home/mario/master_ws/install/moveit_task_constructor_demo/bin'
[2.333s] INFO:colcon.colcon_core.shell:Creating package script '/home/mario/master_ws/install/moveit_task_constructor_demo/share/moveit_task_constructor_demo/package.ps1'
[2.334s] INFO:colcon.colcon_core.shell:Creating package descriptor '/home/mario/master_ws/install/moveit_task_constructor_demo/share/moveit_task_constructor_demo/package.dsv'
[2.335s] INFO:colcon.colcon_core.shell:Creating package script '/home/mario/master_ws/install/moveit_task_constructor_demo/share/moveit_task_constructor_demo/package.sh'
[2.336s] INFO:colcon.colcon_core.shell:Creating package script '/home/mario/master_ws/install/moveit_task_constructor_demo/share/moveit_task_constructor_demo/package.bash'
[2.336s] INFO:colcon.colcon_core.shell:Creating package script '/home/mario/master_ws/install/moveit_task_constructor_demo/share/moveit_task_constructor_demo/package.zsh'
[2.337s] Level 1:colcon.colcon_core.environment:create_file_with_runtime_dependencies(/home/mario/master_ws/install/moveit_task_constructor_demo/share/colcon-core/packages/moveit_task_constructor_demo)
[2.338s] Level 1:colcon.colcon_core.environment:create_environment_scripts_only(moveit_task_constructor_demo)
[2.338s] Level 1:colcon.colcon_core.environment:checking '/home/mario/master_ws/install/moveit_task_constructor_demo' for CMake module files
[2.339s] Level 1:colcon.colcon_core.environment:checking '/home/mario/master_ws/install/moveit_task_constructor_demo' for CMake config files
[2.340s] Level 1:colcon.colcon_core.shell:create_environment_hook('moveit_task_constructor_demo', 'cmake_prefix_path')
[2.340s] INFO:colcon.colcon_core.shell:Creating environment hook '/home/mario/master_ws/install/moveit_task_constructor_demo/share/moveit_task_constructor_demo/hook/cmake_prefix_path.ps1'
[2.341s] INFO:colcon.colcon_core.shell:Creating environment descriptor '/home/mario/master_ws/install/moveit_task_constructor_demo/share/moveit_task_constructor_demo/hook/cmake_prefix_path.dsv'
[2.341s] INFO:colcon.colcon_core.shell:Creating environment hook '/home/mario/master_ws/install/moveit_task_constructor_demo/share/moveit_task_constructor_demo/hook/cmake_prefix_path.sh'
[2.342s] Level 1:colcon.colcon_core.environment:checking '/home/mario/master_ws/install/moveit_task_constructor_demo/lib'
[2.342s] Level 1:colcon.colcon_core.shell:create_environment_hook('moveit_task_constructor_demo', 'ld_library_path_lib')
[2.342s] INFO:colcon.colcon_core.shell:Creating environment hook '/home/mario/master_ws/install/moveit_task_constructor_demo/share/moveit_task_constructor_demo/hook/ld_library_path_lib.ps1'
[2.343s] INFO:colcon.colcon_core.shell:Creating environment descriptor '/home/mario/master_ws/install/moveit_task_constructor_demo/share/moveit_task_constructor_demo/hook/ld_library_path_lib.dsv'
[2.343s] INFO:colcon.colcon_core.shell:Creating environment hook '/home/mario/master_ws/install/moveit_task_constructor_demo/share/moveit_task_constructor_demo/hook/ld_library_path_lib.sh'
[2.344s] Level 1:colcon.colcon_core.environment:checking '/home/mario/master_ws/install/moveit_task_constructor_demo/bin'
[2.344s] Level 1:colcon.colcon_core.environment:checking '/home/mario/master_ws/install/moveit_task_constructor_demo/lib/pkgconfig/moveit_task_constructor_demo.pc'
[2.345s] Level 1:colcon.colcon_core.environment:checking '/home/mario/master_ws/install/moveit_task_constructor_demo/lib/python3.12/site-packages'
[2.345s] Level 1:colcon.colcon_core.environment:checking '/home/mario/master_ws/install/moveit_task_constructor_demo/bin'
[2.346s] INFO:colcon.colcon_core.shell:Creating package script '/home/mario/master_ws/install/moveit_task_constructor_demo/share/moveit_task_constructor_demo/package.ps1'
[2.347s] INFO:colcon.colcon_core.shell:Creating package descriptor '/home/mario/master_ws/install/moveit_task_constructor_demo/share/moveit_task_constructor_demo/package.dsv'
[2.348s] INFO:colcon.colcon_core.shell:Creating package script '/home/mario/master_ws/install/moveit_task_constructor_demo/share/moveit_task_constructor_demo/package.sh'
[2.349s] INFO:colcon.colcon_core.shell:Creating package script '/home/mario/master_ws/install/moveit_task_constructor_demo/share/moveit_task_constructor_demo/package.bash'
[2.349s] INFO:colcon.colcon_core.shell:Creating package script '/home/mario/master_ws/install/moveit_task_constructor_demo/share/moveit_task_constructor_demo/package.zsh'
[2.350s] Level 1:colcon.colcon_core.environment:create_file_with_runtime_dependencies(/home/mario/master_ws/install/moveit_task_constructor_demo/share/colcon-core/packages/moveit_task_constructor_demo)
[11.467s] DEBUG:colcon.colcon_core.event_handler.log_command:Invoked command in '/home/mario/master_ws/build/vision_control' returned '2': CMAKE_PREFIX_PATH=${CMAKE_PREFIX_PATH}:/home/mario/master_ws/install/estun_description:/opt/ros/jazzy DEBUGINFOD_URLS=https://debuginfod.ubuntu.com /usr/bin/cmake --build /home/mario/master_ws/build/vision_control -- -j12 -l12
[11.467s] Level 1:colcon.colcon_core.environment:create_environment_scripts_only(vision_control)
[11.467s] Level 1:colcon.colcon_core.environment:checking '/home/mario/master_ws/install/vision_control' for CMake module files
[11.468s] Level 1:colcon.colcon_core.environment:checking '/home/mario/master_ws/install/vision_control' for CMake config files
[11.468s] Level 1:colcon.colcon_core.shell:create_environment_hook('vision_control', 'cmake_prefix_path')
[11.468s] INFO:colcon.colcon_core.shell:Creating environment hook '/home/mario/master_ws/install/vision_control/share/vision_control/hook/cmake_prefix_path.ps1'
[11.468s] INFO:colcon.colcon_core.shell:Creating environment descriptor '/home/mario/master_ws/install/vision_control/share/vision_control/hook/cmake_prefix_path.dsv'
[11.469s] INFO:colcon.colcon_core.shell:Creating environment hook '/home/mario/master_ws/install/vision_control/share/vision_control/hook/cmake_prefix_path.sh'
[11.469s] Level 1:colcon.colcon_core.environment:checking '/home/mario/master_ws/install/vision_control/lib'
[11.469s] Level 1:colcon.colcon_core.environment:checking '/home/mario/master_ws/install/vision_control/bin'
[11.469s] Level 1:colcon.colcon_core.environment:checking '/home/mario/master_ws/install/vision_control/lib/pkgconfig/vision_control.pc'
[11.469s] Level 1:colcon.colcon_core.environment:checking '/home/mario/master_ws/install/vision_control/lib/python3.12/site-packages'
[11.470s] Level 1:colcon.colcon_core.environment:checking '/home/mario/master_ws/install/vision_control/bin'
[11.470s] INFO:colcon.colcon_core.shell:Creating package script '/home/mario/master_ws/install/vision_control/share/vision_control/package.ps1'
[11.470s] INFO:colcon.colcon_core.shell:Creating package descriptor '/home/mario/master_ws/install/vision_control/share/vision_control/package.dsv'
[11.471s] INFO:colcon.colcon_core.shell:Creating package script '/home/mario/master_ws/install/vision_control/share/vision_control/package.sh'
[11.471s] INFO:colcon.colcon_core.shell:Creating package script '/home/mario/master_ws/install/vision_control/share/vision_control/package.bash'
[11.471s] INFO:colcon.colcon_core.shell:Creating package script '/home/mario/master_ws/install/vision_control/share/vision_control/package.zsh'
[11.471s] Level 1:colcon.colcon_core.environment:create_file_with_runtime_dependencies(/home/mario/master_ws/install/vision_control/share/colcon-core/packages/vision_control)
[11.482s] DEBUG:colcon.colcon_parallel_executor.executor.parallel:closing loop
[11.482s] DEBUG:colcon.colcon_parallel_executor.executor.parallel:loop closed
[11.482s] DEBUG:colcon.colcon_parallel_executor.executor.parallel:run_until_complete finished with '2'
[11.482s] DEBUG:colcon.colcon_core.event_reactor:joining thread
[11.490s] INFO:colcon.colcon_core.plugin_system:Skipping extension 'colcon_notification.desktop_notification.terminal_notifier': Not used on non-Darwin systems
[11.490s] INFO:colcon.colcon_core.plugin_system:Skipping extension 'colcon_notification.desktop_notification.win32': Not used on non-Windows systems
[11.490s] INFO:colcon.colcon_notification.desktop_notification:Sending desktop notification using 'notify2'
[11.506s] DEBUG:colcon.colcon_core.event_reactor:joined thread
[11.506s] INFO:colcon.colcon_core.shell:Creating prefix script '/home/mario/master_ws/install/local_setup.ps1'
[11.507s] INFO:colcon.colcon_core.shell:Creating prefix util module '/home/mario/master_ws/install/_local_setup_util_ps1.py'
[11.509s] INFO:colcon.colcon_core.shell:Creating prefix chain script '/home/mario/master_ws/install/setup.ps1'
[11.511s] INFO:colcon.colcon_core.shell:Creating prefix script '/home/mario/master_ws/install/local_setup.sh'
[11.511s] INFO:colcon.colcon_core.shell:Creating prefix util module '/home/mario/master_ws/install/_local_setup_util_sh.py'
[11.512s] INFO:colcon.colcon_core.shell:Creating prefix chain script '/home/mario/master_ws/install/setup.sh'
[11.513s] INFO:colcon.colcon_core.shell:Creating prefix script '/home/mario/master_ws/install/local_setup.bash'
[11.513s] INFO:colcon.colcon_core.shell:Creating prefix chain script '/home/mario/master_ws/install/setup.bash'
[11.514s] INFO:colcon.colcon_core.shell:Creating prefix script '/home/mario/master_ws/install/local_setup.zsh'
[11.514s] INFO:colcon.colcon_core.shell:Creating prefix chain script '/home/mario/master_ws/install/setup.zsh'
