-- The C compiler identification is GNU 13.3.0
-- The CXX compiler identification is GNU 13.3.0
-- Detecting C compiler ABI info
-- Detecting C compiler ABI info - done
-- Check for working C compiler: /usr/bin/cc - skipped
-- Detecting C compile features
-- Detecting C compile features - done
-- Detecting CXX compiler ABI info
-- Detecting CXX compiler ABI info - done
-- Check for working CXX compiler: /usr/bin/c++ - skipped
-- Detecting CXX compile features
-- Detecting CXX compile features - done
-- Found ament_cmake: 2.5.6 (/opt/ros/jazzy/share/ament_cmake/cmake)
-- Found Python3: /usr/bin/python3 (found version "3.12.3") found components: Interpreter 
-- Found builtin_interfaces: 2.0.4 (/opt/ros/jazzy/share/builtin_interfaces/cmake)
-- Found rosidl_generator_c: 4.6.9 (/opt/ros/jazzy/share/rosidl_generator_c/cmake)
-- Found rosidl_generator_cpp: 4.6.9 (/opt/ros/jazzy/share/rosidl_generator_cpp/cmake)
-- Using all available rosidl_typesupport_c: rosidl_typesupport_fastrtps_c;rosidl_typesupport_introspection_c
-- Using all available rosidl_typesupport_cpp: rosidl_typesupport_fastrtps_cpp;rosidl_typesupport_introspection_cpp
-- Found moveit_msgs: 2.6.0 (/opt/ros/jazzy/share/moveit_msgs/cmake)
-- Found rosidl_default_generators: 1.6.1 (/opt/ros/jazzy/share/rosidl_default_generators/cmake)
-- Found rosidl_adapter: 4.6.9 (/opt/ros/jazzy/share/rosidl_adapter/cmake)
-- Found visualization_msgs: 5.3.8 (/opt/ros/jazzy/share/visualization_msgs/cmake)
-- Found ament_cmake_ros: 0.12.1 (/opt/ros/jazzy/share/ament_cmake_ros/cmake)
-- Using all available rosidl_typesupport_c: rosidl_typesupport_fastrtps_c;rosidl_typesupport_introspection_c
-- Using all available rosidl_typesupport_cpp: rosidl_typesupport_fastrtps_cpp;rosidl_typesupport_introspection_cpp
-- Found python_cmake_module: 0.11.1 (/opt/ros/jazzy/share/python_cmake_module/cmake)
-- Found PythonExtra: /usr/bin/python3  
-- Found Python3: /usr/bin/python3 (found version "3.12.3") found components: Interpreter Development NumPy Development.Module Development.Embed 
-- Found Python3: /usr/bin/python3 (found version "3.12.3") found components: Interpreter 
-- Configuring done (4.6s)
-- Generating done (0.1s)
-- Build files have been written to: /home/mario/master_ws/build/moveit_task_constructor_msgs
[  1%] [34m[1mGenerating type hashes for ROS interfaces[0m
[  1%] [34m[1mGenerating Rust code for ROS interfaces[0m
[  1%] Built target ament_cmake_python_copy_moveit_task_constructor_msgs
running egg_info
creating moveit_task_constructor_msgs.egg-info
writing moveit_task_constructor_msgs.egg-info/PKG-INFO
writing dependency_links to moveit_task_constructor_msgs.egg-info/dependency_links.txt
writing top-level names to moveit_task_constructor_msgs.egg-info/top_level.txt
writing manifest file 'moveit_task_constructor_msgs.egg-info/SOURCES.txt'
reading manifest file 'moveit_task_constructor_msgs.egg-info/SOURCES.txt'
writing manifest file 'moveit_task_constructor_msgs.egg-info/SOURCES.txt'
[  1%] Built target ament_cmake_python_build_moveit_task_constructor_msgs_egg
[  1%] Built target moveit_task_constructor_msgs__rosidl_generator_type_description
[  2%] [34m[1mGenerating C code for ROS interfaces[0m
[  2%] [34m[1mGenerating C++ code for ROS interfaces[0m
[  2%] Built target moveit_task_constructor_msgs__rs
[  2%] Built target moveit_task_constructor_msgs__cpp
[  3%] [32mBuilding C object CMakeFiles/moveit_task_constructor_msgs__rosidl_generator_c.dir/rosidl_generator_c/moveit_task_constructor_msgs/msg/detail/solution__description.c.o[0m
[  3%] [32mBuilding C object CMakeFiles/moveit_task_constructor_msgs__rosidl_generator_c.dir/rosidl_generator_c/moveit_task_constructor_msgs/msg/detail/solution__functions.c.o[0m
[  3%] [32mBuilding C object CMakeFiles/moveit_task_constructor_msgs__rosidl_generator_c.dir/rosidl_generator_c/moveit_task_constructor_msgs/msg/detail/property__description.c.o[0m
[  4%] [32mBuilding C object CMakeFiles/moveit_task_constructor_msgs__rosidl_generator_c.dir/rosidl_generator_c/moveit_task_constructor_msgs/msg/detail/property__functions.c.o[0m
[  4%] [32mBuilding C object CMakeFiles/moveit_task_constructor_msgs__rosidl_generator_c.dir/rosidl_generator_c/moveit_task_constructor_msgs/msg/detail/solution_info__description.c.o[0m
[  5%] [32mBuilding C object CMakeFiles/moveit_task_constructor_msgs__rosidl_generator_c.dir/rosidl_generator_c/moveit_task_constructor_msgs/msg/detail/stage_description__functions.c.o[0m
[  6%] [32mBuilding C object CMakeFiles/moveit_task_constructor_msgs__rosidl_generator_c.dir/rosidl_generator_c/moveit_task_constructor_msgs/msg/detail/solution_info__type_support.c.o[0m
[  7%] [32mBuilding C object CMakeFiles/moveit_task_constructor_msgs__rosidl_generator_c.dir/rosidl_generator_c/moveit_task_constructor_msgs/msg/detail/solution__type_support.c.o[0m
[  8%] [32mBuilding C object CMakeFiles/moveit_task_constructor_msgs__rosidl_generator_c.dir/rosidl_generator_c/moveit_task_constructor_msgs/msg/detail/property__type_support.c.o[0m
[  9%] [32mBuilding C object CMakeFiles/moveit_task_constructor_msgs__rosidl_generator_c.dir/rosidl_generator_c/moveit_task_constructor_msgs/msg/detail/solution_info__functions.c.o[0m
[ 10%] [32mBuilding C object CMakeFiles/moveit_task_constructor_msgs__rosidl_generator_c.dir/rosidl_generator_c/moveit_task_constructor_msgs/msg/detail/stage_description__type_support.c.o[0m
[ 10%] [32mBuilding C object CMakeFiles/moveit_task_constructor_msgs__rosidl_generator_c.dir/rosidl_generator_c/moveit_task_constructor_msgs/msg/detail/stage_description__description.c.o[0m
[ 11%] [32mBuilding C object CMakeFiles/moveit_task_constructor_msgs__rosidl_generator_c.dir/rosidl_generator_c/moveit_task_constructor_msgs/msg/detail/stage_statistics__functions.c.o[0m
[ 11%] [32mBuilding C object CMakeFiles/moveit_task_constructor_msgs__rosidl_generator_c.dir/rosidl_generator_c/moveit_task_constructor_msgs/msg/detail/stage_statistics__description.c.o[0m
[ 12%] [32mBuilding C object CMakeFiles/moveit_task_constructor_msgs__rosidl_generator_c.dir/rosidl_generator_c/moveit_task_constructor_msgs/msg/detail/stage_statistics__type_support.c.o[0m
[ 13%] [32mBuilding C object CMakeFiles/moveit_task_constructor_msgs__rosidl_generator_c.dir/rosidl_generator_c/moveit_task_constructor_msgs/msg/detail/sub_solution__description.c.o[0m
[ 13%] [32mBuilding C object CMakeFiles/moveit_task_constructor_msgs__rosidl_generator_c.dir/rosidl_generator_c/moveit_task_constructor_msgs/msg/detail/sub_solution__functions.c.o[0m
[ 14%] [32mBuilding C object CMakeFiles/moveit_task_constructor_msgs__rosidl_generator_c.dir/rosidl_generator_c/moveit_task_constructor_msgs/msg/detail/sub_solution__type_support.c.o[0m
[ 15%] [32mBuilding C object CMakeFiles/moveit_task_constructor_msgs__rosidl_generator_c.dir/rosidl_generator_c/moveit_task_constructor_msgs/msg/detail/sub_trajectory__description.c.o[0m
[ 16%] [32mBuilding C object CMakeFiles/moveit_task_constructor_msgs__rosidl_generator_c.dir/rosidl_generator_c/moveit_task_constructor_msgs/msg/detail/sub_trajectory__type_support.c.o[0m
[ 16%] [32mBuilding C object CMakeFiles/moveit_task_constructor_msgs__rosidl_generator_c.dir/rosidl_generator_c/moveit_task_constructor_msgs/msg/detail/sub_trajectory__functions.c.o[0m
[ 17%] [32mBuilding C object CMakeFiles/moveit_task_constructor_msgs__rosidl_generator_c.dir/rosidl_generator_c/moveit_task_constructor_msgs/msg/detail/task_description__functions.c.o[0m
[ 17%] [32mBuilding C object CMakeFiles/moveit_task_constructor_msgs__rosidl_generator_c.dir/rosidl_generator_c/moveit_task_constructor_msgs/msg/detail/task_description__description.c.o[0m
[ 18%] [32mBuilding C object CMakeFiles/moveit_task_constructor_msgs__rosidl_generator_c.dir/rosidl_generator_c/moveit_task_constructor_msgs/msg/detail/task_description__type_support.c.o[0m
[ 19%] [32mBuilding C object CMakeFiles/moveit_task_constructor_msgs__rosidl_generator_c.dir/rosidl_generator_c/moveit_task_constructor_msgs/msg/detail/task_statistics__description.c.o[0m
[ 20%] [32mBuilding C object CMakeFiles/moveit_task_constructor_msgs__rosidl_generator_c.dir/rosidl_generator_c/moveit_task_constructor_msgs/msg/detail/task_statistics__functions.c.o[0m
[ 20%] [32mBuilding C object CMakeFiles/moveit_task_constructor_msgs__rosidl_generator_c.dir/rosidl_generator_c/moveit_task_constructor_msgs/msg/detail/task_statistics__type_support.c.o[0m
[ 21%] [32mBuilding C object CMakeFiles/moveit_task_constructor_msgs__rosidl_generator_c.dir/rosidl_generator_c/moveit_task_constructor_msgs/msg/detail/trajectory_execution_info__description.c.o[0m
[ 22%] [32mBuilding C object CMakeFiles/moveit_task_constructor_msgs__rosidl_generator_c.dir/rosidl_generator_c/moveit_task_constructor_msgs/msg/detail/trajectory_execution_info__functions.c.o[0m
[ 22%] [32mBuilding C object CMakeFiles/moveit_task_constructor_msgs__rosidl_generator_c.dir/rosidl_generator_c/moveit_task_constructor_msgs/msg/detail/trajectory_execution_info__type_support.c.o[0m
[ 23%] [32mBuilding C object CMakeFiles/moveit_task_constructor_msgs__rosidl_generator_c.dir/rosidl_generator_c/moveit_task_constructor_msgs/srv/detail/get_solution__description.c.o[0m
[ 24%] [32mBuilding C object CMakeFiles/moveit_task_constructor_msgs__rosidl_generator_c.dir/rosidl_generator_c/moveit_task_constructor_msgs/srv/detail/get_solution__functions.c.o[0m
[ 24%] [32mBuilding C object CMakeFiles/moveit_task_constructor_msgs__rosidl_generator_c.dir/rosidl_generator_c/moveit_task_constructor_msgs/srv/detail/get_solution__type_support.c.o[0m
[ 25%] [32mBuilding C object CMakeFiles/moveit_task_constructor_msgs__rosidl_generator_c.dir/rosidl_generator_c/moveit_task_constructor_msgs/action/detail/execute_task_solution__description.c.o[0m
[ 26%] [32mBuilding C object CMakeFiles/moveit_task_constructor_msgs__rosidl_generator_c.dir/rosidl_generator_c/moveit_task_constructor_msgs/action/detail/execute_task_solution__functions.c.o[0m
[ 26%] [32mBuilding C object CMakeFiles/moveit_task_constructor_msgs__rosidl_generator_c.dir/rosidl_generator_c/moveit_task_constructor_msgs/action/detail/execute_task_solution__type_support.c.o[0m
[ 27%] [32m[1mLinking C shared library libmoveit_task_constructor_msgs__rosidl_generator_c.so[0m
[ 27%] Built target moveit_task_constructor_msgs__rosidl_generator_c
[ 28%] [34m[1mGenerating C introspection for ROS interfaces[0m
[ 29%] [34m[1mGenerating C type support dispatch for ROS interfaces[0m
[ 29%] [34m[1mGenerating C type support for eProsima Fast-RTPS[0m
[ 30%] [34m[1mGenerating C++ type support for eProsima Fast-RTPS[0m
[ 31%] [34m[1mGenerating C++ introspection for ROS interfaces[0m
[ 31%] [34m[1mGenerating C++ type support dispatch for ROS interfaces[0m
[ 32%] [32mBuilding CXX object CMakeFiles/moveit_task_constructor_msgs__rosidl_typesupport_c.dir/rosidl_typesupport_c/moveit_task_constructor_msgs/msg/property__type_support.cpp.o[0m
[ 33%] [32mBuilding CXX object CMakeFiles/moveit_task_constructor_msgs__rosidl_typesupport_c.dir/rosidl_typesupport_c/moveit_task_constructor_msgs/msg/solution__type_support.cpp.o[0m
[ 34%] [32mBuilding CXX object CMakeFiles/moveit_task_constructor_msgs__rosidl_typesupport_c.dir/rosidl_typesupport_c/moveit_task_constructor_msgs/msg/solution_info__type_support.cpp.o[0m
[ 35%] [32mBuilding CXX object CMakeFiles/moveit_task_constructor_msgs__rosidl_typesupport_c.dir/rosidl_typesupport_c/moveit_task_constructor_msgs/msg/sub_solution__type_support.cpp.o[0m
[ 35%] [32mBuilding CXX object CMakeFiles/moveit_task_constructor_msgs__rosidl_typesupport_c.dir/rosidl_typesupport_c/moveit_task_constructor_msgs/msg/stage_description__type_support.cpp.o[0m
[ 36%] [32mBuilding CXX object CMakeFiles/moveit_task_constructor_msgs__rosidl_typesupport_c.dir/rosidl_typesupport_c/moveit_task_constructor_msgs/msg/stage_statistics__type_support.cpp.o[0m
[ 36%] [32mBuilding CXX object CMakeFiles/moveit_task_constructor_msgs__rosidl_typesupport_c.dir/rosidl_typesupport_c/moveit_task_constructor_msgs/msg/sub_trajectory__type_support.cpp.o[0m
[ 37%] [32mBuilding CXX object CMakeFiles/moveit_task_constructor_msgs__rosidl_typesupport_cpp.dir/rosidl_typesupport_cpp/moveit_task_constructor_msgs/msg/property__type_support.cpp.o[0m
[ 38%] [32mBuilding CXX object CMakeFiles/moveit_task_constructor_msgs__rosidl_typesupport_c.dir/rosidl_typesupport_c/moveit_task_constructor_msgs/msg/task_description__type_support.cpp.o[0m
[ 39%] [32mBuilding CXX object CMakeFiles/moveit_task_constructor_msgs__rosidl_typesupport_cpp.dir/rosidl_typesupport_cpp/moveit_task_constructor_msgs/msg/stage_description__type_support.cpp.o[0m
[ 39%] [32mBuilding CXX object CMakeFiles/moveit_task_constructor_msgs__rosidl_typesupport_cpp.dir/rosidl_typesupport_cpp/moveit_task_constructor_msgs/msg/solution__type_support.cpp.o[0m
[ 40%] [32mBuilding CXX object CMakeFiles/moveit_task_constructor_msgs__rosidl_typesupport_cpp.dir/rosidl_typesupport_cpp/moveit_task_constructor_msgs/msg/stage_statistics__type_support.cpp.o[0m
[ 42%] [32mBuilding CXX object CMakeFiles/moveit_task_constructor_msgs__rosidl_typesupport_cpp.dir/rosidl_typesupport_cpp/moveit_task_constructor_msgs/msg/solution_info__type_support.cpp.o[0m
[ 41%] [32mBuilding CXX object CMakeFiles/moveit_task_constructor_msgs__rosidl_typesupport_c.dir/rosidl_typesupport_c/moveit_task_constructor_msgs/msg/task_statistics__type_support.cpp.o[0m
[ 42%] [32mBuilding CXX object CMakeFiles/moveit_task_constructor_msgs__rosidl_typesupport_cpp.dir/rosidl_typesupport_cpp/moveit_task_constructor_msgs/msg/sub_solution__type_support.cpp.o[0m
[ 43%] [32mBuilding CXX object CMakeFiles/moveit_task_constructor_msgs__rosidl_typesupport_cpp.dir/rosidl_typesupport_cpp/moveit_task_constructor_msgs/msg/sub_trajectory__type_support.cpp.o[0m
[ 43%] [32mBuilding CXX object CMakeFiles/moveit_task_constructor_msgs__rosidl_typesupport_c.dir/rosidl_typesupport_c/moveit_task_constructor_msgs/msg/trajectory_execution_info__type_support.cpp.o[0m
[ 44%] [32mBuilding CXX object CMakeFiles/moveit_task_constructor_msgs__rosidl_typesupport_c.dir/rosidl_typesupport_c/moveit_task_constructor_msgs/srv/get_solution__type_support.cpp.o[0m
[ 45%] [32mBuilding CXX object CMakeFiles/moveit_task_constructor_msgs__rosidl_typesupport_c.dir/rosidl_typesupport_c/moveit_task_constructor_msgs/action/execute_task_solution__type_support.cpp.o[0m
[ 46%] [32mBuilding CXX object CMakeFiles/moveit_task_constructor_msgs__rosidl_typesupport_cpp.dir/rosidl_typesupport_cpp/moveit_task_constructor_msgs/msg/task_description__type_support.cpp.o[0m
[ 47%] [32mBuilding CXX object CMakeFiles/moveit_task_constructor_msgs__rosidl_typesupport_cpp.dir/rosidl_typesupport_cpp/moveit_task_constructor_msgs/srv/get_solution__type_support.cpp.o[0m
[ 47%] [32mBuilding CXX object CMakeFiles/moveit_task_constructor_msgs__rosidl_typesupport_cpp.dir/rosidl_typesupport_cpp/moveit_task_constructor_msgs/msg/task_statistics__type_support.cpp.o[0m
[ 48%] [32mBuilding CXX object CMakeFiles/moveit_task_constructor_msgs__rosidl_typesupport_cpp.dir/rosidl_typesupport_cpp/moveit_task_constructor_msgs/msg/trajectory_execution_info__type_support.cpp.o[0m
[ 48%] [32mBuilding CXX object CMakeFiles/moveit_task_constructor_msgs__rosidl_typesupport_cpp.dir/rosidl_typesupport_cpp/moveit_task_constructor_msgs/action/execute_task_solution__type_support.cpp.o[0m
[ 48%] [32m[1mLinking CXX shared library libmoveit_task_constructor_msgs__rosidl_typesupport_c.so[0m
[ 48%] Built target moveit_task_constructor_msgs__rosidl_typesupport_c
[ 49%] [32mBuilding C object CMakeFiles/moveit_task_constructor_msgs__rosidl_typesupport_introspection_c.dir/rosidl_typesupport_introspection_c/moveit_task_constructor_msgs/msg/detail/property__type_support.c.o[0m
[ 50%] [32mBuilding C object CMakeFiles/moveit_task_constructor_msgs__rosidl_typesupport_introspection_c.dir/rosidl_typesupport_introspection_c/moveit_task_constructor_msgs/msg/detail/stage_description__type_support.c.o[0m
[ 50%] [32mBuilding CXX object CMakeFiles/moveit_task_constructor_msgs__rosidl_typesupport_introspection_cpp.dir/rosidl_typesupport_introspection_cpp/moveit_task_constructor_msgs/msg/detail/property__type_support.cpp.o[0m
[ 51%] [32mBuilding C object CMakeFiles/moveit_task_constructor_msgs__rosidl_typesupport_introspection_c.dir/rosidl_typesupport_introspection_c/moveit_task_constructor_msgs/msg/detail/solution_info__type_support.c.o[0m
[ 51%] [32mBuilding C object CMakeFiles/moveit_task_constructor_msgs__rosidl_typesupport_introspection_c.dir/rosidl_typesupport_introspection_c/moveit_task_constructor_msgs/msg/detail/solution__type_support.c.o[0m
[ 51%] [32mBuilding C object CMakeFiles/moveit_task_constructor_msgs__rosidl_typesupport_introspection_c.dir/rosidl_typesupport_introspection_c/moveit_task_constructor_msgs/msg/detail/sub_solution__type_support.c.o[0m
[ 52%] [32mBuilding C object CMakeFiles/moveit_task_constructor_msgs__rosidl_typesupport_introspection_c.dir/rosidl_typesupport_introspection_c/moveit_task_constructor_msgs/msg/detail/stage_statistics__type_support.c.o[0m
[ 53%] [32mBuilding CXX object CMakeFiles/moveit_task_constructor_msgs__rosidl_typesupport_introspection_cpp.dir/rosidl_typesupport_introspection_cpp/moveit_task_constructor_msgs/msg/detail/solution__type_support.cpp.o[0m
[ 54%] [32mBuilding CXX object CMakeFiles/moveit_task_constructor_msgs__rosidl_typesupport_introspection_cpp.dir/rosidl_typesupport_introspection_cpp/moveit_task_constructor_msgs/msg/detail/solution_info__type_support.cpp.o[0m
[ 54%] [32mBuilding CXX object CMakeFiles/moveit_task_constructor_msgs__rosidl_typesupport_introspection_cpp.dir/rosidl_typesupport_introspection_cpp/moveit_task_constructor_msgs/msg/detail/stage_description__type_support.cpp.o[0m
[ 55%] [32mBuilding C object CMakeFiles/moveit_task_constructor_msgs__rosidl_typesupport_introspection_c.dir/rosidl_typesupport_introspection_c/moveit_task_constructor_msgs/msg/detail/task_description__type_support.c.o[0m
[ 56%] [32mBuilding C object CMakeFiles/moveit_task_constructor_msgs__rosidl_typesupport_introspection_c.dir/rosidl_typesupport_introspection_c/moveit_task_constructor_msgs/msg/detail/sub_trajectory__type_support.c.o[0m
[ 57%] [32mBuilding CXX object CMakeFiles/moveit_task_constructor_msgs__rosidl_typesupport_introspection_cpp.dir/rosidl_typesupport_introspection_cpp/moveit_task_constructor_msgs/msg/detail/stage_statistics__type_support.cpp.o[0m
[ 57%] [32mBuilding C object CMakeFiles/moveit_task_constructor_msgs__rosidl_typesupport_introspection_c.dir/rosidl_typesupport_introspection_c/moveit_task_constructor_msgs/msg/detail/task_statistics__type_support.c.o[0m
[ 58%] [32mBuilding CXX object CMakeFiles/moveit_task_constructor_msgs__rosidl_typesupport_introspection_cpp.dir/rosidl_typesupport_introspection_cpp/moveit_task_constructor_msgs/msg/detail/sub_solution__type_support.cpp.o[0m
[ 59%] [32mBuilding CXX object CMakeFiles/moveit_task_constructor_msgs__rosidl_typesupport_introspection_cpp.dir/rosidl_typesupport_introspection_cpp/moveit_task_constructor_msgs/msg/detail/sub_trajectory__type_support.cpp.o[0m
[ 60%] [32mBuilding C object CMakeFiles/moveit_task_constructor_msgs__rosidl_typesupport_introspection_c.dir/rosidl_typesupport_introspection_c/moveit_task_constructor_msgs/msg/detail/trajectory_execution_info__type_support.c.o[0m
[ 61%] [32mBuilding C object CMakeFiles/moveit_task_constructor_msgs__rosidl_typesupport_introspection_c.dir/rosidl_typesupport_introspection_c/moveit_task_constructor_msgs/srv/detail/get_solution__type_support.c.o[0m
[ 61%] [32mBuilding C object CMakeFiles/moveit_task_constructor_msgs__rosidl_typesupport_introspection_c.dir/rosidl_typesupport_introspection_c/moveit_task_constructor_msgs/action/detail/execute_task_solution__type_support.c.o[0m
[ 62%] [32mBuilding CXX object CMakeFiles/moveit_task_constructor_msgs__rosidl_typesupport_fastrtps_cpp.dir/rosidl_typesupport_fastrtps_cpp/moveit_task_constructor_msgs/msg/detail/dds_fastrtps/property__type_support.cpp.o[0m
[ 62%] [32mBuilding CXX object CMakeFiles/moveit_task_constructor_msgs__rosidl_typesupport_introspection_cpp.dir/rosidl_typesupport_introspection_cpp/moveit_task_constructor_msgs/msg/detail/task_description__type_support.cpp.o[0m
[ 63%] [32mBuilding CXX object CMakeFiles/moveit_task_constructor_msgs__rosidl_typesupport_fastrtps_cpp.dir/rosidl_typesupport_fastrtps_cpp/moveit_task_constructor_msgs/msg/detail/dds_fastrtps/solution__type_support.cpp.o[0m
[ 64%] [32m[1mLinking C shared library libmoveit_task_constructor_msgs__rosidl_typesupport_introspection_c.so[0m
[ 64%] Built target moveit_task_constructor_msgs__rosidl_typesupport_introspection_c
[ 64%] [32mBuilding CXX object CMakeFiles/moveit_task_constructor_msgs__rosidl_typesupport_fastrtps_cpp.dir/rosidl_typesupport_fastrtps_cpp/moveit_task_constructor_msgs/msg/detail/dds_fastrtps/solution_info__type_support.cpp.o[0m
[ 65%] [32mBuilding CXX object CMakeFiles/moveit_task_constructor_msgs__rosidl_typesupport_fastrtps_cpp.dir/rosidl_typesupport_fastrtps_cpp/moveit_task_constructor_msgs/msg/detail/dds_fastrtps/stage_description__type_support.cpp.o[0m
[ 65%] [32mBuilding CXX object CMakeFiles/moveit_task_constructor_msgs__rosidl_typesupport_fastrtps_c.dir/rosidl_typesupport_fastrtps_c/moveit_task_constructor_msgs/msg/detail/property__type_support_c.cpp.o[0m
[ 66%] [32mBuilding CXX object CMakeFiles/moveit_task_constructor_msgs__rosidl_typesupport_introspection_cpp.dir/rosidl_typesupport_introspection_cpp/moveit_task_constructor_msgs/msg/detail/task_statistics__type_support.cpp.o[0m
[ 67%] [32mBuilding CXX object CMakeFiles/moveit_task_constructor_msgs__rosidl_typesupport_fastrtps_cpp.dir/rosidl_typesupport_fastrtps_cpp/moveit_task_constructor_msgs/msg/detail/dds_fastrtps/stage_statistics__type_support.cpp.o[0m
[ 68%] [32mBuilding CXX object CMakeFiles/moveit_task_constructor_msgs__rosidl_typesupport_introspection_cpp.dir/rosidl_typesupport_introspection_cpp/moveit_task_constructor_msgs/msg/detail/trajectory_execution_info__type_support.cpp.o[0m
[ 69%] [32mBuilding CXX object CMakeFiles/moveit_task_constructor_msgs__rosidl_typesupport_fastrtps_cpp.dir/rosidl_typesupport_fastrtps_cpp/moveit_task_constructor_msgs/msg/detail/dds_fastrtps/sub_solution__type_support.cpp.o[0m
[ 69%] [32mBuilding CXX object CMakeFiles/moveit_task_constructor_msgs__rosidl_typesupport_introspection_cpp.dir/rosidl_typesupport_introspection_cpp/moveit_task_constructor_msgs/srv/detail/get_solution__type_support.cpp.o[0m
[ 69%] [32mBuilding CXX object CMakeFiles/moveit_task_constructor_msgs__rosidl_typesupport_fastrtps_cpp.dir/rosidl_typesupport_fastrtps_cpp/moveit_task_constructor_msgs/msg/detail/dds_fastrtps/sub_trajectory__type_support.cpp.o[0m
[ 70%] [32mBuilding CXX object CMakeFiles/moveit_task_constructor_msgs__rosidl_typesupport_introspection_cpp.dir/rosidl_typesupport_introspection_cpp/moveit_task_constructor_msgs/action/detail/execute_task_solution__type_support.cpp.o[0m
[ 71%] [32mBuilding CXX object CMakeFiles/moveit_task_constructor_msgs__rosidl_typesupport_fastrtps_c.dir/rosidl_typesupport_fastrtps_c/moveit_task_constructor_msgs/msg/detail/solution__type_support_c.cpp.o[0m
[ 72%] [32mBuilding CXX object CMakeFiles/moveit_task_constructor_msgs__rosidl_typesupport_fastrtps_c.dir/rosidl_typesupport_fastrtps_c/moveit_task_constructor_msgs/msg/detail/solution_info__type_support_c.cpp.o[0m
[ 73%] [32mBuilding CXX object CMakeFiles/moveit_task_constructor_msgs__rosidl_typesupport_fastrtps_c.dir/rosidl_typesupport_fastrtps_c/moveit_task_constructor_msgs/msg/detail/stage_description__type_support_c.cpp.o[0m
[ 73%] [32mBuilding CXX object CMakeFiles/moveit_task_constructor_msgs__rosidl_typesupport_fastrtps_c.dir/rosidl_typesupport_fastrtps_c/moveit_task_constructor_msgs/msg/detail/stage_statistics__type_support_c.cpp.o[0m
[ 74%] [32mBuilding CXX object CMakeFiles/moveit_task_constructor_msgs__rosidl_typesupport_fastrtps_c.dir/rosidl_typesupport_fastrtps_c/moveit_task_constructor_msgs/msg/detail/sub_solution__type_support_c.cpp.o[0m
[ 75%] [32mBuilding CXX object CMakeFiles/moveit_task_constructor_msgs__rosidl_typesupport_fastrtps_c.dir/rosidl_typesupport_fastrtps_c/moveit_task_constructor_msgs/msg/detail/sub_trajectory__type_support_c.cpp.o[0m
[ 76%] [32m[1mLinking CXX shared library libmoveit_task_constructor_msgs__rosidl_typesupport_cpp.so[0m
[ 77%] [32mBuilding CXX object CMakeFiles/moveit_task_constructor_msgs__rosidl_typesupport_fastrtps_cpp.dir/rosidl_typesupport_fastrtps_cpp/moveit_task_constructor_msgs/msg/detail/dds_fastrtps/task_description__type_support.cpp.o[0m
[ 77%] Built target moveit_task_constructor_msgs__rosidl_typesupport_cpp
[ 78%] [32mBuilding CXX object CMakeFiles/moveit_task_constructor_msgs__rosidl_typesupport_fastrtps_cpp.dir/rosidl_typesupport_fastrtps_cpp/moveit_task_constructor_msgs/msg/detail/dds_fastrtps/task_statistics__type_support.cpp.o[0m
[ 78%] [32mBuilding CXX object CMakeFiles/moveit_task_constructor_msgs__rosidl_typesupport_fastrtps_c.dir/rosidl_typesupport_fastrtps_c/moveit_task_constructor_msgs/msg/detail/task_description__type_support_c.cpp.o[0m
[ 79%] [32mBuilding CXX object CMakeFiles/moveit_task_constructor_msgs__rosidl_typesupport_fastrtps_c.dir/rosidl_typesupport_fastrtps_c/moveit_task_constructor_msgs/msg/detail/task_statistics__type_support_c.cpp.o[0m
[ 79%] [32mBuilding CXX object CMakeFiles/moveit_task_constructor_msgs__rosidl_typesupport_fastrtps_cpp.dir/rosidl_typesupport_fastrtps_cpp/moveit_task_constructor_msgs/msg/detail/dds_fastrtps/trajectory_execution_info__type_support.cpp.o[0m
[ 80%] [32mBuilding CXX object CMakeFiles/moveit_task_constructor_msgs__rosidl_typesupport_fastrtps_cpp.dir/rosidl_typesupport_fastrtps_cpp/moveit_task_constructor_msgs/srv/detail/dds_fastrtps/get_solution__type_support.cpp.o[0m
[ 81%] [32mBuilding CXX object CMakeFiles/moveit_task_constructor_msgs__rosidl_typesupport_fastrtps_c.dir/rosidl_typesupport_fastrtps_c/moveit_task_constructor_msgs/msg/detail/trajectory_execution_info__type_support_c.cpp.o[0m
[ 81%] [32mBuilding CXX object CMakeFiles/moveit_task_constructor_msgs__rosidl_typesupport_fastrtps_c.dir/rosidl_typesupport_fastrtps_c/moveit_task_constructor_msgs/srv/detail/get_solution__type_support_c.cpp.o[0m
[ 82%] [32mBuilding CXX object CMakeFiles/moveit_task_constructor_msgs__rosidl_typesupport_fastrtps_cpp.dir/rosidl_typesupport_fastrtps_cpp/moveit_task_constructor_msgs/action/detail/dds_fastrtps/execute_task_solution__type_support.cpp.o[0m
[ 83%] [32mBuilding CXX object CMakeFiles/moveit_task_constructor_msgs__rosidl_typesupport_fastrtps_c.dir/rosidl_typesupport_fastrtps_c/moveit_task_constructor_msgs/action/detail/execute_task_solution__type_support_c.cpp.o[0m
[ 84%] [32m[1mLinking CXX shared library libmoveit_task_constructor_msgs__rosidl_typesupport_fastrtps_c.so[0m
[ 84%] Built target moveit_task_constructor_msgs__rosidl_typesupport_fastrtps_c
[ 85%] [32m[1mLinking CXX shared library libmoveit_task_constructor_msgs__rosidl_typesupport_introspection_cpp.so[0m
[ 85%] Built target moveit_task_constructor_msgs__rosidl_typesupport_introspection_cpp
[ 85%] [32m[1mLinking CXX shared library libmoveit_task_constructor_msgs__rosidl_typesupport_fastrtps_cpp.so[0m
[ 85%] Built target moveit_task_constructor_msgs__rosidl_typesupport_fastrtps_cpp
[ 85%] Built target moveit_task_constructor_msgs
[ 86%] [34m[1mGenerating Python code for ROS interfaces[0m
[ 86%] Built target moveit_task_constructor_msgs__py
[ 90%] [32mBuilding C object CMakeFiles/moveit_task_constructor_msgs__rosidl_generator_py.dir/rosidl_generator_py/moveit_task_constructor_msgs/msg/_solution_s.c.o[0m
[ 90%] [32mBuilding C object CMakeFiles/moveit_task_constructor_msgs__rosidl_generator_py.dir/rosidl_generator_py/moveit_task_constructor_msgs/msg/_solution_info_s.c.o[0m
[ 90%] [32mBuilding C object CMakeFiles/moveit_task_constructor_msgs__rosidl_generator_py.dir/rosidl_generator_py/moveit_task_constructor_msgs/msg/_stage_statistics_s.c.o[0m
[ 90%] [32mBuilding C object CMakeFiles/moveit_task_constructor_msgs__rosidl_generator_py.dir/rosidl_generator_py/moveit_task_constructor_msgs/msg/_sub_solution_s.c.o[0m
[ 91%] [32mBuilding C object CMakeFiles/moveit_task_constructor_msgs__rosidl_generator_py.dir/rosidl_generator_py/moveit_task_constructor_msgs/msg/_property_s.c.o[0m
[ 91%] [32mBuilding C object CMakeFiles/moveit_task_constructor_msgs__rosidl_generator_py.dir/rosidl_generator_py/moveit_task_constructor_msgs/msg/_trajectory_execution_info_s.c.o[0m
[ 90%] [32mBuilding C object CMakeFiles/moveit_task_constructor_msgs__rosidl_generator_py.dir/rosidl_generator_py/moveit_task_constructor_msgs/msg/_sub_trajectory_s.c.o[0m
[ 92%] [32mBuilding C object CMakeFiles/moveit_task_constructor_msgs__rosidl_generator_py.dir/rosidl_generator_py/moveit_task_constructor_msgs/msg/_task_statistics_s.c.o[0m
[ 92%] [32mBuilding C object CMakeFiles/moveit_task_constructor_msgs__rosidl_generator_py.dir/rosidl_generator_py/moveit_task_constructor_msgs/srv/_get_solution_s.c.o[0m
[ 92%] [32mBuilding C object CMakeFiles/moveit_task_constructor_msgs__rosidl_generator_py.dir/rosidl_generator_py/moveit_task_constructor_msgs/action/_execute_task_solution_s.c.o[0m
[ 93%] [32mBuilding C object CMakeFiles/moveit_task_constructor_msgs__rosidl_generator_py.dir/rosidl_generator_py/moveit_task_constructor_msgs/msg/_stage_description_s.c.o[0m
[ 94%] [32mBuilding C object CMakeFiles/moveit_task_constructor_msgs__rosidl_generator_py.dir/rosidl_generator_py/moveit_task_constructor_msgs/msg/_task_description_s.c.o[0m
[ 95%] [32m[1mLinking C shared library libmoveit_task_constructor_msgs__rosidl_generator_py.so[0m
[ 95%] Built target moveit_task_constructor_msgs__rosidl_generator_py
[ 96%] [32mBuilding C object CMakeFiles/moveit_task_constructor_msgs_s__rosidl_typesupport_fastrtps_c.dir/rosidl_generator_py/moveit_task_constructor_msgs/_moveit_task_constructor_msgs_s.ep.rosidl_typesupport_fastrtps_c.c.o[0m
[ 96%] [32mBuilding C object CMakeFiles/moveit_task_constructor_msgs_s__rosidl_typesupport_introspection_c.dir/rosidl_generator_py/moveit_task_constructor_msgs/_moveit_task_constructor_msgs_s.ep.rosidl_typesupport_introspection_c.c.o[0m
[ 97%] [32mBuilding C object CMakeFiles/moveit_task_constructor_msgs_s__rosidl_typesupport_c.dir/rosidl_generator_py/moveit_task_constructor_msgs/_moveit_task_constructor_msgs_s.ep.rosidl_typesupport_c.c.o[0m
[ 98%] [32m[1mLinking C shared module rosidl_generator_py/moveit_task_constructor_msgs/moveit_task_constructor_msgs_s__rosidl_typesupport_introspection_c.so[0m
[ 99%] [32m[1mLinking C shared module rosidl_generator_py/moveit_task_constructor_msgs/moveit_task_constructor_msgs_s__rosidl_typesupport_fastrtps_c.so[0m
[100%] [32m[1mLinking C shared module rosidl_generator_py/moveit_task_constructor_msgs/moveit_task_constructor_msgs_s__rosidl_typesupport_c.so[0m
[100%] Built target moveit_task_constructor_msgs_s__rosidl_typesupport_fastrtps_c
[100%] Built target moveit_task_constructor_msgs_s__rosidl_typesupport_introspection_c
[100%] Built target moveit_task_constructor_msgs_s__rosidl_typesupport_c
-- Install configuration: ""
-- Installing: /home/mario/master_ws/install/moveit_task_constructor_msgs/share/ament_index/resource_index/rosidl_interfaces/moveit_task_constructor_msgs
-- Installing: /home/mario/master_ws/install/moveit_task_constructor_msgs/share/moveit_task_constructor_msgs/msg/Property.json
-- Installing: /home/mario/master_ws/install/moveit_task_constructor_msgs/share/moveit_task_constructor_msgs/msg/Solution.json
-- Installing: /home/mario/master_ws/install/moveit_task_constructor_msgs/share/moveit_task_constructor_msgs/msg/SolutionInfo.json
-- Installing: /home/mario/master_ws/install/moveit_task_constructor_msgs/share/moveit_task_constructor_msgs/msg/StageDescription.json
-- Installing: /home/mario/master_ws/install/moveit_task_constructor_msgs/share/moveit_task_constructor_msgs/msg/StageStatistics.json
-- Installing: /home/mario/master_ws/install/moveit_task_constructor_msgs/share/moveit_task_constructor_msgs/msg/SubSolution.json
-- Installing: /home/mario/master_ws/install/moveit_task_constructor_msgs/share/moveit_task_constructor_msgs/msg/SubTrajectory.json
-- Installing: /home/mario/master_ws/install/moveit_task_constructor_msgs/share/moveit_task_constructor_msgs/msg/TaskDescription.json
-- Installing: /home/mario/master_ws/install/moveit_task_constructor_msgs/share/moveit_task_constructor_msgs/msg/TaskStatistics.json
-- Installing: /home/mario/master_ws/install/moveit_task_constructor_msgs/share/moveit_task_constructor_msgs/msg/TrajectoryExecutionInfo.json
-- Installing: /home/mario/master_ws/install/moveit_task_constructor_msgs/share/moveit_task_constructor_msgs/srv/GetSolution.json
-- Installing: /home/mario/master_ws/install/moveit_task_constructor_msgs/share/moveit_task_constructor_msgs/action/ExecuteTaskSolution.json
-- Up-to-date: /home/mario/master_ws/install/moveit_task_constructor_msgs/include/moveit_task_constructor_msgs/moveit_task_constructor_msgs
-- Up-to-date: /home/mario/master_ws/install/moveit_task_constructor_msgs/include/moveit_task_constructor_msgs/moveit_task_constructor_msgs/action
-- Up-to-date: /home/mario/master_ws/install/moveit_task_constructor_msgs/include/moveit_task_constructor_msgs/moveit_task_constructor_msgs/action/detail
-- Installing: /home/mario/master_ws/install/moveit_task_constructor_msgs/include/moveit_task_constructor_msgs/moveit_task_constructor_msgs/action/detail/execute_task_solution__description.c
-- Installing: /home/mario/master_ws/install/moveit_task_constructor_msgs/include/moveit_task_constructor_msgs/moveit_task_constructor_msgs/action/detail/execute_task_solution__functions.c
-- Installing: /home/mario/master_ws/install/moveit_task_constructor_msgs/include/moveit_task_constructor_msgs/moveit_task_constructor_msgs/action/detail/execute_task_solution__struct.h
-- Installing: /home/mario/master_ws/install/moveit_task_constructor_msgs/include/moveit_task_constructor_msgs/moveit_task_constructor_msgs/action/detail/execute_task_solution__type_support.h
-- Installing: /home/mario/master_ws/install/moveit_task_constructor_msgs/include/moveit_task_constructor_msgs/moveit_task_constructor_msgs/action/detail/execute_task_solution__type_support.c
-- Installing: /home/mario/master_ws/install/moveit_task_constructor_msgs/include/moveit_task_constructor_msgs/moveit_task_constructor_msgs/action/detail/execute_task_solution__functions.h
-- Installing: /home/mario/master_ws/install/moveit_task_constructor_msgs/include/moveit_task_constructor_msgs/moveit_task_constructor_msgs/action/execute_task_solution.h
-- Up-to-date: /home/mario/master_ws/install/moveit_task_constructor_msgs/include/moveit_task_constructor_msgs/moveit_task_constructor_msgs/srv
-- Up-to-date: /home/mario/master_ws/install/moveit_task_constructor_msgs/include/moveit_task_constructor_msgs/moveit_task_constructor_msgs/srv/detail
-- Installing: /home/mario/master_ws/install/moveit_task_constructor_msgs/include/moveit_task_constructor_msgs/moveit_task_constructor_msgs/srv/detail/get_solution__functions.c
-- Installing: /home/mario/master_ws/install/moveit_task_constructor_msgs/include/moveit_task_constructor_msgs/moveit_task_constructor_msgs/srv/detail/get_solution__type_support.c
-- Installing: /home/mario/master_ws/install/moveit_task_constructor_msgs/include/moveit_task_constructor_msgs/moveit_task_constructor_msgs/srv/detail/get_solution__type_support.h
-- Installing: /home/mario/master_ws/install/moveit_task_constructor_msgs/include/moveit_task_constructor_msgs/moveit_task_constructor_msgs/srv/detail/get_solution__functions.h
-- Installing: /home/mario/master_ws/install/moveit_task_constructor_msgs/include/moveit_task_constructor_msgs/moveit_task_constructor_msgs/srv/detail/get_solution__description.c
-- Installing: /home/mario/master_ws/install/moveit_task_constructor_msgs/include/moveit_task_constructor_msgs/moveit_task_constructor_msgs/srv/detail/get_solution__struct.h
-- Installing: /home/mario/master_ws/install/moveit_task_constructor_msgs/include/moveit_task_constructor_msgs/moveit_task_constructor_msgs/srv/get_solution.h
-- Up-to-date: /home/mario/master_ws/install/moveit_task_constructor_msgs/include/moveit_task_constructor_msgs/moveit_task_constructor_msgs/msg
-- Installing: /home/mario/master_ws/install/moveit_task_constructor_msgs/include/moveit_task_constructor_msgs/moveit_task_constructor_msgs/msg/rosidl_generator_c__visibility_control.h
-- Installing: /home/mario/master_ws/install/moveit_task_constructor_msgs/include/moveit_task_constructor_msgs/moveit_task_constructor_msgs/msg/solution.h
-- Installing: /home/mario/master_ws/install/moveit_task_constructor_msgs/include/moveit_task_constructor_msgs/moveit_task_constructor_msgs/msg/sub_solution.h
-- Installing: /home/mario/master_ws/install/moveit_task_constructor_msgs/include/moveit_task_constructor_msgs/moveit_task_constructor_msgs/msg/trajectory_execution_info.h
-- Installing: /home/mario/master_ws/install/moveit_task_constructor_msgs/include/moveit_task_constructor_msgs/moveit_task_constructor_msgs/msg/stage_statistics.h
-- Installing: /home/mario/master_ws/install/moveit_task_constructor_msgs/include/moveit_task_constructor_msgs/moveit_task_constructor_msgs/msg/sub_trajectory.h
-- Installing: /home/mario/master_ws/install/moveit_task_constructor_msgs/include/moveit_task_constructor_msgs/moveit_task_constructor_msgs/msg/task_description.h
-- Installing: /home/mario/master_ws/install/moveit_task_constructor_msgs/include/moveit_task_constructor_msgs/moveit_task_constructor_msgs/msg/property.h
-- Up-to-date: /home/mario/master_ws/install/moveit_task_constructor_msgs/include/moveit_task_constructor_msgs/moveit_task_constructor_msgs/msg/detail
-- Installing: /home/mario/master_ws/install/moveit_task_constructor_msgs/include/moveit_task_constructor_msgs/moveit_task_constructor_msgs/msg/detail/task_statistics__functions.h
-- Installing: /home/mario/master_ws/install/moveit_task_constructor_msgs/include/moveit_task_constructor_msgs/moveit_task_constructor_msgs/msg/detail/stage_description__struct.h
-- Installing: /home/mario/master_ws/install/moveit_task_constructor_msgs/include/moveit_task_constructor_msgs/moveit_task_constructor_msgs/msg/detail/task_description__functions.h
-- Installing: /home/mario/master_ws/install/moveit_task_constructor_msgs/include/moveit_task_constructor_msgs/moveit_task_constructor_msgs/msg/detail/stage_statistics__type_support.c
-- Installing: /home/mario/master_ws/install/moveit_task_constructor_msgs/include/moveit_task_constructor_msgs/moveit_task_constructor_msgs/msg/detail/property__type_support.h
-- Installing: /home/mario/master_ws/install/moveit_task_constructor_msgs/include/moveit_task_constructor_msgs/moveit_task_constructor_msgs/msg/detail/property__struct.h
-- Installing: /home/mario/master_ws/install/moveit_task_constructor_msgs/include/moveit_task_constructor_msgs/moveit_task_constructor_msgs/msg/detail/sub_trajectory__type_support.c
-- Installing: /home/mario/master_ws/install/moveit_task_constructor_msgs/include/moveit_task_constructor_msgs/moveit_task_constructor_msgs/msg/detail/task_description__description.c
-- Installing: /home/mario/master_ws/install/moveit_task_constructor_msgs/include/moveit_task_constructor_msgs/moveit_task_constructor_msgs/msg/detail/property__functions.h
-- Installing: /home/mario/master_ws/install/moveit_task_constructor_msgs/include/moveit_task_constructor_msgs/moveit_task_constructor_msgs/msg/detail/solution_info__functions.h
-- Installing: /home/mario/master_ws/install/moveit_task_constructor_msgs/include/moveit_task_constructor_msgs/moveit_task_constructor_msgs/msg/detail/solution_info__type_support.c
-- Installing: /home/mario/master_ws/install/moveit_task_constructor_msgs/include/moveit_task_constructor_msgs/moveit_task_constructor_msgs/msg/detail/sub_trajectory__functions.h
-- Installing: /home/mario/master_ws/install/moveit_task_constructor_msgs/include/moveit_task_constructor_msgs/moveit_task_constructor_msgs/msg/detail/stage_statistics__type_support.h
-- Installing: /home/mario/master_ws/install/moveit_task_constructor_msgs/include/moveit_task_constructor_msgs/moveit_task_constructor_msgs/msg/detail/task_statistics__description.c
-- Installing: /home/mario/master_ws/install/moveit_task_constructor_msgs/include/moveit_task_constructor_msgs/moveit_task_constructor_msgs/msg/detail/solution_info__description.c
-- Installing: /home/mario/master_ws/install/moveit_task_constructor_msgs/include/moveit_task_constructor_msgs/moveit_task_constructor_msgs/msg/detail/task_description__functions.c
-- Installing: /home/mario/master_ws/install/moveit_task_constructor_msgs/include/moveit_task_constructor_msgs/moveit_task_constructor_msgs/msg/detail/trajectory_execution_info__type_support.h
-- Installing: /home/mario/master_ws/install/moveit_task_constructor_msgs/include/moveit_task_constructor_msgs/moveit_task_constructor_msgs/msg/detail/stage_description__type_support.h
-- Installing: /home/mario/master_ws/install/moveit_task_constructor_msgs/include/moveit_task_constructor_msgs/moveit_task_constructor_msgs/msg/detail/task_statistics__type_support.h
-- Installing: /home/mario/master_ws/install/moveit_task_constructor_msgs/include/moveit_task_constructor_msgs/moveit_task_constructor_msgs/msg/detail/solution__functions.h
-- Installing: /home/mario/master_ws/install/moveit_task_constructor_msgs/include/moveit_task_constructor_msgs/moveit_task_constructor_msgs/msg/detail/solution_info__struct.h
-- Installing: /home/mario/master_ws/install/moveit_task_constructor_msgs/include/moveit_task_constructor_msgs/moveit_task_constructor_msgs/msg/detail/stage_statistics__functions.h
-- Installing: /home/mario/master_ws/install/moveit_task_constructor_msgs/include/moveit_task_constructor_msgs/moveit_task_constructor_msgs/msg/detail/trajectory_execution_info__type_support.c
-- Installing: /home/mario/master_ws/install/moveit_task_constructor_msgs/include/moveit_task_constructor_msgs/moveit_task_constructor_msgs/msg/detail/solution__type_support.c
-- Installing: /home/mario/master_ws/install/moveit_task_constructor_msgs/include/moveit_task_constructor_msgs/moveit_task_constructor_msgs/msg/detail/sub_trajectory__struct.h
-- Installing: /home/mario/master_ws/install/moveit_task_constructor_msgs/include/moveit_task_constructor_msgs/moveit_task_constructor_msgs/msg/detail/task_description__type_support.c
-- Installing: /home/mario/master_ws/install/moveit_task_constructor_msgs/include/moveit_task_constructor_msgs/moveit_task_constructor_msgs/msg/detail/solution__functions.c
-- Installing: /home/mario/master_ws/install/moveit_task_constructor_msgs/include/moveit_task_constructor_msgs/moveit_task_constructor_msgs/msg/detail/stage_description__functions.c
-- Installing: /home/mario/master_ws/install/moveit_task_constructor_msgs/include/moveit_task_constructor_msgs/moveit_task_constructor_msgs/msg/detail/stage_description__description.c
-- Installing: /home/mario/master_ws/install/moveit_task_constructor_msgs/include/moveit_task_constructor_msgs/moveit_task_constructor_msgs/msg/detail/solution_info__functions.c
-- Installing: /home/mario/master_ws/install/moveit_task_constructor_msgs/include/moveit_task_constructor_msgs/moveit_task_constructor_msgs/msg/detail/stage_statistics__description.c
-- Installing: /home/mario/master_ws/install/moveit_task_constructor_msgs/include/moveit_task_constructor_msgs/moveit_task_constructor_msgs/msg/detail/trajectory_execution_info__functions.h
-- Installing: /home/mario/master_ws/install/moveit_task_constructor_msgs/include/moveit_task_constructor_msgs/moveit_task_constructor_msgs/msg/detail/task_statistics__struct.h
-- Installing: /home/mario/master_ws/install/moveit_task_constructor_msgs/include/moveit_task_constructor_msgs/moveit_task_constructor_msgs/msg/detail/sub_trajectory__description.c
-- Installing: /home/mario/master_ws/install/moveit_task_constructor_msgs/include/moveit_task_constructor_msgs/moveit_task_constructor_msgs/msg/detail/stage_description__functions.h
-- Installing: /home/mario/master_ws/install/moveit_task_constructor_msgs/include/moveit_task_constructor_msgs/moveit_task_constructor_msgs/msg/detail/task_statistics__type_support.c
-- Installing: /home/mario/master_ws/install/moveit_task_constructor_msgs/include/moveit_task_constructor_msgs/moveit_task_constructor_msgs/msg/detail/stage_description__type_support.c
-- Installing: /home/mario/master_ws/install/moveit_task_constructor_msgs/include/moveit_task_constructor_msgs/moveit_task_constructor_msgs/msg/detail/solution__description.c
-- Installing: /home/mario/master_ws/install/moveit_task_constructor_msgs/include/moveit_task_constructor_msgs/moveit_task_constructor_msgs/msg/detail/trajectory_execution_info__description.c
-- Installing: /home/mario/master_ws/install/moveit_task_constructor_msgs/include/moveit_task_constructor_msgs/moveit_task_constructor_msgs/msg/detail/sub_trajectory__type_support.h
-- Installing: /home/mario/master_ws/install/moveit_task_constructor_msgs/include/moveit_task_constructor_msgs/moveit_task_constructor_msgs/msg/detail/task_description__type_support.h
-- Installing: /home/mario/master_ws/install/moveit_task_constructor_msgs/include/moveit_task_constructor_msgs/moveit_task_constructor_msgs/msg/detail/sub_solution__type_support.c
-- Installing: /home/mario/master_ws/install/moveit_task_constructor_msgs/include/moveit_task_constructor_msgs/moveit_task_constructor_msgs/msg/detail/property__type_support.c
-- Installing: /home/mario/master_ws/install/moveit_task_constructor_msgs/include/moveit_task_constructor_msgs/moveit_task_constructor_msgs/msg/detail/trajectory_execution_info__struct.h
-- Installing: /home/mario/master_ws/install/moveit_task_constructor_msgs/include/moveit_task_constructor_msgs/moveit_task_constructor_msgs/msg/detail/stage_statistics__functions.c
-- Installing: /home/mario/master_ws/install/moveit_task_constructor_msgs/include/moveit_task_constructor_msgs/moveit_task_constructor_msgs/msg/detail/sub_solution__functions.c
-- Installing: /home/mario/master_ws/install/moveit_task_constructor_msgs/include/moveit_task_constructor_msgs/moveit_task_constructor_msgs/msg/detail/sub_solution__type_support.h
-- Installing: /home/mario/master_ws/install/moveit_task_constructor_msgs/include/moveit_task_constructor_msgs/moveit_task_constructor_msgs/msg/detail/property__description.c
-- Installing: /home/mario/master_ws/install/moveit_task_constructor_msgs/include/moveit_task_constructor_msgs/moveit_task_constructor_msgs/msg/detail/task_description__struct.h
-- Installing: /home/mario/master_ws/install/moveit_task_constructor_msgs/include/moveit_task_constructor_msgs/moveit_task_constructor_msgs/msg/detail/sub_solution__description.c
-- Installing: /home/mario/master_ws/install/moveit_task_constructor_msgs/include/moveit_task_constructor_msgs/moveit_task_constructor_msgs/msg/detail/sub_solution__struct.h
-- Installing: /home/mario/master_ws/install/moveit_task_constructor_msgs/include/moveit_task_constructor_msgs/moveit_task_constructor_msgs/msg/detail/task_statistics__functions.c
-- Installing: /home/mario/master_ws/install/moveit_task_constructor_msgs/include/moveit_task_constructor_msgs/moveit_task_constructor_msgs/msg/detail/stage_statistics__struct.h
-- Installing: /home/mario/master_ws/install/moveit_task_constructor_msgs/include/moveit_task_constructor_msgs/moveit_task_constructor_msgs/msg/detail/property__functions.c
-- Installing: /home/mario/master_ws/install/moveit_task_constructor_msgs/include/moveit_task_constructor_msgs/moveit_task_constructor_msgs/msg/detail/solution_info__type_support.h
-- Installing: /home/mario/master_ws/install/moveit_task_constructor_msgs/include/moveit_task_constructor_msgs/moveit_task_constructor_msgs/msg/detail/solution__type_support.h
-- Installing: /home/mario/master_ws/install/moveit_task_constructor_msgs/include/moveit_task_constructor_msgs/moveit_task_constructor_msgs/msg/detail/sub_trajectory__functions.c
-- Installing: /home/mario/master_ws/install/moveit_task_constructor_msgs/include/moveit_task_constructor_msgs/moveit_task_constructor_msgs/msg/detail/sub_solution__functions.h
-- Installing: /home/mario/master_ws/install/moveit_task_constructor_msgs/include/moveit_task_constructor_msgs/moveit_task_constructor_msgs/msg/detail/solution__struct.h
-- Installing: /home/mario/master_ws/install/moveit_task_constructor_msgs/include/moveit_task_constructor_msgs/moveit_task_constructor_msgs/msg/detail/trajectory_execution_info__functions.c
-- Installing: /home/mario/master_ws/install/moveit_task_constructor_msgs/include/moveit_task_constructor_msgs/moveit_task_constructor_msgs/msg/task_statistics.h
-- Installing: /home/mario/master_ws/install/moveit_task_constructor_msgs/include/moveit_task_constructor_msgs/moveit_task_constructor_msgs/msg/stage_description.h
-- Installing: /home/mario/master_ws/install/moveit_task_constructor_msgs/include/moveit_task_constructor_msgs/moveit_task_constructor_msgs/msg/solution_info.h
-- Up-to-date: /home/mario/master_ws/install/moveit_task_constructor_msgs/share/moveit_task_constructor_msgs/environment/library_path.sh
-- Installing: /home/mario/master_ws/install/moveit_task_constructor_msgs/share/moveit_task_constructor_msgs/environment/library_path.dsv
-- Installing: /home/mario/master_ws/install/moveit_task_constructor_msgs/lib/libmoveit_task_constructor_msgs__rosidl_generator_c.so
-- Set non-toolchain portion of runtime path of "/home/mario/master_ws/install/moveit_task_constructor_msgs/lib/libmoveit_task_constructor_msgs__rosidl_generator_c.so" to ""
-- Up-to-date: /home/mario/master_ws/install/moveit_task_constructor_msgs/include/moveit_task_constructor_msgs/moveit_task_constructor_msgs
-- Up-to-date: /home/mario/master_ws/install/moveit_task_constructor_msgs/include/moveit_task_constructor_msgs/moveit_task_constructor_msgs/action
-- Up-to-date: /home/mario/master_ws/install/moveit_task_constructor_msgs/include/moveit_task_constructor_msgs/moveit_task_constructor_msgs/action/detail
-- Installing: /home/mario/master_ws/install/moveit_task_constructor_msgs/include/moveit_task_constructor_msgs/moveit_task_constructor_msgs/action/detail/execute_task_solution__rosidl_typesupport_fastrtps_c.h
-- Up-to-date: /home/mario/master_ws/install/moveit_task_constructor_msgs/include/moveit_task_constructor_msgs/moveit_task_constructor_msgs/srv
-- Up-to-date: /home/mario/master_ws/install/moveit_task_constructor_msgs/include/moveit_task_constructor_msgs/moveit_task_constructor_msgs/srv/detail
-- Installing: /home/mario/master_ws/install/moveit_task_constructor_msgs/include/moveit_task_constructor_msgs/moveit_task_constructor_msgs/srv/detail/get_solution__rosidl_typesupport_fastrtps_c.h
-- Up-to-date: /home/mario/master_ws/install/moveit_task_constructor_msgs/include/moveit_task_constructor_msgs/moveit_task_constructor_msgs/msg
-- Up-to-date: /home/mario/master_ws/install/moveit_task_constructor_msgs/include/moveit_task_constructor_msgs/moveit_task_constructor_msgs/msg/detail
-- Installing: /home/mario/master_ws/install/moveit_task_constructor_msgs/include/moveit_task_constructor_msgs/moveit_task_constructor_msgs/msg/detail/solution_info__rosidl_typesupport_fastrtps_c.h
-- Installing: /home/mario/master_ws/install/moveit_task_constructor_msgs/include/moveit_task_constructor_msgs/moveit_task_constructor_msgs/msg/detail/trajectory_execution_info__rosidl_typesupport_fastrtps_c.h
-- Installing: /home/mario/master_ws/install/moveit_task_constructor_msgs/include/moveit_task_constructor_msgs/moveit_task_constructor_msgs/msg/detail/stage_statistics__rosidl_typesupport_fastrtps_c.h
-- Installing: /home/mario/master_ws/install/moveit_task_constructor_msgs/include/moveit_task_constructor_msgs/moveit_task_constructor_msgs/msg/detail/task_description__rosidl_typesupport_fastrtps_c.h
-- Installing: /home/mario/master_ws/install/moveit_task_constructor_msgs/include/moveit_task_constructor_msgs/moveit_task_constructor_msgs/msg/detail/solution__rosidl_typesupport_fastrtps_c.h
-- Installing: /home/mario/master_ws/install/moveit_task_constructor_msgs/include/moveit_task_constructor_msgs/moveit_task_constructor_msgs/msg/detail/task_statistics__rosidl_typesupport_fastrtps_c.h
-- Installing: /home/mario/master_ws/install/moveit_task_constructor_msgs/include/moveit_task_constructor_msgs/moveit_task_constructor_msgs/msg/detail/stage_description__rosidl_typesupport_fastrtps_c.h
-- Installing: /home/mario/master_ws/install/moveit_task_constructor_msgs/include/moveit_task_constructor_msgs/moveit_task_constructor_msgs/msg/detail/sub_trajectory__rosidl_typesupport_fastrtps_c.h
-- Installing: /home/mario/master_ws/install/moveit_task_constructor_msgs/include/moveit_task_constructor_msgs/moveit_task_constructor_msgs/msg/detail/property__rosidl_typesupport_fastrtps_c.h
-- Installing: /home/mario/master_ws/install/moveit_task_constructor_msgs/include/moveit_task_constructor_msgs/moveit_task_constructor_msgs/msg/detail/sub_solution__rosidl_typesupport_fastrtps_c.h
-- Installing: /home/mario/master_ws/install/moveit_task_constructor_msgs/include/moveit_task_constructor_msgs/moveit_task_constructor_msgs/msg/rosidl_typesupport_fastrtps_c__visibility_control.h
-- Installing: /home/mario/master_ws/install/moveit_task_constructor_msgs/lib/libmoveit_task_constructor_msgs__rosidl_typesupport_fastrtps_c.so
-- Set non-toolchain portion of runtime path of "/home/mario/master_ws/install/moveit_task_constructor_msgs/lib/libmoveit_task_constructor_msgs__rosidl_typesupport_fastrtps_c.so" to ""
-- Up-to-date: /home/mario/master_ws/install/moveit_task_constructor_msgs/include/moveit_task_constructor_msgs/moveit_task_constructor_msgs
-- Up-to-date: /home/mario/master_ws/install/moveit_task_constructor_msgs/include/moveit_task_constructor_msgs/moveit_task_constructor_msgs/action
-- Installing: /home/mario/master_ws/install/moveit_task_constructor_msgs/include/moveit_task_constructor_msgs/moveit_task_constructor_msgs/action/execute_task_solution.hpp
-- Up-to-date: /home/mario/master_ws/install/moveit_task_constructor_msgs/include/moveit_task_constructor_msgs/moveit_task_constructor_msgs/action/detail
-- Installing: /home/mario/master_ws/install/moveit_task_constructor_msgs/include/moveit_task_constructor_msgs/moveit_task_constructor_msgs/action/detail/execute_task_solution__struct.hpp
-- Installing: /home/mario/master_ws/install/moveit_task_constructor_msgs/include/moveit_task_constructor_msgs/moveit_task_constructor_msgs/action/detail/execute_task_solution__builder.hpp
-- Installing: /home/mario/master_ws/install/moveit_task_constructor_msgs/include/moveit_task_constructor_msgs/moveit_task_constructor_msgs/action/detail/execute_task_solution__type_support.hpp
-- Installing: /home/mario/master_ws/install/moveit_task_constructor_msgs/include/moveit_task_constructor_msgs/moveit_task_constructor_msgs/action/detail/execute_task_solution__traits.hpp
-- Up-to-date: /home/mario/master_ws/install/moveit_task_constructor_msgs/include/moveit_task_constructor_msgs/moveit_task_constructor_msgs/srv
-- Installing: /home/mario/master_ws/install/moveit_task_constructor_msgs/include/moveit_task_constructor_msgs/moveit_task_constructor_msgs/srv/get_solution.hpp
-- Up-to-date: /home/mario/master_ws/install/moveit_task_constructor_msgs/include/moveit_task_constructor_msgs/moveit_task_constructor_msgs/srv/detail
-- Installing: /home/mario/master_ws/install/moveit_task_constructor_msgs/include/moveit_task_constructor_msgs/moveit_task_constructor_msgs/srv/detail/get_solution__struct.hpp
-- Installing: /home/mario/master_ws/install/moveit_task_constructor_msgs/include/moveit_task_constructor_msgs/moveit_task_constructor_msgs/srv/detail/get_solution__type_support.hpp
-- Installing: /home/mario/master_ws/install/moveit_task_constructor_msgs/include/moveit_task_constructor_msgs/moveit_task_constructor_msgs/srv/detail/get_solution__traits.hpp
-- Installing: /home/mario/master_ws/install/moveit_task_constructor_msgs/include/moveit_task_constructor_msgs/moveit_task_constructor_msgs/srv/detail/get_solution__builder.hpp
-- Up-to-date: /home/mario/master_ws/install/moveit_task_constructor_msgs/include/moveit_task_constructor_msgs/moveit_task_constructor_msgs/msg
-- Installing: /home/mario/master_ws/install/moveit_task_constructor_msgs/include/moveit_task_constructor_msgs/moveit_task_constructor_msgs/msg/sub_trajectory.hpp
-- Installing: /home/mario/master_ws/install/moveit_task_constructor_msgs/include/moveit_task_constructor_msgs/moveit_task_constructor_msgs/msg/task_statistics.hpp
-- Installing: /home/mario/master_ws/install/moveit_task_constructor_msgs/include/moveit_task_constructor_msgs/moveit_task_constructor_msgs/msg/stage_statistics.hpp
-- Installing: /home/mario/master_ws/install/moveit_task_constructor_msgs/include/moveit_task_constructor_msgs/moveit_task_constructor_msgs/msg/task_description.hpp
-- Installing: /home/mario/master_ws/install/moveit_task_constructor_msgs/include/moveit_task_constructor_msgs/moveit_task_constructor_msgs/msg/rosidl_generator_cpp__visibility_control.hpp
-- Installing: /home/mario/master_ws/install/moveit_task_constructor_msgs/include/moveit_task_constructor_msgs/moveit_task_constructor_msgs/msg/solution.hpp
-- Installing: /home/mario/master_ws/install/moveit_task_constructor_msgs/include/moveit_task_constructor_msgs/moveit_task_constructor_msgs/msg/property.hpp
-- Installing: /home/mario/master_ws/install/moveit_task_constructor_msgs/include/moveit_task_constructor_msgs/moveit_task_constructor_msgs/msg/stage_description.hpp
-- Installing: /home/mario/master_ws/install/moveit_task_constructor_msgs/include/moveit_task_constructor_msgs/moveit_task_constructor_msgs/msg/solution_info.hpp
-- Installing: /home/mario/master_ws/install/moveit_task_constructor_msgs/include/moveit_task_constructor_msgs/moveit_task_constructor_msgs/msg/sub_solution.hpp
-- Up-to-date: /home/mario/master_ws/install/moveit_task_constructor_msgs/include/moveit_task_constructor_msgs/moveit_task_constructor_msgs/msg/detail
-- Installing: /home/mario/master_ws/install/moveit_task_constructor_msgs/include/moveit_task_constructor_msgs/moveit_task_constructor_msgs/msg/detail/solution_info__type_support.hpp
-- Installing: /home/mario/master_ws/install/moveit_task_constructor_msgs/include/moveit_task_constructor_msgs/moveit_task_constructor_msgs/msg/detail/solution_info__builder.hpp
-- Installing: /home/mario/master_ws/install/moveit_task_constructor_msgs/include/moveit_task_constructor_msgs/moveit_task_constructor_msgs/msg/detail/sub_solution__type_support.hpp
-- Installing: /home/mario/master_ws/install/moveit_task_constructor_msgs/include/moveit_task_constructor_msgs/moveit_task_constructor_msgs/msg/detail/solution__struct.hpp
-- Installing: /home/mario/master_ws/install/moveit_task_constructor_msgs/include/moveit_task_constructor_msgs/moveit_task_constructor_msgs/msg/detail/sub_trajectory__builder.hpp
-- Installing: /home/mario/master_ws/install/moveit_task_constructor_msgs/include/moveit_task_constructor_msgs/moveit_task_constructor_msgs/msg/detail/stage_description__type_support.hpp
-- Installing: /home/mario/master_ws/install/moveit_task_constructor_msgs/include/moveit_task_constructor_msgs/moveit_task_constructor_msgs/msg/detail/stage_statistics__struct.hpp
-- Installing: /home/mario/master_ws/install/moveit_task_constructor_msgs/include/moveit_task_constructor_msgs/moveit_task_constructor_msgs/msg/detail/task_statistics__builder.hpp
-- Installing: /home/mario/master_ws/install/moveit_task_constructor_msgs/include/moveit_task_constructor_msgs/moveit_task_constructor_msgs/msg/detail/trajectory_execution_info__struct.hpp
-- Installing: /home/mario/master_ws/install/moveit_task_constructor_msgs/include/moveit_task_constructor_msgs/moveit_task_constructor_msgs/msg/detail/task_statistics__struct.hpp
-- Installing: /home/mario/master_ws/install/moveit_task_constructor_msgs/include/moveit_task_constructor_msgs/moveit_task_constructor_msgs/msg/detail/task_statistics__traits.hpp
-- Installing: /home/mario/master_ws/install/moveit_task_constructor_msgs/include/moveit_task_constructor_msgs/moveit_task_constructor_msgs/msg/detail/task_description__type_support.hpp
-- Installing: /home/mario/master_ws/install/moveit_task_constructor_msgs/include/moveit_task_constructor_msgs/moveit_task_constructor_msgs/msg/detail/property__type_support.hpp
-- Installing: /home/mario/master_ws/install/moveit_task_constructor_msgs/include/moveit_task_constructor_msgs/moveit_task_constructor_msgs/msg/detail/stage_statistics__builder.hpp
-- Installing: /home/mario/master_ws/install/moveit_task_constructor_msgs/include/moveit_task_constructor_msgs/moveit_task_constructor_msgs/msg/detail/solution__builder.hpp
-- Installing: /home/mario/master_ws/install/moveit_task_constructor_msgs/include/moveit_task_constructor_msgs/moveit_task_constructor_msgs/msg/detail/task_description__builder.hpp
-- Installing: /home/mario/master_ws/install/moveit_task_constructor_msgs/include/moveit_task_constructor_msgs/moveit_task_constructor_msgs/msg/detail/trajectory_execution_info__traits.hpp
-- Installing: /home/mario/master_ws/install/moveit_task_constructor_msgs/include/moveit_task_constructor_msgs/moveit_task_constructor_msgs/msg/detail/task_statistics__type_support.hpp
-- Installing: /home/mario/master_ws/install/moveit_task_constructor_msgs/include/moveit_task_constructor_msgs/moveit_task_constructor_msgs/msg/detail/task_description__traits.hpp
-- Installing: /home/mario/master_ws/install/moveit_task_constructor_msgs/include/moveit_task_constructor_msgs/moveit_task_constructor_msgs/msg/detail/solution__traits.hpp
-- Installing: /home/mario/master_ws/install/moveit_task_constructor_msgs/include/moveit_task_constructor_msgs/moveit_task_constructor_msgs/msg/detail/sub_solution__traits.hpp
-- Installing: /home/mario/master_ws/install/moveit_task_constructor_msgs/include/moveit_task_constructor_msgs/moveit_task_constructor_msgs/msg/detail/trajectory_execution_info__type_support.hpp
-- Installing: /home/mario/master_ws/install/moveit_task_constructor_msgs/include/moveit_task_constructor_msgs/moveit_task_constructor_msgs/msg/detail/sub_trajectory__type_support.hpp
-- Installing: /home/mario/master_ws/install/moveit_task_constructor_msgs/include/moveit_task_constructor_msgs/moveit_task_constructor_msgs/msg/detail/stage_statistics__traits.hpp
-- Installing: /home/mario/master_ws/install/moveit_task_constructor_msgs/include/moveit_task_constructor_msgs/moveit_task_constructor_msgs/msg/detail/stage_statistics__type_support.hpp
-- Installing: /home/mario/master_ws/install/moveit_task_constructor_msgs/include/moveit_task_constructor_msgs/moveit_task_constructor_msgs/msg/detail/sub_trajectory__traits.hpp
-- Installing: /home/mario/master_ws/install/moveit_task_constructor_msgs/include/moveit_task_constructor_msgs/moveit_task_constructor_msgs/msg/detail/stage_description__struct.hpp
-- Installing: /home/mario/master_ws/install/moveit_task_constructor_msgs/include/moveit_task_constructor_msgs/moveit_task_constructor_msgs/msg/detail/solution_info__traits.hpp
-- Installing: /home/mario/master_ws/install/moveit_task_constructor_msgs/include/moveit_task_constructor_msgs/moveit_task_constructor_msgs/msg/detail/property__traits.hpp
-- Installing: /home/mario/master_ws/install/moveit_task_constructor_msgs/include/moveit_task_constructor_msgs/moveit_task_constructor_msgs/msg/detail/sub_solution__builder.hpp
-- Installing: /home/mario/master_ws/install/moveit_task_constructor_msgs/include/moveit_task_constructor_msgs/moveit_task_constructor_msgs/msg/detail/trajectory_execution_info__builder.hpp
-- Installing: /home/mario/master_ws/install/moveit_task_constructor_msgs/include/moveit_task_constructor_msgs/moveit_task_constructor_msgs/msg/detail/task_description__struct.hpp
-- Installing: /home/mario/master_ws/install/moveit_task_constructor_msgs/include/moveit_task_constructor_msgs/moveit_task_constructor_msgs/msg/detail/solution_info__struct.hpp
-- Installing: /home/mario/master_ws/install/moveit_task_constructor_msgs/include/moveit_task_constructor_msgs/moveit_task_constructor_msgs/msg/detail/sub_trajectory__struct.hpp
-- Installing: /home/mario/master_ws/install/moveit_task_constructor_msgs/include/moveit_task_constructor_msgs/moveit_task_constructor_msgs/msg/detail/property__struct.hpp
-- Installing: /home/mario/master_ws/install/moveit_task_constructor_msgs/include/moveit_task_constructor_msgs/moveit_task_constructor_msgs/msg/detail/sub_solution__struct.hpp
-- Installing: /home/mario/master_ws/install/moveit_task_constructor_msgs/include/moveit_task_constructor_msgs/moveit_task_constructor_msgs/msg/detail/solution__type_support.hpp
-- Installing: /home/mario/master_ws/install/moveit_task_constructor_msgs/include/moveit_task_constructor_msgs/moveit_task_constructor_msgs/msg/detail/stage_description__builder.hpp
-- Installing: /home/mario/master_ws/install/moveit_task_constructor_msgs/include/moveit_task_constructor_msgs/moveit_task_constructor_msgs/msg/detail/stage_description__traits.hpp
-- Installing: /home/mario/master_ws/install/moveit_task_constructor_msgs/include/moveit_task_constructor_msgs/moveit_task_constructor_msgs/msg/detail/property__builder.hpp
-- Installing: /home/mario/master_ws/install/moveit_task_constructor_msgs/include/moveit_task_constructor_msgs/moveit_task_constructor_msgs/msg/trajectory_execution_info.hpp
-- Up-to-date: /home/mario/master_ws/install/moveit_task_constructor_msgs/include/moveit_task_constructor_msgs/moveit_task_constructor_msgs
-- Up-to-date: /home/mario/master_ws/install/moveit_task_constructor_msgs/include/moveit_task_constructor_msgs/moveit_task_constructor_msgs/action
-- Up-to-date: /home/mario/master_ws/install/moveit_task_constructor_msgs/include/moveit_task_constructor_msgs/moveit_task_constructor_msgs/action/detail
-- Up-to-date: /home/mario/master_ws/install/moveit_task_constructor_msgs/include/moveit_task_constructor_msgs/moveit_task_constructor_msgs/action/detail/dds_fastrtps
-- Installing: /home/mario/master_ws/install/moveit_task_constructor_msgs/include/moveit_task_constructor_msgs/moveit_task_constructor_msgs/action/detail/execute_task_solution__rosidl_typesupport_fastrtps_cpp.hpp
-- Up-to-date: /home/mario/master_ws/install/moveit_task_constructor_msgs/include/moveit_task_constructor_msgs/moveit_task_constructor_msgs/srv
-- Up-to-date: /home/mario/master_ws/install/moveit_task_constructor_msgs/include/moveit_task_constructor_msgs/moveit_task_constructor_msgs/srv/detail
-- Up-to-date: /home/mario/master_ws/install/moveit_task_constructor_msgs/include/moveit_task_constructor_msgs/moveit_task_constructor_msgs/srv/detail/dds_fastrtps
-- Installing: /home/mario/master_ws/install/moveit_task_constructor_msgs/include/moveit_task_constructor_msgs/moveit_task_constructor_msgs/srv/detail/get_solution__rosidl_typesupport_fastrtps_cpp.hpp
-- Up-to-date: /home/mario/master_ws/install/moveit_task_constructor_msgs/include/moveit_task_constructor_msgs/moveit_task_constructor_msgs/msg
-- Installing: /home/mario/master_ws/install/moveit_task_constructor_msgs/include/moveit_task_constructor_msgs/moveit_task_constructor_msgs/msg/rosidl_typesupport_fastrtps_cpp__visibility_control.h
-- Up-to-date: /home/mario/master_ws/install/moveit_task_constructor_msgs/include/moveit_task_constructor_msgs/moveit_task_constructor_msgs/msg/detail
-- Installing: /home/mario/master_ws/install/moveit_task_constructor_msgs/include/moveit_task_constructor_msgs/moveit_task_constructor_msgs/msg/detail/trajectory_execution_info__rosidl_typesupport_fastrtps_cpp.hpp
-- Installing: /home/mario/master_ws/install/moveit_task_constructor_msgs/include/moveit_task_constructor_msgs/moveit_task_constructor_msgs/msg/detail/solution_info__rosidl_typesupport_fastrtps_cpp.hpp
-- Installing: /home/mario/master_ws/install/moveit_task_constructor_msgs/include/moveit_task_constructor_msgs/moveit_task_constructor_msgs/msg/detail/task_description__rosidl_typesupport_fastrtps_cpp.hpp
-- Installing: /home/mario/master_ws/install/moveit_task_constructor_msgs/include/moveit_task_constructor_msgs/moveit_task_constructor_msgs/msg/detail/stage_statistics__rosidl_typesupport_fastrtps_cpp.hpp
-- Up-to-date: /home/mario/master_ws/install/moveit_task_constructor_msgs/include/moveit_task_constructor_msgs/moveit_task_constructor_msgs/msg/detail/dds_fastrtps
-- Installing: /home/mario/master_ws/install/moveit_task_constructor_msgs/include/moveit_task_constructor_msgs/moveit_task_constructor_msgs/msg/detail/sub_solution__rosidl_typesupport_fastrtps_cpp.hpp
-- Installing: /home/mario/master_ws/install/moveit_task_constructor_msgs/include/moveit_task_constructor_msgs/moveit_task_constructor_msgs/msg/detail/solution__rosidl_typesupport_fastrtps_cpp.hpp
-- Installing: /home/mario/master_ws/install/moveit_task_constructor_msgs/include/moveit_task_constructor_msgs/moveit_task_constructor_msgs/msg/detail/property__rosidl_typesupport_fastrtps_cpp.hpp
-- Installing: /home/mario/master_ws/install/moveit_task_constructor_msgs/include/moveit_task_constructor_msgs/moveit_task_constructor_msgs/msg/detail/sub_trajectory__rosidl_typesupport_fastrtps_cpp.hpp
-- Installing: /home/mario/master_ws/install/moveit_task_constructor_msgs/include/moveit_task_constructor_msgs/moveit_task_constructor_msgs/msg/detail/task_statistics__rosidl_typesupport_fastrtps_cpp.hpp
-- Installing: /home/mario/master_ws/install/moveit_task_constructor_msgs/include/moveit_task_constructor_msgs/moveit_task_constructor_msgs/msg/detail/stage_description__rosidl_typesupport_fastrtps_cpp.hpp
-- Installing: /home/mario/master_ws/install/moveit_task_constructor_msgs/lib/libmoveit_task_constructor_msgs__rosidl_typesupport_fastrtps_cpp.so
-- Set non-toolchain portion of runtime path of "/home/mario/master_ws/install/moveit_task_constructor_msgs/lib/libmoveit_task_constructor_msgs__rosidl_typesupport_fastrtps_cpp.so" to ""
-- Up-to-date: /home/mario/master_ws/install/moveit_task_constructor_msgs/include/moveit_task_constructor_msgs/moveit_task_constructor_msgs
-- Up-to-date: /home/mario/master_ws/install/moveit_task_constructor_msgs/include/moveit_task_constructor_msgs/moveit_task_constructor_msgs/action
-- Up-to-date: /home/mario/master_ws/install/moveit_task_constructor_msgs/include/moveit_task_constructor_msgs/moveit_task_constructor_msgs/action/detail
-- Installing: /home/mario/master_ws/install/moveit_task_constructor_msgs/include/moveit_task_constructor_msgs/moveit_task_constructor_msgs/action/detail/execute_task_solution__type_support.c
-- Installing: /home/mario/master_ws/install/moveit_task_constructor_msgs/include/moveit_task_constructor_msgs/moveit_task_constructor_msgs/action/detail/execute_task_solution__rosidl_typesupport_introspection_c.h
-- Up-to-date: /home/mario/master_ws/install/moveit_task_constructor_msgs/include/moveit_task_constructor_msgs/moveit_task_constructor_msgs/srv
-- Up-to-date: /home/mario/master_ws/install/moveit_task_constructor_msgs/include/moveit_task_constructor_msgs/moveit_task_constructor_msgs/srv/detail
-- Installing: /home/mario/master_ws/install/moveit_task_constructor_msgs/include/moveit_task_constructor_msgs/moveit_task_constructor_msgs/srv/detail/get_solution__rosidl_typesupport_introspection_c.h
-- Installing: /home/mario/master_ws/install/moveit_task_constructor_msgs/include/moveit_task_constructor_msgs/moveit_task_constructor_msgs/srv/detail/get_solution__type_support.c
-- Up-to-date: /home/mario/master_ws/install/moveit_task_constructor_msgs/include/moveit_task_constructor_msgs/moveit_task_constructor_msgs/msg
-- Installing: /home/mario/master_ws/install/moveit_task_constructor_msgs/include/moveit_task_constructor_msgs/moveit_task_constructor_msgs/msg/rosidl_typesupport_introspection_c__visibility_control.h
-- Up-to-date: /home/mario/master_ws/install/moveit_task_constructor_msgs/include/moveit_task_constructor_msgs/moveit_task_constructor_msgs/msg/detail
-- Installing: /home/mario/master_ws/install/moveit_task_constructor_msgs/include/moveit_task_constructor_msgs/moveit_task_constructor_msgs/msg/detail/task_description__rosidl_typesupport_introspection_c.h
-- Installing: /home/mario/master_ws/install/moveit_task_constructor_msgs/include/moveit_task_constructor_msgs/moveit_task_constructor_msgs/msg/detail/stage_statistics__type_support.c
-- Installing: /home/mario/master_ws/install/moveit_task_constructor_msgs/include/moveit_task_constructor_msgs/moveit_task_constructor_msgs/msg/detail/sub_solution__rosidl_typesupport_introspection_c.h
-- Installing: /home/mario/master_ws/install/moveit_task_constructor_msgs/include/moveit_task_constructor_msgs/moveit_task_constructor_msgs/msg/detail/solution_info__rosidl_typesupport_introspection_c.h
-- Installing: /home/mario/master_ws/install/moveit_task_constructor_msgs/include/moveit_task_constructor_msgs/moveit_task_constructor_msgs/msg/detail/sub_trajectory__type_support.c
-- Installing: /home/mario/master_ws/install/moveit_task_constructor_msgs/include/moveit_task_constructor_msgs/moveit_task_constructor_msgs/msg/detail/task_statistics__rosidl_typesupport_introspection_c.h
-- Installing: /home/mario/master_ws/install/moveit_task_constructor_msgs/include/moveit_task_constructor_msgs/moveit_task_constructor_msgs/msg/detail/solution_info__type_support.c
-- Installing: /home/mario/master_ws/install/moveit_task_constructor_msgs/include/moveit_task_constructor_msgs/moveit_task_constructor_msgs/msg/detail/trajectory_execution_info__rosidl_typesupport_introspection_c.h
-- Installing: /home/mario/master_ws/install/moveit_task_constructor_msgs/include/moveit_task_constructor_msgs/moveit_task_constructor_msgs/msg/detail/property__rosidl_typesupport_introspection_c.h
-- Installing: /home/mario/master_ws/install/moveit_task_constructor_msgs/include/moveit_task_constructor_msgs/moveit_task_constructor_msgs/msg/detail/trajectory_execution_info__type_support.c
-- Installing: /home/mario/master_ws/install/moveit_task_constructor_msgs/include/moveit_task_constructor_msgs/moveit_task_constructor_msgs/msg/detail/solution__type_support.c
-- Installing: /home/mario/master_ws/install/moveit_task_constructor_msgs/include/moveit_task_constructor_msgs/moveit_task_constructor_msgs/msg/detail/task_description__type_support.c
-- Installing: /home/mario/master_ws/install/moveit_task_constructor_msgs/include/moveit_task_constructor_msgs/moveit_task_constructor_msgs/msg/detail/solution__rosidl_typesupport_introspection_c.h
-- Installing: /home/mario/master_ws/install/moveit_task_constructor_msgs/include/moveit_task_constructor_msgs/moveit_task_constructor_msgs/msg/detail/stage_statistics__rosidl_typesupport_introspection_c.h
-- Installing: /home/mario/master_ws/install/moveit_task_constructor_msgs/include/moveit_task_constructor_msgs/moveit_task_constructor_msgs/msg/detail/task_statistics__type_support.c
-- Installing: /home/mario/master_ws/install/moveit_task_constructor_msgs/include/moveit_task_constructor_msgs/moveit_task_constructor_msgs/msg/detail/stage_description__rosidl_typesupport_introspection_c.h
-- Installing: /home/mario/master_ws/install/moveit_task_constructor_msgs/include/moveit_task_constructor_msgs/moveit_task_constructor_msgs/msg/detail/stage_description__type_support.c
-- Installing: /home/mario/master_ws/install/moveit_task_constructor_msgs/include/moveit_task_constructor_msgs/moveit_task_constructor_msgs/msg/detail/sub_trajectory__rosidl_typesupport_introspection_c.h
-- Installing: /home/mario/master_ws/install/moveit_task_constructor_msgs/include/moveit_task_constructor_msgs/moveit_task_constructor_msgs/msg/detail/sub_solution__type_support.c
-- Installing: /home/mario/master_ws/install/moveit_task_constructor_msgs/include/moveit_task_constructor_msgs/moveit_task_constructor_msgs/msg/detail/property__type_support.c
-- Installing: /home/mario/master_ws/install/moveit_task_constructor_msgs/lib/libmoveit_task_constructor_msgs__rosidl_typesupport_introspection_c.so
-- Set non-toolchain portion of runtime path of "/home/mario/master_ws/install/moveit_task_constructor_msgs/lib/libmoveit_task_constructor_msgs__rosidl_typesupport_introspection_c.so" to ""
-- Installing: /home/mario/master_ws/install/moveit_task_constructor_msgs/lib/libmoveit_task_constructor_msgs__rosidl_typesupport_c.so
-- Set non-toolchain portion of runtime path of "/home/mario/master_ws/install/moveit_task_constructor_msgs/lib/libmoveit_task_constructor_msgs__rosidl_typesupport_c.so" to ""
-- Up-to-date: /home/mario/master_ws/install/moveit_task_constructor_msgs/include/moveit_task_constructor_msgs/moveit_task_constructor_msgs
-- Up-to-date: /home/mario/master_ws/install/moveit_task_constructor_msgs/include/moveit_task_constructor_msgs/moveit_task_constructor_msgs/action
-- Up-to-date: /home/mario/master_ws/install/moveit_task_constructor_msgs/include/moveit_task_constructor_msgs/moveit_task_constructor_msgs/action/detail
-- Installing: /home/mario/master_ws/install/moveit_task_constructor_msgs/include/moveit_task_constructor_msgs/moveit_task_constructor_msgs/action/detail/execute_task_solution__rosidl_typesupport_introspection_cpp.hpp
-- Installing: /home/mario/master_ws/install/moveit_task_constructor_msgs/include/moveit_task_constructor_msgs/moveit_task_constructor_msgs/action/detail/execute_task_solution__type_support.cpp
-- Up-to-date: /home/mario/master_ws/install/moveit_task_constructor_msgs/include/moveit_task_constructor_msgs/moveit_task_constructor_msgs/srv
-- Up-to-date: /home/mario/master_ws/install/moveit_task_constructor_msgs/include/moveit_task_constructor_msgs/moveit_task_constructor_msgs/srv/detail
-- Installing: /home/mario/master_ws/install/moveit_task_constructor_msgs/include/moveit_task_constructor_msgs/moveit_task_constructor_msgs/srv/detail/get_solution__rosidl_typesupport_introspection_cpp.hpp
-- Installing: /home/mario/master_ws/install/moveit_task_constructor_msgs/include/moveit_task_constructor_msgs/moveit_task_constructor_msgs/srv/detail/get_solution__type_support.cpp
-- Up-to-date: /home/mario/master_ws/install/moveit_task_constructor_msgs/include/moveit_task_constructor_msgs/moveit_task_constructor_msgs/msg
-- Up-to-date: /home/mario/master_ws/install/moveit_task_constructor_msgs/include/moveit_task_constructor_msgs/moveit_task_constructor_msgs/msg/detail
-- Installing: /home/mario/master_ws/install/moveit_task_constructor_msgs/include/moveit_task_constructor_msgs/moveit_task_constructor_msgs/msg/detail/solution_info__rosidl_typesupport_introspection_cpp.hpp
-- Installing: /home/mario/master_ws/install/moveit_task_constructor_msgs/include/moveit_task_constructor_msgs/moveit_task_constructor_msgs/msg/detail/sub_solution__rosidl_typesupport_introspection_cpp.hpp
-- Installing: /home/mario/master_ws/install/moveit_task_constructor_msgs/include/moveit_task_constructor_msgs/moveit_task_constructor_msgs/msg/detail/stage_statistics__type_support.cpp
-- Installing: /home/mario/master_ws/install/moveit_task_constructor_msgs/include/moveit_task_constructor_msgs/moveit_task_constructor_msgs/msg/detail/stage_statistics__rosidl_typesupport_introspection_cpp.hpp
-- Installing: /home/mario/master_ws/install/moveit_task_constructor_msgs/include/moveit_task_constructor_msgs/moveit_task_constructor_msgs/msg/detail/trajectory_execution_info__rosidl_typesupport_introspection_cpp.hpp
-- Installing: /home/mario/master_ws/install/moveit_task_constructor_msgs/include/moveit_task_constructor_msgs/moveit_task_constructor_msgs/msg/detail/stage_description__rosidl_typesupport_introspection_cpp.hpp
-- Installing: /home/mario/master_ws/install/moveit_task_constructor_msgs/include/moveit_task_constructor_msgs/moveit_task_constructor_msgs/msg/detail/sub_solution__type_support.cpp
-- Installing: /home/mario/master_ws/install/moveit_task_constructor_msgs/include/moveit_task_constructor_msgs/moveit_task_constructor_msgs/msg/detail/sub_trajectory__type_support.cpp
-- Installing: /home/mario/master_ws/install/moveit_task_constructor_msgs/include/moveit_task_constructor_msgs/moveit_task_constructor_msgs/msg/detail/task_statistics__type_support.cpp
-- Installing: /home/mario/master_ws/install/moveit_task_constructor_msgs/include/moveit_task_constructor_msgs/moveit_task_constructor_msgs/msg/detail/task_description__rosidl_typesupport_introspection_cpp.hpp
-- Installing: /home/mario/master_ws/install/moveit_task_constructor_msgs/include/moveit_task_constructor_msgs/moveit_task_constructor_msgs/msg/detail/property__rosidl_typesupport_introspection_cpp.hpp
-- Installing: /home/mario/master_ws/install/moveit_task_constructor_msgs/include/moveit_task_constructor_msgs/moveit_task_constructor_msgs/msg/detail/stage_description__type_support.cpp
-- Installing: /home/mario/master_ws/install/moveit_task_constructor_msgs/include/moveit_task_constructor_msgs/moveit_task_constructor_msgs/msg/detail/task_description__type_support.cpp
-- Installing: /home/mario/master_ws/install/moveit_task_constructor_msgs/include/moveit_task_constructor_msgs/moveit_task_constructor_msgs/msg/detail/sub_trajectory__rosidl_typesupport_introspection_cpp.hpp
-- Installing: /home/mario/master_ws/install/moveit_task_constructor_msgs/include/moveit_task_constructor_msgs/moveit_task_constructor_msgs/msg/detail/task_statistics__rosidl_typesupport_introspection_cpp.hpp
-- Installing: /home/mario/master_ws/install/moveit_task_constructor_msgs/include/moveit_task_constructor_msgs/moveit_task_constructor_msgs/msg/detail/solution_info__type_support.cpp
-- Installing: /home/mario/master_ws/install/moveit_task_constructor_msgs/include/moveit_task_constructor_msgs/moveit_task_constructor_msgs/msg/detail/trajectory_execution_info__type_support.cpp
-- Installing: /home/mario/master_ws/install/moveit_task_constructor_msgs/include/moveit_task_constructor_msgs/moveit_task_constructor_msgs/msg/detail/property__type_support.cpp
-- Installing: /home/mario/master_ws/install/moveit_task_constructor_msgs/include/moveit_task_constructor_msgs/moveit_task_constructor_msgs/msg/detail/solution__rosidl_typesupport_introspection_cpp.hpp
-- Installing: /home/mario/master_ws/install/moveit_task_constructor_msgs/include/moveit_task_constructor_msgs/moveit_task_constructor_msgs/msg/detail/solution__type_support.cpp
-- Installing: /home/mario/master_ws/install/moveit_task_constructor_msgs/lib/libmoveit_task_constructor_msgs__rosidl_typesupport_introspection_cpp.so
-- Set non-toolchain portion of runtime path of "/home/mario/master_ws/install/moveit_task_constructor_msgs/lib/libmoveit_task_constructor_msgs__rosidl_typesupport_introspection_cpp.so" to ""
-- Installing: /home/mario/master_ws/install/moveit_task_constructor_msgs/lib/libmoveit_task_constructor_msgs__rosidl_typesupport_cpp.so
-- Set non-toolchain portion of runtime path of "/home/mario/master_ws/install/moveit_task_constructor_msgs/lib/libmoveit_task_constructor_msgs__rosidl_typesupport_cpp.so" to ""
-- Installing: /home/mario/master_ws/install/moveit_task_constructor_msgs/share/moveit_task_constructor_msgs/environment/pythonpath.sh
-- Installing: /home/mario/master_ws/install/moveit_task_constructor_msgs/share/moveit_task_constructor_msgs/environment/pythonpath.dsv
-- Up-to-date: /home/mario/master_ws/install/moveit_task_constructor_msgs/lib/python3.12/site-packages/moveit_task_constructor_msgs-0.2.0-py3.12.egg-info
-- Installing: /home/mario/master_ws/install/moveit_task_constructor_msgs/lib/python3.12/site-packages/moveit_task_constructor_msgs-0.2.0-py3.12.egg-info/PKG-INFO
-- Installing: /home/mario/master_ws/install/moveit_task_constructor_msgs/lib/python3.12/site-packages/moveit_task_constructor_msgs-0.2.0-py3.12.egg-info/top_level.txt
-- Installing: /home/mario/master_ws/install/moveit_task_constructor_msgs/lib/python3.12/site-packages/moveit_task_constructor_msgs-0.2.0-py3.12.egg-info/SOURCES.txt
-- Installing: /home/mario/master_ws/install/moveit_task_constructor_msgs/lib/python3.12/site-packages/moveit_task_constructor_msgs-0.2.0-py3.12.egg-info/dependency_links.txt
-- Up-to-date: /home/mario/master_ws/install/moveit_task_constructor_msgs/lib/python3.12/site-packages/moveit_task_constructor_msgs
-- Up-to-date: /home/mario/master_ws/install/moveit_task_constructor_msgs/lib/python3.12/site-packages/moveit_task_constructor_msgs/action
-- Installing: /home/mario/master_ws/install/moveit_task_constructor_msgs/lib/python3.12/site-packages/moveit_task_constructor_msgs/action/_execute_task_solution_s.c
-- Installing: /home/mario/master_ws/install/moveit_task_constructor_msgs/lib/python3.12/site-packages/moveit_task_constructor_msgs/action/_execute_task_solution.py
-- Installing: /home/mario/master_ws/install/moveit_task_constructor_msgs/lib/python3.12/site-packages/moveit_task_constructor_msgs/action/__init__.py
-- Installing: /home/mario/master_ws/install/moveit_task_constructor_msgs/lib/python3.12/site-packages/moveit_task_constructor_msgs/_moveit_task_constructor_msgs_s.ep.rosidl_typesupport_fastrtps_c.c
-- Installing: /home/mario/master_ws/install/moveit_task_constructor_msgs/lib/python3.12/site-packages/moveit_task_constructor_msgs/_moveit_task_constructor_msgs_s.ep.rosidl_typesupport_c.c
-- Up-to-date: /home/mario/master_ws/install/moveit_task_constructor_msgs/lib/python3.12/site-packages/moveit_task_constructor_msgs/srv
-- Installing: /home/mario/master_ws/install/moveit_task_constructor_msgs/lib/python3.12/site-packages/moveit_task_constructor_msgs/srv/_get_solution_s.c
-- Installing: /home/mario/master_ws/install/moveit_task_constructor_msgs/lib/python3.12/site-packages/moveit_task_constructor_msgs/srv/_get_solution.py
-- Installing: /home/mario/master_ws/install/moveit_task_constructor_msgs/lib/python3.12/site-packages/moveit_task_constructor_msgs/srv/__init__.py
-- Installing: /home/mario/master_ws/install/moveit_task_constructor_msgs/lib/python3.12/site-packages/moveit_task_constructor_msgs/_moveit_task_constructor_msgs_s.ep.rosidl_typesupport_introspection_c.c
-- Installing: /home/mario/master_ws/install/moveit_task_constructor_msgs/lib/python3.12/site-packages/moveit_task_constructor_msgs/moveit_task_constructor_msgs_s__rosidl_typesupport_fastrtps_c.so
-- Installing: /home/mario/master_ws/install/moveit_task_constructor_msgs/lib/python3.12/site-packages/moveit_task_constructor_msgs/moveit_task_constructor_msgs_s__rosidl_typesupport_introspection_c.so
-- Installing: /home/mario/master_ws/install/moveit_task_constructor_msgs/lib/python3.12/site-packages/moveit_task_constructor_msgs/moveit_task_constructor_msgs_s__rosidl_typesupport_c.so
-- Up-to-date: /home/mario/master_ws/install/moveit_task_constructor_msgs/lib/python3.12/site-packages/moveit_task_constructor_msgs/msg
-- Installing: /home/mario/master_ws/install/moveit_task_constructor_msgs/lib/python3.12/site-packages/moveit_task_constructor_msgs/msg/_sub_solution_s.c
-- Installing: /home/mario/master_ws/install/moveit_task_constructor_msgs/lib/python3.12/site-packages/moveit_task_constructor_msgs/msg/_stage_statistics_s.c
-- Installing: /home/mario/master_ws/install/moveit_task_constructor_msgs/lib/python3.12/site-packages/moveit_task_constructor_msgs/msg/_stage_statistics.py
-- Installing: /home/mario/master_ws/install/moveit_task_constructor_msgs/lib/python3.12/site-packages/moveit_task_constructor_msgs/msg/_trajectory_execution_info_s.c
-- Installing: /home/mario/master_ws/install/moveit_task_constructor_msgs/lib/python3.12/site-packages/moveit_task_constructor_msgs/msg/_solution_info_s.c
-- Installing: /home/mario/master_ws/install/moveit_task_constructor_msgs/lib/python3.12/site-packages/moveit_task_constructor_msgs/msg/_sub_trajectory_s.c
-- Installing: /home/mario/master_ws/install/moveit_task_constructor_msgs/lib/python3.12/site-packages/moveit_task_constructor_msgs/msg/_trajectory_execution_info.py
-- Installing: /home/mario/master_ws/install/moveit_task_constructor_msgs/lib/python3.12/site-packages/moveit_task_constructor_msgs/msg/_task_description.py
-- Installing: /home/mario/master_ws/install/moveit_task_constructor_msgs/lib/python3.12/site-packages/moveit_task_constructor_msgs/msg/_solution.py
-- Installing: /home/mario/master_ws/install/moveit_task_constructor_msgs/lib/python3.12/site-packages/moveit_task_constructor_msgs/msg/_solution_info.py
-- Installing: /home/mario/master_ws/install/moveit_task_constructor_msgs/lib/python3.12/site-packages/moveit_task_constructor_msgs/msg/_sub_trajectory.py
-- Installing: /home/mario/master_ws/install/moveit_task_constructor_msgs/lib/python3.12/site-packages/moveit_task_constructor_msgs/msg/_sub_solution.py
-- Installing: /home/mario/master_ws/install/moveit_task_constructor_msgs/lib/python3.12/site-packages/moveit_task_constructor_msgs/msg/_task_statistics_s.c
-- Installing: /home/mario/master_ws/install/moveit_task_constructor_msgs/lib/python3.12/site-packages/moveit_task_constructor_msgs/msg/_stage_description_s.c
-- Installing: /home/mario/master_ws/install/moveit_task_constructor_msgs/lib/python3.12/site-packages/moveit_task_constructor_msgs/msg/_solution_s.c
-- Installing: /home/mario/master_ws/install/moveit_task_constructor_msgs/lib/python3.12/site-packages/moveit_task_constructor_msgs/msg/_task_statistics.py
-- Installing: /home/mario/master_ws/install/moveit_task_constructor_msgs/lib/python3.12/site-packages/moveit_task_constructor_msgs/msg/_property_s.c
-- Installing: /home/mario/master_ws/install/moveit_task_constructor_msgs/lib/python3.12/site-packages/moveit_task_constructor_msgs/msg/_stage_description.py
-- Installing: /home/mario/master_ws/install/moveit_task_constructor_msgs/lib/python3.12/site-packages/moveit_task_constructor_msgs/msg/__init__.py
-- Installing: /home/mario/master_ws/install/moveit_task_constructor_msgs/lib/python3.12/site-packages/moveit_task_constructor_msgs/msg/_property.py
-- Installing: /home/mario/master_ws/install/moveit_task_constructor_msgs/lib/python3.12/site-packages/moveit_task_constructor_msgs/msg/_task_description_s.c
-- Installing: /home/mario/master_ws/install/moveit_task_constructor_msgs/lib/python3.12/site-packages/moveit_task_constructor_msgs/__init__.py
Listing '/home/mario/master_ws/install/moveit_task_constructor_msgs/lib/python3.12/site-packages/moveit_task_constructor_msgs'...
Compiling '/home/mario/master_ws/install/moveit_task_constructor_msgs/lib/python3.12/site-packages/moveit_task_constructor_msgs/__init__.py'...
Listing '/home/mario/master_ws/install/moveit_task_constructor_msgs/lib/python3.12/site-packages/moveit_task_constructor_msgs/action'...
Compiling '/home/mario/master_ws/install/moveit_task_constructor_msgs/lib/python3.12/site-packages/moveit_task_constructor_msgs/action/__init__.py'...
Compiling '/home/mario/master_ws/install/moveit_task_constructor_msgs/lib/python3.12/site-packages/moveit_task_constructor_msgs/action/_execute_task_solution.py'...
Listing '/home/mario/master_ws/install/moveit_task_constructor_msgs/lib/python3.12/site-packages/moveit_task_constructor_msgs/msg'...
Compiling '/home/mario/master_ws/install/moveit_task_constructor_msgs/lib/python3.12/site-packages/moveit_task_constructor_msgs/msg/__init__.py'...
Compiling '/home/mario/master_ws/install/moveit_task_constructor_msgs/lib/python3.12/site-packages/moveit_task_constructor_msgs/msg/_property.py'...
Compiling '/home/mario/master_ws/install/moveit_task_constructor_msgs/lib/python3.12/site-packages/moveit_task_constructor_msgs/msg/_solution.py'...
Compiling '/home/mario/master_ws/install/moveit_task_constructor_msgs/lib/python3.12/site-packages/moveit_task_constructor_msgs/msg/_solution_info.py'...
Compiling '/home/mario/master_ws/install/moveit_task_constructor_msgs/lib/python3.12/site-packages/moveit_task_constructor_msgs/msg/_stage_description.py'...
Compiling '/home/mario/master_ws/install/moveit_task_constructor_msgs/lib/python3.12/site-packages/moveit_task_constructor_msgs/msg/_stage_statistics.py'...
Compiling '/home/mario/master_ws/install/moveit_task_constructor_msgs/lib/python3.12/site-packages/moveit_task_constructor_msgs/msg/_sub_solution.py'...
Compiling '/home/mario/master_ws/install/moveit_task_constructor_msgs/lib/python3.12/site-packages/moveit_task_constructor_msgs/msg/_sub_trajectory.py'...
Compiling '/home/mario/master_ws/install/moveit_task_constructor_msgs/lib/python3.12/site-packages/moveit_task_constructor_msgs/msg/_task_description.py'...
Compiling '/home/mario/master_ws/install/moveit_task_constructor_msgs/lib/python3.12/site-packages/moveit_task_constructor_msgs/msg/_task_statistics.py'...
Compiling '/home/mario/master_ws/install/moveit_task_constructor_msgs/lib/python3.12/site-packages/moveit_task_constructor_msgs/msg/_trajectory_execution_info.py'...
Listing '/home/mario/master_ws/install/moveit_task_constructor_msgs/lib/python3.12/site-packages/moveit_task_constructor_msgs/srv'...
Compiling '/home/mario/master_ws/install/moveit_task_constructor_msgs/lib/python3.12/site-packages/moveit_task_constructor_msgs/srv/__init__.py'...
Compiling '/home/mario/master_ws/install/moveit_task_constructor_msgs/lib/python3.12/site-packages/moveit_task_constructor_msgs/srv/_get_solution.py'...
-- Installing: /home/mario/master_ws/install/moveit_task_constructor_msgs/lib/python3.12/site-packages/moveit_task_constructor_msgs/moveit_task_constructor_msgs_s__rosidl_typesupport_fastrtps_c.so
-- Set non-toolchain portion of runtime path of "/home/mario/master_ws/install/moveit_task_constructor_msgs/lib/python3.12/site-packages/moveit_task_constructor_msgs/moveit_task_constructor_msgs_s__rosidl_typesupport_fastrtps_c.so" to ""
-- Installing: /home/mario/master_ws/install/moveit_task_constructor_msgs/lib/python3.12/site-packages/moveit_task_constructor_msgs/moveit_task_constructor_msgs_s__rosidl_typesupport_introspection_c.so
-- Set non-toolchain portion of runtime path of "/home/mario/master_ws/install/moveit_task_constructor_msgs/lib/python3.12/site-packages/moveit_task_constructor_msgs/moveit_task_constructor_msgs_s__rosidl_typesupport_introspection_c.so" to ""
-- Installing: /home/mario/master_ws/install/moveit_task_constructor_msgs/lib/python3.12/site-packages/moveit_task_constructor_msgs/moveit_task_constructor_msgs_s__rosidl_typesupport_c.so
-- Set non-toolchain portion of runtime path of "/home/mario/master_ws/install/moveit_task_constructor_msgs/lib/python3.12/site-packages/moveit_task_constructor_msgs/moveit_task_constructor_msgs_s__rosidl_typesupport_c.so" to ""
-- Installing: /home/mario/master_ws/install/moveit_task_constructor_msgs/lib/libmoveit_task_constructor_msgs__rosidl_generator_py.so
-- Set non-toolchain portion of runtime path of "/home/mario/master_ws/install/moveit_task_constructor_msgs/lib/libmoveit_task_constructor_msgs__rosidl_generator_py.so" to ""
-- Installing: /home/mario/master_ws/install/moveit_task_constructor_msgs/share/ament_index/resource_index/rust_packages/moveit_task_constructor_msgs
-- Up-to-date: /home/mario/master_ws/install/moveit_task_constructor_msgs/share/moveit_task_constructor_msgs/rust
-- Installing: /home/mario/master_ws/install/moveit_task_constructor_msgs/share/moveit_task_constructor_msgs/rust/Cargo.toml
-- Installing: /home/mario/master_ws/install/moveit_task_constructor_msgs/share/moveit_task_constructor_msgs/rust/build.rs
-- Up-to-date: /home/mario/master_ws/install/moveit_task_constructor_msgs/share/moveit_task_constructor_msgs/rust/src
-- Up-to-date: /home/mario/master_ws/install/moveit_task_constructor_msgs/share/moveit_task_constructor_msgs/rust/src/action
-- Installing: /home/mario/master_ws/install/moveit_task_constructor_msgs/share/moveit_task_constructor_msgs/rust/src/action/rmw.rs
-- Installing: /home/mario/master_ws/install/moveit_task_constructor_msgs/share/moveit_task_constructor_msgs/rust/src/srv.rs
-- Up-to-date: /home/mario/master_ws/install/moveit_task_constructor_msgs/share/moveit_task_constructor_msgs/rust/src/srv
-- Installing: /home/mario/master_ws/install/moveit_task_constructor_msgs/share/moveit_task_constructor_msgs/rust/src/srv/rmw.rs
-- Installing: /home/mario/master_ws/install/moveit_task_constructor_msgs/share/moveit_task_constructor_msgs/rust/src/lib.rs
-- Installing: /home/mario/master_ws/install/moveit_task_constructor_msgs/share/moveit_task_constructor_msgs/rust/src/msg.rs
-- Installing: /home/mario/master_ws/install/moveit_task_constructor_msgs/share/moveit_task_constructor_msgs/rust/src/action.rs
-- Up-to-date: /home/mario/master_ws/install/moveit_task_constructor_msgs/share/moveit_task_constructor_msgs/rust/src/msg
-- Installing: /home/mario/master_ws/install/moveit_task_constructor_msgs/share/moveit_task_constructor_msgs/rust/src/msg/rmw.rs
-- Installing: /home/mario/master_ws/install/moveit_task_constructor_msgs/share/moveit_task_constructor_msgs/msg/Property.idl
-- Installing: /home/mario/master_ws/install/moveit_task_constructor_msgs/share/moveit_task_constructor_msgs/msg/Solution.idl
-- Installing: /home/mario/master_ws/install/moveit_task_constructor_msgs/share/moveit_task_constructor_msgs/msg/SolutionInfo.idl
-- Installing: /home/mario/master_ws/install/moveit_task_constructor_msgs/share/moveit_task_constructor_msgs/msg/StageDescription.idl
-- Installing: /home/mario/master_ws/install/moveit_task_constructor_msgs/share/moveit_task_constructor_msgs/msg/StageStatistics.idl
-- Installing: /home/mario/master_ws/install/moveit_task_constructor_msgs/share/moveit_task_constructor_msgs/msg/SubSolution.idl
-- Installing: /home/mario/master_ws/install/moveit_task_constructor_msgs/share/moveit_task_constructor_msgs/msg/SubTrajectory.idl
-- Installing: /home/mario/master_ws/install/moveit_task_constructor_msgs/share/moveit_task_constructor_msgs/msg/TaskDescription.idl
-- Installing: /home/mario/master_ws/install/moveit_task_constructor_msgs/share/moveit_task_constructor_msgs/msg/TaskStatistics.idl
-- Installing: /home/mario/master_ws/install/moveit_task_constructor_msgs/share/moveit_task_constructor_msgs/msg/TrajectoryExecutionInfo.idl
-- Installing: /home/mario/master_ws/install/moveit_task_constructor_msgs/share/moveit_task_constructor_msgs/srv/GetSolution.idl
-- Installing: /home/mario/master_ws/install/moveit_task_constructor_msgs/share/moveit_task_constructor_msgs/action/ExecuteTaskSolution.idl
-- Up-to-date: /home/mario/master_ws/install/moveit_task_constructor_msgs/share/moveit_task_constructor_msgs/msg/Property.msg
-- Up-to-date: /home/mario/master_ws/install/moveit_task_constructor_msgs/share/moveit_task_constructor_msgs/msg/Solution.msg
-- Up-to-date: /home/mario/master_ws/install/moveit_task_constructor_msgs/share/moveit_task_constructor_msgs/msg/SolutionInfo.msg
-- Up-to-date: /home/mario/master_ws/install/moveit_task_constructor_msgs/share/moveit_task_constructor_msgs/msg/StageDescription.msg
-- Up-to-date: /home/mario/master_ws/install/moveit_task_constructor_msgs/share/moveit_task_constructor_msgs/msg/StageStatistics.msg
-- Up-to-date: /home/mario/master_ws/install/moveit_task_constructor_msgs/share/moveit_task_constructor_msgs/msg/SubSolution.msg
-- Up-to-date: /home/mario/master_ws/install/moveit_task_constructor_msgs/share/moveit_task_constructor_msgs/msg/SubTrajectory.msg
-- Up-to-date: /home/mario/master_ws/install/moveit_task_constructor_msgs/share/moveit_task_constructor_msgs/msg/TaskDescription.msg
-- Up-to-date: /home/mario/master_ws/install/moveit_task_constructor_msgs/share/moveit_task_constructor_msgs/msg/TaskStatistics.msg
-- Up-to-date: /home/mario/master_ws/install/moveit_task_constructor_msgs/share/moveit_task_constructor_msgs/msg/TrajectoryExecutionInfo.msg
-- Up-to-date: /home/mario/master_ws/install/moveit_task_constructor_msgs/share/moveit_task_constructor_msgs/srv/GetSolution.srv
-- Up-to-date: /home/mario/master_ws/install/moveit_task_constructor_msgs/share/moveit_task_constructor_msgs/action/ExecuteTaskSolution.action
-- Installing: /home/mario/master_ws/install/moveit_task_constructor_msgs/share/ament_index/resource_index/package_run_dependencies/moveit_task_constructor_msgs
-- Installing: /home/mario/master_ws/install/moveit_task_constructor_msgs/share/ament_index/resource_index/parent_prefix_path/moveit_task_constructor_msgs
-- Up-to-date: /home/mario/master_ws/install/moveit_task_constructor_msgs/share/moveit_task_constructor_msgs/environment/ament_prefix_path.sh
-- Installing: /home/mario/master_ws/install/moveit_task_constructor_msgs/share/moveit_task_constructor_msgs/environment/ament_prefix_path.dsv
-- Up-to-date: /home/mario/master_ws/install/moveit_task_constructor_msgs/share/moveit_task_constructor_msgs/environment/path.sh
-- Installing: /home/mario/master_ws/install/moveit_task_constructor_msgs/share/moveit_task_constructor_msgs/environment/path.dsv
-- Installing: /home/mario/master_ws/install/moveit_task_constructor_msgs/share/moveit_task_constructor_msgs/local_setup.bash
-- Installing: /home/mario/master_ws/install/moveit_task_constructor_msgs/share/moveit_task_constructor_msgs/local_setup.sh
-- Installing: /home/mario/master_ws/install/moveit_task_constructor_msgs/share/moveit_task_constructor_msgs/local_setup.zsh
-- Installing: /home/mario/master_ws/install/moveit_task_constructor_msgs/share/moveit_task_constructor_msgs/local_setup.dsv
-- Installing: /home/mario/master_ws/install/moveit_task_constructor_msgs/share/moveit_task_constructor_msgs/package.dsv
-- Installing: /home/mario/master_ws/install/moveit_task_constructor_msgs/share/ament_index/resource_index/packages/moveit_task_constructor_msgs
-- Installing: /home/mario/master_ws/install/moveit_task_constructor_msgs/share/moveit_task_constructor_msgs/cmake/export_moveit_task_constructor_msgs__rosidl_generator_cExport.cmake
-- Installing: /home/mario/master_ws/install/moveit_task_constructor_msgs/share/moveit_task_constructor_msgs/cmake/export_moveit_task_constructor_msgs__rosidl_generator_cExport-noconfig.cmake
-- Installing: /home/mario/master_ws/install/moveit_task_constructor_msgs/share/moveit_task_constructor_msgs/cmake/export_moveit_task_constructor_msgs__rosidl_typesupport_fastrtps_cExport.cmake
-- Installing: /home/mario/master_ws/install/moveit_task_constructor_msgs/share/moveit_task_constructor_msgs/cmake/export_moveit_task_constructor_msgs__rosidl_typesupport_fastrtps_cExport-noconfig.cmake
-- Installing: /home/mario/master_ws/install/moveit_task_constructor_msgs/share/moveit_task_constructor_msgs/cmake/export_moveit_task_constructor_msgs__rosidl_generator_cppExport.cmake
-- Installing: /home/mario/master_ws/install/moveit_task_constructor_msgs/share/moveit_task_constructor_msgs/cmake/export_moveit_task_constructor_msgs__rosidl_typesupport_fastrtps_cppExport.cmake
-- Installing: /home/mario/master_ws/install/moveit_task_constructor_msgs/share/moveit_task_constructor_msgs/cmake/export_moveit_task_constructor_msgs__rosidl_typesupport_fastrtps_cppExport-noconfig.cmake
-- Installing: /home/mario/master_ws/install/moveit_task_constructor_msgs/share/moveit_task_constructor_msgs/cmake/moveit_task_constructor_msgs__rosidl_typesupport_introspection_cExport.cmake
-- Installing: /home/mario/master_ws/install/moveit_task_constructor_msgs/share/moveit_task_constructor_msgs/cmake/moveit_task_constructor_msgs__rosidl_typesupport_introspection_cExport-noconfig.cmake
-- Installing: /home/mario/master_ws/install/moveit_task_constructor_msgs/share/moveit_task_constructor_msgs/cmake/moveit_task_constructor_msgs__rosidl_typesupport_cExport.cmake
-- Installing: /home/mario/master_ws/install/moveit_task_constructor_msgs/share/moveit_task_constructor_msgs/cmake/moveit_task_constructor_msgs__rosidl_typesupport_cExport-noconfig.cmake
-- Installing: /home/mario/master_ws/install/moveit_task_constructor_msgs/share/moveit_task_constructor_msgs/cmake/moveit_task_constructor_msgs__rosidl_typesupport_introspection_cppExport.cmake
-- Installing: /home/mario/master_ws/install/moveit_task_constructor_msgs/share/moveit_task_constructor_msgs/cmake/moveit_task_constructor_msgs__rosidl_typesupport_introspection_cppExport-noconfig.cmake
-- Installing: /home/mario/master_ws/install/moveit_task_constructor_msgs/share/moveit_task_constructor_msgs/cmake/moveit_task_constructor_msgs__rosidl_typesupport_cppExport.cmake
-- Installing: /home/mario/master_ws/install/moveit_task_constructor_msgs/share/moveit_task_constructor_msgs/cmake/moveit_task_constructor_msgs__rosidl_typesupport_cppExport-noconfig.cmake
-- Installing: /home/mario/master_ws/install/moveit_task_constructor_msgs/share/moveit_task_constructor_msgs/cmake/export_moveit_task_constructor_msgs__rosidl_generator_pyExport.cmake
-- Installing: /home/mario/master_ws/install/moveit_task_constructor_msgs/share/moveit_task_constructor_msgs/cmake/export_moveit_task_constructor_msgs__rosidl_generator_pyExport-noconfig.cmake
-- Installing: /home/mario/master_ws/install/moveit_task_constructor_msgs/share/moveit_task_constructor_msgs/cmake/rosidl_cmake-extras.cmake
-- Installing: /home/mario/master_ws/install/moveit_task_constructor_msgs/share/moveit_task_constructor_msgs/cmake/ament_cmake_export_dependencies-extras.cmake
-- Installing: /home/mario/master_ws/install/moveit_task_constructor_msgs/share/moveit_task_constructor_msgs/cmake/ament_cmake_export_include_directories-extras.cmake
-- Installing: /home/mario/master_ws/install/moveit_task_constructor_msgs/share/moveit_task_constructor_msgs/cmake/ament_cmake_export_libraries-extras.cmake
-- Installing: /home/mario/master_ws/install/moveit_task_constructor_msgs/share/moveit_task_constructor_msgs/cmake/ament_cmake_export_targets-extras.cmake
-- Installing: /home/mario/master_ws/install/moveit_task_constructor_msgs/share/moveit_task_constructor_msgs/cmake/rosidl_cmake_export_typesupport_targets-extras.cmake
-- Installing: /home/mario/master_ws/install/moveit_task_constructor_msgs/share/moveit_task_constructor_msgs/cmake/rosidl_cmake_export_typesupport_libraries-extras.cmake
-- Installing: /home/mario/master_ws/install/moveit_task_constructor_msgs/share/moveit_task_constructor_msgs/cmake/rosidl_cmake_aggregate_target-extras.cmake
-- Installing: /home/mario/master_ws/install/moveit_task_constructor_msgs/share/moveit_task_constructor_msgs/cmake/moveit_task_constructor_msgsConfig.cmake
-- Installing: /home/mario/master_ws/install/moveit_task_constructor_msgs/share/moveit_task_constructor_msgs/cmake/moveit_task_constructor_msgsConfig-version.cmake
-- Up-to-date: /home/mario/master_ws/install/moveit_task_constructor_msgs/share/moveit_task_constructor_msgs/package.xml
